# V4 accolee avec excroissances decalees legerement vers le haut
# Base: 2_sphere_excroissances_spheriques_v4_accolees.obj
# Modification unique: translation globale des excroissances de +1.0 sur Y
v 0.000000 35.000000 0.000000
v 0.000000 35.000000 0.000000
v 0.000000 35.000000 0.000000
v 0.000000 35.000000 0.000000
v 0.000000 35.000000 0.000000
v 0.000000 35.000000 0.000000
v 0.000000 35.000000 0.000000
v 0.000000 35.000000 0.000000
v 0.000000 35.000000 0.000000
v 0.000000 35.000000 0.000000
v 0.000000 35.000000 0.000000
v 0.000000 35.000000 0.000000
v 0.000000 35.000000 0.000000
v 0.000000 35.000000 0.000000
v 0.000000 35.000000 0.000000
v 0.000000 35.000000 0.000000
v 0.000000 35.000000 0.000000
v 0.000000 35.000000 0.000000
v 0.000000 35.000000 0.000000
v 0.000000 35.000000 0.000000
v 0.000000 35.000000 0.000000
v 0.000000 35.000000 0.000000
v 0.000000 35.000000 0.000000
v 0.000000 35.000000 0.000000
v 0.000000 35.000000 0.000000
v 0.000000 35.000000 0.000000
v 0.000000 35.000000 0.000000
v 0.000000 35.000000 0.000000
v 0.000000 35.000000 0.000000
v 0.000000 35.000000 0.000000
v 0.000000 35.000000 0.000000
v 0.000000 35.000000 0.000000
v 0.000000 35.000000 0.000000
v 0.000000 35.000000 0.000000
v 0.000000 35.000000 0.000000
v 0.000000 35.000000 0.000000
v 0.000000 35.000000 0.000000
v 0.000000 35.000000 0.000000
v 0.000000 35.000000 0.000000
v 0.000000 35.000000 0.000000
v 0.000000 35.000000 0.000000
v 0.000000 35.000000 0.000000
v 0.000000 35.000000 0.000000
v 0.000000 35.000000 0.000000
v 0.000000 35.000000 0.000000
v 0.000000 35.000000 0.000000
v 0.000000 35.000000 0.000000
v 0.000000 35.000000 0.000000
v 0.000000 35.000000 0.000000
v 0.000000 35.000000 0.000000
v 0.000000 35.000000 0.000000
v 0.000000 35.000000 0.000000
v 0.000000 35.000000 0.000000
v 0.000000 35.000000 0.000000
v 0.000000 35.000000 0.000000
v 0.000000 35.000000 0.000000
v 3.918757 34.779927 0.000000
v 3.894116 34.779927 0.438762
v 3.820505 34.779927 0.872005
v 3.698849 34.779927 1.294283
v 3.530678 34.779927 1.700285
v 3.318106 34.779927 2.084904
v 3.063807 34.779927 2.443305
v 2.770979 34.779927 2.770979
v 2.443305 34.779927 3.063807
v 2.084904 34.779927 3.318106
v 1.700285 34.779927 3.530678
v 1.294283 34.779927 3.698849
v 0.872005 34.779927 3.820505
v 0.438762 34.779927 3.894116
v 0.000000 34.779927 3.918757
v -0.438762 34.779927 3.894116
v -0.872005 34.779927 3.820505
v -1.294283 34.779927 3.698849
v -1.700285 34.779927 3.530678
v -2.084904 34.779927 3.318106
v -2.443305 34.779927 3.063807
v -2.770979 34.779927 2.770979
v -3.063807 34.779927 2.443305
v -3.318106 34.779927 2.084904
v -3.530678 34.779927 1.700285
v -3.698849 34.779927 1.294283
v -3.820505 34.779927 0.872005
v -3.894116 34.779927 0.438762
v -3.918757 34.779927 0.000000
v -3.894116 34.779927 -0.438762
v -3.820505 34.779927 -0.872005
v -3.698849 34.779927 -1.294283
v -3.530678 34.779927 -1.700285
v -3.318106 34.779927 -2.084904
v -3.063807 34.779927 -2.443305
v -2.770979 34.779927 -2.770979
v -2.443305 34.779927 -3.063807
v -2.084904 34.779927 -3.318106
v -1.700285 34.779927 -3.530678
v -1.294283 34.779927 -3.698849
v -0.872005 34.779927 -3.820505
v -0.438762 34.779927 -3.894116
v -0.000000 34.779927 -3.918757
v 0.438762 34.779927 -3.894116
v 0.872005 34.779927 -3.820505
v 1.294283 34.779927 -3.698849
v 1.700285 34.779927 -3.530678
v 2.084904 34.779927 -3.318106
v 2.443305 34.779927 -3.063807
v 2.770979 34.779927 -2.770979
v 3.063807 34.779927 -2.443305
v 3.318106 34.779927 -2.084904
v 3.530678 34.779927 -1.700285
v 3.698849 34.779927 -1.294283
v 3.820505 34.779927 -0.872005
v 3.894116 34.779927 -0.438762
v 7.788233 34.122477 0.000000
v 7.739262 34.122477 0.872005
v 7.592965 34.122477 1.733045
v 7.351183 34.122477 2.572290
v 7.016955 34.122477 3.379188
v 6.594485 34.122477 4.143590
v 6.089086 34.122477 4.855884
v 5.507112 34.122477 5.507112
v 4.855884 34.122477 6.089086
v 4.143590 34.122477 6.594485
v 3.379188 34.122477 7.016955
v 2.572290 34.122477 7.351183
v 1.733045 34.122477 7.592965
v 0.872005 34.122477 7.739262
v 0.000000 34.122477 7.788233
v -0.872005 34.122477 7.739262
v -1.733045 34.122477 7.592965
v -2.572290 34.122477 7.351183
v -3.379188 34.122477 7.016955
v -4.143590 34.122477 6.594485
v -4.855884 34.122477 6.089086
v -5.507112 34.122477 5.507112
v -6.089086 34.122477 4.855884
v -6.594485 34.122477 4.143590
v -7.016955 34.122477 3.379188
v -7.351183 34.122477 2.572290
v -7.592965 34.122477 1.733045
v -7.739262 34.122477 0.872005
v -7.788233 34.122477 0.000000
v -7.739262 34.122477 -0.872005
v -7.592965 34.122477 -1.733045
v -7.351183 34.122477 -2.572290
v -7.016955 34.122477 -3.379188
v -6.594485 34.122477 -4.143590
v -6.089086 34.122477 -4.855884
v -5.507112 34.122477 -5.507112
v -4.855884 34.122477 -6.089086
v -4.143590 34.122477 -6.594485
v -3.379188 34.122477 -7.016955
v -2.572290 34.122477 -7.351183
v -1.733045 34.122477 -7.592965
v -0.872005 34.122477 -7.739262
v -0.000000 34.122477 -7.788233
v 0.872005 34.122477 -7.739262
v 1.733045 34.122477 -7.592965
v 2.572290 34.122477 -7.351183
v 3.379188 34.122477 -7.016955
v 4.143590 34.122477 -6.594485
v 4.855884 34.122477 -6.089086
v 5.507112 34.122477 -5.507112
v 6.089086 34.122477 -4.855884
v 6.594485 34.122477 -4.143590
v 7.016955 34.122477 -3.379188
v 7.351183 34.122477 -2.572290
v 7.592965 34.122477 -1.733045
v 7.739262 34.122477 -0.872005
v 11.559767 33.035917 0.000000
v 11.487082 33.035917 1.294283
v 11.269940 33.035917 2.572290
v 10.911072 33.035917 3.817949
v 10.414990 33.035917 5.015595
v 9.787935 33.035917 6.150167
v 9.037790 33.035917 7.207397
v 8.173990 33.035917 8.173990
v 7.207397 33.035917 9.037790
v 6.150167 33.035917 9.787935
v 5.015595 33.035917 10.414990
v 3.817949 33.035917 10.911072
v 2.572290 33.035917 11.269940
v 1.294283 33.035917 11.487082
v 0.000000 33.035917 11.559767
v -1.294283 33.035917 11.487082
v -2.572290 33.035917 11.269940
v -3.817949 33.035917 10.911072
v -5.015595 33.035917 10.414990
v -6.150167 33.035917 9.787935
v -7.207397 33.035917 9.037790
v -8.173990 33.035917 8.173990
v -9.037790 33.035917 7.207397
v -9.787935 33.035917 6.150167
v -10.414990 33.035917 5.015595
v -10.911072 33.035917 3.817949
v -11.269940 33.035917 2.572290
v -11.487082 33.035917 1.294283
v -11.559767 33.035917 0.000000
v -11.487082 33.035917 -1.294283
v -11.269940 33.035917 -2.572290
v -10.911072 33.035917 -3.817949
v -10.414990 33.035917 -5.015595
v -9.787935 33.035917 -6.150167
v -9.037790 33.035917 -7.207397
v -8.173990 33.035917 -8.173990
v -7.207397 33.035917 -9.037790
v -6.150167 33.035917 -9.787935
v -5.015595 33.035917 -10.414990
v -3.817949 33.035917 -10.911072
v -2.572290 33.035917 -11.269940
v -1.294283 33.035917 -11.487082
v -0.000000 33.035917 -11.559767
v 1.294283 33.035917 -11.487082
v 2.572290 33.035917 -11.269940
v 3.817949 33.035917 -10.911072
v 5.015595 33.035917 -10.414990
v 6.150167 33.035917 -9.787935
v 7.207397 33.035917 -9.037790
v 8.173990 33.035917 -8.173990
v 9.037790 33.035917 -7.207397
v 9.787935 33.035917 -6.150167
v 10.414990 33.035917 -5.015595
v 10.911072 33.035917 -3.817949
v 11.269940 33.035917 -2.572290
v 11.487082 33.035917 -1.294283
v 15.185931 31.533910 0.000000
v 15.090445 31.533910 1.700285
v 14.805188 31.533910 3.379188
v 14.333747 31.533910 5.015595
v 13.682051 31.533910 6.588928
v 12.858295 31.533910 8.079402
v 11.872839 31.533910 9.468273
v 10.738075 31.533910 10.738075
v 9.468273 31.533910 11.872839
v 8.079402 31.533910 12.858295
v 6.588928 31.533910 13.682051
v 5.015595 31.533910 14.333747
v 3.379188 31.533910 14.805188
v 1.700285 31.533910 15.090445
v 0.000000 31.533910 15.185931
v -1.700285 31.533910 15.090445
v -3.379188 31.533910 14.805188
v -5.015595 31.533910 14.333747
v -6.588928 31.533910 13.682051
v -8.079402 31.533910 12.858295
v -9.468273 31.533910 11.872839
v -10.738075 31.533910 10.738075
v -11.872839 31.533910 9.468273
v -12.858295 31.533910 8.079402
v -13.682051 31.533910 6.588928
v -14.333747 31.533910 5.015595
v -14.805188 31.533910 3.379188
v -15.090445 31.533910 1.700285
v -15.185931 31.533910 0.000000
v -15.090445 31.533910 -1.700285
v -14.805188 31.533910 -3.379188
v -14.333747 31.533910 -5.015595
v -13.682051 31.533910 -6.588928
v -12.858295 31.533910 -8.079402
v -11.872839 31.533910 -9.468273
v -10.738075 31.533910 -10.738075
v -9.468273 31.533910 -11.872839
v -8.079402 31.533910 -12.858295
v -6.588928 31.533910 -13.682051
v -5.015595 31.533910 -14.333747
v -3.379188 31.533910 -14.805188
v -1.700285 31.533910 -15.090445
v -0.000000 31.533910 -15.185931
v 1.700285 31.533910 -15.090445
v 3.379188 31.533910 -14.805188
v 5.015595 31.533910 -14.333747
v 6.588928 31.533910 -13.682051
v 8.079402 31.533910 -12.858295
v 9.468273 31.533910 -11.872839
v 10.738075 31.533910 -10.738075
v 11.872839 31.533910 -9.468273
v 12.858295 31.533910 -8.079402
v 13.682051 31.533910 -6.588928
v 14.333747 31.533910 -5.015595
v 14.805188 31.533910 -3.379188
v 15.090445 31.533910 -1.700285
v 18.621123 29.635347 0.000000
v 18.504037 29.635347 2.084904
v 18.154252 29.635347 4.143590
v 17.576167 29.635347 6.150167
v 16.777052 29.635347 8.079402
v 15.766955 29.635347 9.907035
v 14.558580 29.635347 11.610080
v 13.167122 29.635347 13.167122
v 11.610080 29.635347 14.558580
v 9.907035 29.635347 15.766955
v 8.079402 29.635347 16.777052
v 6.150167 29.635347 17.576167
v 4.143590 29.635347 18.154252
v 2.084904 29.635347 18.504037
v 0.000000 29.635347 18.621123
v -2.084904 29.635347 18.504037
v -4.143590 29.635347 18.154252
v -6.150167 29.635347 17.576167
v -8.079402 29.635347 16.777052
v -9.907035 29.635347 15.766955
v -11.610080 29.635347 14.558580
v -13.167122 29.635347 13.167122
v -14.558580 29.635347 11.610080
v -15.766955 29.635347 9.907035
v -16.777052 29.635347 8.079402
v -17.576167 29.635347 6.150167
v -18.154252 29.635347 4.143590
v -18.504037 29.635347 2.084904
v -18.621123 29.635347 0.000000
v -18.504037 29.635347 -2.084904
v -18.154252 29.635347 -4.143590
v -17.576167 29.635347 -6.150167
v -16.777052 29.635347 -8.079402
v -15.766955 29.635347 -9.907035
v -14.558580 29.635347 -11.610080
v -13.167122 29.635347 -13.167122
v -11.610080 29.635347 -14.558580
v -9.907035 29.635347 -15.766955
v -8.079402 29.635347 -16.777052
v -6.150167 29.635347 -17.576167
v -4.143590 29.635347 -18.154252
v -2.084904 29.635347 -18.504037
v -0.000000 29.635347 -18.621123
v 2.084904 29.635347 -18.504037
v 4.143590 29.635347 -18.154252
v 6.150167 29.635347 -17.576167
v 8.079402 29.635347 -16.777052
v 9.907035 29.635347 -15.766955
v 11.610080 29.635347 -14.558580
v 13.167122 29.635347 -13.167122
v 14.558580 29.635347 -11.610080
v 15.766955 29.635347 -9.907035
v 16.777052 29.635347 -8.079402
v 17.576167 29.635347 -6.150167
v 18.154252 29.635347 -4.143590
v 18.504037 29.635347 -2.084904
v 21.822143 27.364102 0.000000
v 21.684930 27.364102 2.443305
v 21.275016 27.364102 4.855884
v 20.597557 27.364102 7.207397
v 19.661072 27.364102 9.468273
v 18.477337 27.364102 11.610080
v 17.061238 27.364102 13.605884
v 15.430585 27.364102 15.430585
v 13.605884 27.364102 17.061238
v 11.610080 27.364102 18.477337
v 9.468273 27.364102 19.661072
v 7.207397 27.364102 20.597557
v 4.855884 27.364102 21.275016
v 2.443305 27.364102 21.684930
v 0.000000 27.364102 21.822143
v -2.443305 27.364102 21.684930
v -4.855884 27.364102 21.275016
v -7.207397 27.364102 20.597557
v -9.468273 27.364102 19.661072
v -11.610080 27.364102 18.477337
v -13.605884 27.364102 17.061238
v -15.430585 27.364102 15.430585
v -17.061238 27.364102 13.605884
v -18.477337 27.364102 11.610080
v -19.661072 27.364102 9.468273
v -20.597557 27.364102 7.207397
v -21.275016 27.364102 4.855884
v -21.684930 27.364102 2.443305
v -21.822143 27.364102 0.000000
v -21.684930 27.364102 -2.443305
v -21.275016 27.364102 -4.855884
v -20.597557 27.364102 -7.207397
v -19.661072 27.364102 -9.468273
v -18.477337 27.364102 -11.610080
v -17.061238 27.364102 -13.605884
v -15.430585 27.364102 -15.430585
v -13.605884 27.364102 -17.061238
v -11.610080 27.364102 -18.477337
v -9.468273 27.364102 -19.661072
v -7.207397 27.364102 -20.597557
v -4.855884 27.364102 -21.275016
v -2.443305 27.364102 -21.684930
v -0.000000 27.364102 -21.822143
v 2.443305 27.364102 -21.684930
v 4.855884 27.364102 -21.275016
v 7.207397 27.364102 -20.597557
v 9.468273 27.364102 -19.661072
v 11.610080 27.364102 -18.477337
v 13.605884 27.364102 -17.061238
v 15.430585 27.364102 -15.430585
v 17.061238 27.364102 -13.605884
v 18.477337 27.364102 -11.610080
v 19.661072 27.364102 -9.468273
v 20.597557 27.364102 -7.207397
v 21.275016 27.364102 -4.855884
v 21.684930 27.364102 -2.443305
v 24.748737 24.748737 0.000000
v 24.593122 24.748737 2.770979
v 24.128235 24.748737 5.507112
v 23.359921 24.748737 8.173990
v 22.297842 24.748737 10.738075
v 20.955355 24.748737 13.167122
v 19.349342 24.748737 15.430585
v 17.500000 24.748737 17.500000
v 15.430585 24.748737 19.349342
v 13.167122 24.748737 20.955355
v 10.738075 24.748737 22.297842
v 8.173990 24.748737 23.359921
v 5.507112 24.748737 24.128235
v 2.770979 24.748737 24.593122
v 0.000000 24.748737 24.748737
v -2.770979 24.748737 24.593122
v -5.507112 24.748737 24.128235
v -8.173990 24.748737 23.359921
v -10.738075 24.748737 22.297842
v -13.167122 24.748737 20.955355
v -15.430585 24.748737 19.349342
v -17.500000 24.748737 17.500000
v -19.349342 24.748737 15.430585
v -20.955355 24.748737 13.167122
v -22.297842 24.748737 10.738075
v -23.359921 24.748737 8.173990
v -24.128235 24.748737 5.507112
v -24.593122 24.748737 2.770979
v -24.748737 24.748737 0.000000
v -24.593122 24.748737 -2.770979
v -24.128235 24.748737 -5.507112
v -23.359921 24.748737 -8.173990
v -22.297842 24.748737 -10.738075
v -20.955355 24.748737 -13.167122
v -19.349342 24.748737 -15.430585
v -17.500000 24.748737 -17.500000
v -15.430585 24.748737 -19.349342
v -13.167122 24.748737 -20.955355
v -10.738075 24.748737 -22.297842
v -8.173990 24.748737 -23.359921
v -5.507112 24.748737 -24.128235
v -2.770979 24.748737 -24.593122
v -0.000000 24.748737 -24.748737
v 2.770979 24.748737 -24.593122
v 5.507112 24.748737 -24.128235
v 8.173990 24.748737 -23.359921
v 10.738075 24.748737 -22.297842
v 13.167122 24.748737 -20.955355
v 15.430585 24.748737 -19.349342
v 17.500000 24.748737 -17.500000
v 19.349342 24.748737 -15.430585
v 20.955355 24.748737 -13.167122
v 22.297842 24.748737 -10.738075
v 23.359921 24.748737 -8.173990
v 24.128235 24.748737 -5.507112
v 24.593122 24.748737 -2.770979
v 27.364102 21.822143 0.000000
v 27.192042 21.822143 3.063807
v 26.678027 21.822143 6.089086
v 25.828520 21.822143 9.037790
v 24.654204 21.822143 11.872839
v 23.169847 21.822143 14.558580
v 21.394116 21.822143 17.061238
v 19.349342 21.822143 19.349342
v 17.061238 21.822143 21.394116
v 14.558580 21.822143 23.169847
v 11.872839 21.822143 24.654204
v 9.037790 21.822143 25.828520
v 6.089086 21.822143 26.678027
v 3.063807 21.822143 27.192042
v 0.000000 21.822143 27.364102
v -3.063807 21.822143 27.192042
v -6.089086 21.822143 26.678027
v -9.037790 21.822143 25.828520
v -11.872839 21.822143 24.654204
v -14.558580 21.822143 23.169847
v -17.061238 21.822143 21.394116
v -19.349342 21.822143 19.349342
v -21.394116 21.822143 17.061238
v -23.169847 21.822143 14.558580
v -24.654204 21.822143 11.872839
v -25.828520 21.822143 9.037790
v -26.678027 21.822143 6.089086
v -27.192042 21.822143 3.063807
v -27.364102 21.822143 0.000000
v -27.192042 21.822143 -3.063807
v -26.678027 21.822143 -6.089086
v -25.828520 21.822143 -9.037790
v -24.654204 21.822143 -11.872839
v -23.169847 21.822143 -14.558580
v -21.394116 21.822143 -17.061238
v -19.349342 21.822143 -19.349342
v -17.061238 21.822143 -21.394116
v -14.558580 21.822143 -23.169847
v -11.872839 21.822143 -24.654204
v -9.037790 21.822143 -25.828520
v -6.089086 21.822143 -26.678027
v -3.063807 21.822143 -27.192042
v -0.000000 21.822143 -27.364102
v 3.063807 21.822143 -27.192042
v 6.089086 21.822143 -26.678027
v 9.037790 21.822143 -25.828520
v 11.872839 21.822143 -24.654204
v 14.558580 21.822143 -23.169847
v 17.061238 21.822143 -21.394116
v 19.349342 21.822143 -19.349342
v 21.394116 21.822143 -17.061238
v 23.169847 21.822143 -14.558580
v 24.654204 21.822143 -11.872839
v 25.828520 21.822143 -9.037790
v 26.678027 21.822143 -6.089086
v 27.192042 21.822143 -3.063807
v 29.635347 18.621123 0.000000
v 29.449006 18.621123 3.318106
v 28.892327 18.621123 6.594485
v 27.972310 18.621123 9.787935
v 26.700525 18.621123 12.858295
v 25.092965 18.621123 15.766955
v 23.169847 18.621123 18.477337
v 20.955355 18.621123 20.955355
v 18.477337 18.621123 23.169847
v 15.766955 18.621123 25.092965
v 12.858295 18.621123 26.700525
v 9.787935 18.621123 27.972310
v 6.594485 18.621123 28.892327
v 3.318106 18.621123 29.449006
v 0.000000 18.621123 29.635347
v -3.318106 18.621123 29.449006
v -6.594485 18.621123 28.892327
v -9.787935 18.621123 27.972310
v -12.858295 18.621123 26.700525
v -15.766955 18.621123 25.092965
v -18.477337 18.621123 23.169847
v -20.955355 18.621123 20.955355
v -23.169847 18.621123 18.477337
v -25.092965 18.621123 15.766955
v -26.700525 18.621123 12.858295
v -27.972310 18.621123 9.787935
v -28.892327 18.621123 6.594485
v -29.449006 18.621123 3.318106
v -29.635347 18.621123 0.000000
v -29.449006 18.621123 -3.318106
v -28.892327 18.621123 -6.594485
v -27.972310 18.621123 -9.787935
v -26.700525 18.621123 -12.858295
v -25.092965 18.621123 -15.766955
v -23.169847 18.621123 -18.477337
v -20.955355 18.621123 -20.955355
v -18.477337 18.621123 -23.169847
v -15.766955 18.621123 -25.092965
v -12.858295 18.621123 -26.700525
v -9.787935 18.621123 -27.972310
v -6.594485 18.621123 -28.892327
v -3.318106 18.621123 -29.449006
v -0.000000 18.621123 -29.635347
v 3.318106 18.621123 -29.449006
v 6.594485 18.621123 -28.892327
v 9.787935 18.621123 -27.972310
v 12.858295 18.621123 -26.700525
v 15.766955 18.621123 -25.092965
v 18.477337 18.621123 -23.169847
v 20.955355 18.621123 -20.955355
v 23.169847 18.621123 -18.477337
v 25.092965 18.621123 -15.766955
v 26.700525 18.621123 -12.858295
v 27.972310 18.621123 -9.787935
v 28.892327 18.621123 -6.594485
v 29.449006 18.621123 -3.318106
v 31.533910 15.185931 0.000000
v 31.335632 15.185931 3.530678
v 30.743289 15.185931 7.016955
v 29.764332 15.185931 10.414990
v 28.411072 15.185931 13.682051
v 26.700525 15.185931 16.777052
v 24.654204 15.185931 19.661072
v 22.297842 15.185931 22.297842
v 19.661072 15.185931 24.654204
v 16.777052 15.185931 26.700525
v 13.682051 15.185931 28.411072
v 10.414990 15.185931 29.764332
v 7.016955 15.185931 30.743289
v 3.530678 15.185931 31.335632
v 0.000000 15.185931 31.533910
v -3.530678 15.185931 31.335632
v -7.016955 15.185931 30.743289
v -10.414990 15.185931 29.764332
v -13.682051 15.185931 28.411072
v -16.777052 15.185931 26.700525
v -19.661072 15.185931 24.654204
v -22.297842 15.185931 22.297842
v -24.654204 15.185931 19.661072
v -26.700525 15.185931 16.777052
v -28.411072 15.185931 13.682051
v -29.764332 15.185931 10.414990
v -30.743289 15.185931 7.016955
v -31.335632 15.185931 3.530678
v -31.533910 15.185931 0.000000
v -31.335632 15.185931 -3.530678
v -30.743289 15.185931 -7.016955
v -29.764332 15.185931 -10.414990
v -28.411072 15.185931 -13.682051
v -26.700525 15.185931 -16.777052
v -24.654204 15.185931 -19.661072
v -22.297842 15.185931 -22.297842
v -19.661072 15.185931 -24.654204
v -16.777052 15.185931 -26.700525
v -13.682051 15.185931 -28.411072
v -10.414990 15.185931 -29.764332
v -7.016955 15.185931 -30.743289
v -3.530678 15.185931 -31.335632
v -0.000000 15.185931 -31.533910
v 3.530678 15.185931 -31.335632
v 7.016955 15.185931 -30.743289
v 10.414990 15.185931 -29.764332
v 13.682051 15.185931 -28.411072
v 16.777052 15.185931 -26.700525
v 19.661072 15.185931 -24.654204
v 22.297842 15.185931 -22.297842
v 24.654204 15.185931 -19.661072
v 26.700525 15.185931 -16.777052
v 28.411072 15.185931 -13.682051
v 29.764332 15.185931 -10.414990
v 30.743289 15.185931 -7.016955
v 31.335632 15.185931 -3.530678
v 33.035917 11.559767 0.000000
v 32.828194 11.559767 3.698849
v 32.207637 11.559767 7.351183
v 31.182051 11.559767 10.911072
v 29.764332 11.559767 14.333747
v 27.972310 11.559767 17.576167
v 25.828520 11.559767 20.597557
v 23.359921 11.559767 23.359921
v 20.597557 11.559767 25.828520
v 17.576167 11.559767 27.972310
v 14.333747 11.559767 29.764332
v 10.911072 11.559767 31.182051
v 7.351183 11.559767 32.207637
v 3.698849 11.559767 32.828194
v 0.000000 11.559767 33.035917
v -3.698849 11.559767 32.828194
v -7.351183 11.559767 32.207637
v -10.911072 11.559767 31.182051
v -14.333747 11.559767 29.764332
v -17.576167 11.559767 27.972310
v -20.597557 11.559767 25.828520
v -23.359921 11.559767 23.359921
v -25.828520 11.559767 20.597557
v -27.972310 11.559767 17.576167
v -29.764332 11.559767 14.333747
v -31.182051 11.559767 10.911072
v -32.207637 11.559767 7.351183
v -32.828194 11.559767 3.698849
v -33.035917 11.559767 0.000000
v -32.828194 11.559767 -3.698849
v -32.207637 11.559767 -7.351183
v -31.182051 11.559767 -10.911072
v -29.764332 11.559767 -14.333747
v -27.972310 11.559767 -17.576167
v -25.828520 11.559767 -20.597557
v -23.359921 11.559767 -23.359921
v -20.597557 11.559767 -25.828520
v -17.576167 11.559767 -27.972310
v -14.333747 11.559767 -29.764332
v -10.911072 11.559767 -31.182051
v -7.351183 11.559767 -32.207637
v -3.698849 11.559767 -32.828194
v -0.000000 11.559767 -33.035917
v 3.698849 11.559767 -32.828194
v 7.351183 11.559767 -32.207637
v 10.911072 11.559767 -31.182051
v 14.333747 11.559767 -29.764332
v 17.576167 11.559767 -27.972310
v 20.597557 11.559767 -25.828520
v 23.359921 11.559767 -23.359921
v 25.828520 11.559767 -20.597557
v 27.972310 11.559767 -17.576167
v 29.764332 11.559767 -14.333747
v 31.182051 11.559767 -10.911072
v 32.207637 11.559767 -7.351183
v 32.828194 11.559767 -3.698849
v 34.122477 7.788233 0.000000
v 33.907922 7.788233 3.820505
v 33.266955 7.788233 7.592965
v 32.207637 7.788233 11.269940
v 30.743289 7.788233 14.805188
v 28.892327 7.788233 18.154252
v 26.678027 7.788233 21.275016
v 24.128235 7.788233 24.128235
v 21.275016 7.788233 26.678027
v 18.154252 7.788233 28.892327
v 14.805188 7.788233 30.743289
v 11.269940 7.788233 32.207637
v 7.592965 7.788233 33.266955
v 3.820505 7.788233 33.907922
v 0.000000 7.788233 34.122477
v -3.820505 7.788233 33.907922
v -7.592965 7.788233 33.266955
v -11.269940 7.788233 32.207637
v -14.805188 7.788233 30.743289
v -18.154252 7.788233 28.892327
v -21.275016 7.788233 26.678027
v -24.128235 7.788233 24.128235
v -26.678027 7.788233 21.275016
v -28.892327 7.788233 18.154252
v -30.743289 7.788233 14.805188
v -32.207637 7.788233 11.269940
v -33.266955 7.788233 7.592965
v -33.907922 7.788233 3.820505
v -34.122477 7.788233 0.000000
v -33.907922 7.788233 -3.820505
v -33.266955 7.788233 -7.592965
v -32.207637 7.788233 -11.269940
v -30.743289 7.788233 -14.805188
v -28.892327 7.788233 -18.154252
v -26.678027 7.788233 -21.275016
v -24.128235 7.788233 -24.128235
v -21.275016 7.788233 -26.678027
v -18.154252 7.788233 -28.892327
v -14.805188 7.788233 -30.743289
v -11.269940 7.788233 -32.207637
v -7.592965 7.788233 -33.266955
v -3.820505 7.788233 -33.907922
v -0.000000 7.788233 -34.122477
v 3.820505 7.788233 -33.907922
v 7.592965 7.788233 -33.266955
v 11.269940 7.788233 -32.207637
v 14.805188 7.788233 -30.743289
v 18.154252 7.788233 -28.892327
v 21.275016 7.788233 -26.678027
v 24.128235 7.788233 -24.128235
v 26.678027 7.788233 -21.275016
v 28.892327 7.788233 -18.154252
v 30.743289 7.788233 -14.805188
v 32.207637 7.788233 -11.269940
v 33.266955 7.788233 -7.592965
v 33.907922 7.788233 -3.820505
v 34.779927 3.918757 0.000000
v 34.561238 3.918757 3.894116
v 33.907922 3.918757 7.739262
v 32.828194 3.918757 11.487082
v 31.335632 3.918757 15.090445
v 29.449006 3.918757 18.504037
v 27.192042 3.918757 21.684930
v 24.593122 3.918757 24.593122
v 21.684930 3.918757 27.192042
v 18.504037 3.918757 29.449006
v 15.090445 3.918757 31.335632
v 11.487082 3.918757 32.828194
v 7.739262 3.918757 33.907922
v 3.894116 3.918757 34.561238
v 0.000000 3.918757 34.779927
v -3.894116 3.918757 34.561238
v -7.739262 3.918757 33.907922
v -11.487082 3.918757 32.828194
v -15.090445 3.918757 31.335632
v -18.504037 3.918757 29.449006
v -21.684930 3.918757 27.192042
v -24.593122 3.918757 24.593122
v -27.192042 3.918757 21.684930
v -29.449006 3.918757 18.504037
v -31.335632 3.918757 15.090445
v -32.828194 3.918757 11.487082
v -33.907922 3.918757 7.739262
v -34.561238 3.918757 3.894116
v -34.779927 3.918757 0.000000
v -34.561238 3.918757 -3.894116
v -33.907922 3.918757 -7.739262
v -32.828194 3.918757 -11.487082
v -31.335632 3.918757 -15.090445
v -29.449006 3.918757 -18.504037
v -27.192042 3.918757 -21.684930
v -24.593122 3.918757 -24.593122
v -21.684930 3.918757 -27.192042
v -18.504037 3.918757 -29.449006
v -15.090445 3.918757 -31.335632
v -11.487082 3.918757 -32.828194
v -7.739262 3.918757 -33.907922
v -3.894116 3.918757 -34.561238
v -0.000000 3.918757 -34.779927
v 3.894116 3.918757 -34.561238
v 7.739262 3.918757 -33.907922
v 11.487082 3.918757 -32.828194
v 15.090445 3.918757 -31.335632
v 18.504037 3.918757 -29.449006
v 21.684930 3.918757 -27.192042
v 24.593122 3.918757 -24.593122
v 27.192042 3.918757 -21.684930
v 29.449006 3.918757 -18.504037
v 31.335632 3.918757 -15.090445
v 32.828194 3.918757 -11.487082
v 33.907922 3.918757 -7.739262
v 34.561238 3.918757 -3.894116
v 35.000000 0.000000 0.000000
v 34.779927 0.000000 3.918757
v 34.122477 0.000000 7.788233
v 33.035917 0.000000 11.559767
v 31.533910 0.000000 15.185931
v 29.635347 0.000000 18.621123
v 27.364102 0.000000 21.822143
v 24.748737 0.000000 24.748737
v 21.822143 0.000000 27.364102
v 18.621123 0.000000 29.635347
v 15.185931 0.000000 31.533910
v 11.559767 0.000000 33.035917
v 7.788233 0.000000 34.122477
v 3.918757 0.000000 34.779927
v 0.000000 0.000000 35.000000
v -3.918757 0.000000 34.779927
v -7.788233 0.000000 34.122477
v -11.559767 0.000000 33.035917
v -15.185931 0.000000 31.533910
v -18.621123 0.000000 29.635347
v -21.822143 0.000000 27.364102
v -24.748737 0.000000 24.748737
v -27.364102 0.000000 21.822143
v -29.635347 0.000000 18.621123
v -31.533910 0.000000 15.185931
v -33.035917 0.000000 11.559767
v -34.122477 0.000000 7.788233
v -34.779927 0.000000 3.918757
v -35.000000 0.000000 0.000000
v -34.779927 0.000000 -3.918757
v -34.122477 0.000000 -7.788233
v -33.035917 0.000000 -11.559767
v -31.533910 0.000000 -15.185931
v -29.635347 0.000000 -18.621123
v -27.364102 0.000000 -21.822143
v -24.748737 0.000000 -24.748737
v -21.822143 0.000000 -27.364102
v -18.621123 0.000000 -29.635347
v -15.185931 0.000000 -31.533910
v -11.559767 0.000000 -33.035917
v -7.788233 0.000000 -34.122477
v -3.918757 0.000000 -34.779927
v -0.000000 0.000000 -35.000000
v 3.918757 0.000000 -34.779927
v 7.788233 0.000000 -34.122477
v 11.559767 0.000000 -33.035917
v 15.185931 0.000000 -31.533910
v 18.621123 0.000000 -29.635347
v 21.822143 0.000000 -27.364102
v 24.748737 0.000000 -24.748737
v 27.364102 0.000000 -21.822143
v 29.635347 0.000000 -18.621123
v 31.533910 0.000000 -15.185931
v 33.035917 0.000000 -11.559767
v 34.122477 0.000000 -7.788233
v 34.779927 0.000000 -3.918757
v 34.779927 -3.918757 0.000000
v 34.561238 -3.918757 3.894116
v 33.907922 -3.918757 7.739262
v 32.828194 -3.918757 11.487082
v 31.335632 -3.918757 15.090445
v 29.449006 -3.918757 18.504037
v 27.192042 -3.918757 21.684930
v 24.593122 -3.918757 24.593122
v 21.684930 -3.918757 27.192042
v 18.504037 -3.918757 29.449006
v 15.090445 -3.918757 31.335632
v 11.487082 -3.918757 32.828194
v 7.739262 -3.918757 33.907922
v 3.894116 -3.918757 34.561238
v 0.000000 -3.918757 34.779927
v -3.894116 -3.918757 34.561238
v -7.739262 -3.918757 33.907922
v -11.487082 -3.918757 32.828194
v -15.090445 -3.918757 31.335632
v -18.504037 -3.918757 29.449006
v -21.684930 -3.918757 27.192042
v -24.593122 -3.918757 24.593122
v -27.192042 -3.918757 21.684930
v -29.449006 -3.918757 18.504037
v -31.335632 -3.918757 15.090445
v -32.828194 -3.918757 11.487082
v -33.907922 -3.918757 7.739262
v -34.561238 -3.918757 3.894116
v -34.779927 -3.918757 0.000000
v -34.561238 -3.918757 -3.894116
v -33.907922 -3.918757 -7.739262
v -32.828194 -3.918757 -11.487082
v -31.335632 -3.918757 -15.090445
v -29.449006 -3.918757 -18.504037
v -27.192042 -3.918757 -21.684930
v -24.593122 -3.918757 -24.593122
v -21.684930 -3.918757 -27.192042
v -18.504037 -3.918757 -29.449006
v -15.090445 -3.918757 -31.335632
v -11.487082 -3.918757 -32.828194
v -7.739262 -3.918757 -33.907922
v -3.894116 -3.918757 -34.561238
v -0.000000 -3.918757 -34.779927
v 3.894116 -3.918757 -34.561238
v 7.739262 -3.918757 -33.907922
v 11.487082 -3.918757 -32.828194
v 15.090445 -3.918757 -31.335632
v 18.504037 -3.918757 -29.449006
v 21.684930 -3.918757 -27.192042
v 24.593122 -3.918757 -24.593122
v 27.192042 -3.918757 -21.684930
v 29.449006 -3.918757 -18.504037
v 31.335632 -3.918757 -15.090445
v 32.828194 -3.918757 -11.487082
v 33.907922 -3.918757 -7.739262
v 34.561238 -3.918757 -3.894116
v 34.122477 -7.788233 0.000000
v 33.907922 -7.788233 3.820505
v 33.266955 -7.788233 7.592965
v 32.207637 -7.788233 11.269940
v 30.743289 -7.788233 14.805188
v 28.892327 -7.788233 18.154252
v 26.678027 -7.788233 21.275016
v 24.128235 -7.788233 24.128235
v 21.275016 -7.788233 26.678027
v 18.154252 -7.788233 28.892327
v 14.805188 -7.788233 30.743289
v 11.269940 -7.788233 32.207637
v 7.592965 -7.788233 33.266955
v 3.820505 -7.788233 33.907922
v 0.000000 -7.788233 34.122477
v -3.820505 -7.788233 33.907922
v -7.592965 -7.788233 33.266955
v -11.269940 -7.788233 32.207637
v -14.805188 -7.788233 30.743289
v -18.154252 -7.788233 28.892327
v -21.275016 -7.788233 26.678027
v -24.128235 -7.788233 24.128235
v -26.678027 -7.788233 21.275016
v -28.892327 -7.788233 18.154252
v -30.743289 -7.788233 14.805188
v -32.207637 -7.788233 11.269940
v -33.266955 -7.788233 7.592965
v -33.907922 -7.788233 3.820505
v -34.122477 -7.788233 0.000000
v -33.907922 -7.788233 -3.820505
v -33.266955 -7.788233 -7.592965
v -32.207637 -7.788233 -11.269940
v -30.743289 -7.788233 -14.805188
v -28.892327 -7.788233 -18.154252
v -26.678027 -7.788233 -21.275016
v -24.128235 -7.788233 -24.128235
v -21.275016 -7.788233 -26.678027
v -18.154252 -7.788233 -28.892327
v -14.805188 -7.788233 -30.743289
v -11.269940 -7.788233 -32.207637
v -7.592965 -7.788233 -33.266955
v -3.820505 -7.788233 -33.907922
v -0.000000 -7.788233 -34.122477
v 3.820505 -7.788233 -33.907922
v 7.592965 -7.788233 -33.266955
v 11.269940 -7.788233 -32.207637
v 14.805188 -7.788233 -30.743289
v 18.154252 -7.788233 -28.892327
v 21.275016 -7.788233 -26.678027
v 24.128235 -7.788233 -24.128235
v 26.678027 -7.788233 -21.275016
v 28.892327 -7.788233 -18.154252
v 30.743289 -7.788233 -14.805188
v 32.207637 -7.788233 -11.269940
v 33.266955 -7.788233 -7.592965
v 33.907922 -7.788233 -3.820505
v 33.035917 -11.559767 0.000000
v 32.828194 -11.559767 3.698849
v 32.207637 -11.559767 7.351183
v 31.182051 -11.559767 10.911072
v 29.764332 -11.559767 14.333747
v 27.972310 -11.559767 17.576167
v 25.828520 -11.559767 20.597557
v 23.359921 -11.559767 23.359921
v 20.597557 -11.559767 25.828520
v 17.576167 -11.559767 27.972310
v 14.333747 -11.559767 29.764332
v 10.911072 -11.559767 31.182051
v 7.351183 -11.559767 32.207637
v 3.698849 -11.559767 32.828194
v 0.000000 -11.559767 33.035917
v -3.698849 -11.559767 32.828194
v -7.351183 -11.559767 32.207637
v -10.911072 -11.559767 31.182051
v -14.333747 -11.559767 29.764332
v -17.576167 -11.559767 27.972310
v -20.597557 -11.559767 25.828520
v -23.359921 -11.559767 23.359921
v -25.828520 -11.559767 20.597557
v -27.972310 -11.559767 17.576167
v -29.764332 -11.559767 14.333747
v -31.182051 -11.559767 10.911072
v -32.207637 -11.559767 7.351183
v -32.828194 -11.559767 3.698849
v -33.035917 -11.559767 0.000000
v -32.828194 -11.559767 -3.698849
v -32.207637 -11.559767 -7.351183
v -31.182051 -11.559767 -10.911072
v -29.764332 -11.559767 -14.333747
v -27.972310 -11.559767 -17.576167
v -25.828520 -11.559767 -20.597557
v -23.359921 -11.559767 -23.359921
v -20.597557 -11.559767 -25.828520
v -17.576167 -11.559767 -27.972310
v -14.333747 -11.559767 -29.764332
v -10.911072 -11.559767 -31.182051
v -7.351183 -11.559767 -32.207637
v -3.698849 -11.559767 -32.828194
v -0.000000 -11.559767 -33.035917
v 3.698849 -11.559767 -32.828194
v 7.351183 -11.559767 -32.207637
v 10.911072 -11.559767 -31.182051
v 14.333747 -11.559767 -29.764332
v 17.576167 -11.559767 -27.972310
v 20.597557 -11.559767 -25.828520
v 23.359921 -11.559767 -23.359921
v 25.828520 -11.559767 -20.597557
v 27.972310 -11.559767 -17.576167
v 29.764332 -11.559767 -14.333747
v 31.182051 -11.559767 -10.911072
v 32.207637 -11.559767 -7.351183
v 32.828194 -11.559767 -3.698849
v 31.533910 -15.185931 0.000000
v 31.335632 -15.185931 3.530678
v 30.743289 -15.185931 7.016955
v 29.764332 -15.185931 10.414990
v 28.411072 -15.185931 13.682051
v 26.700525 -15.185931 16.777052
v 24.654204 -15.185931 19.661072
v 22.297842 -15.185931 22.297842
v 19.661072 -15.185931 24.654204
v 16.777052 -15.185931 26.700525
v 13.682051 -15.185931 28.411072
v 10.414990 -15.185931 29.764332
v 7.016955 -15.185931 30.743289
v 3.530678 -15.185931 31.335632
v 0.000000 -15.185931 31.533910
v -3.530678 -15.185931 31.335632
v -7.016955 -15.185931 30.743289
v -10.414990 -15.185931 29.764332
v -13.682051 -15.185931 28.411072
v -16.777052 -15.185931 26.700525
v -19.661072 -15.185931 24.654204
v -22.297842 -15.185931 22.297842
v -24.654204 -15.185931 19.661072
v -26.700525 -15.185931 16.777052
v -28.411072 -15.185931 13.682051
v -29.764332 -15.185931 10.414990
v -30.743289 -15.185931 7.016955
v -31.335632 -15.185931 3.530678
v -31.533910 -15.185931 0.000000
v -31.335632 -15.185931 -3.530678
v -30.743289 -15.185931 -7.016955
v -29.764332 -15.185931 -10.414990
v -28.411072 -15.185931 -13.682051
v -26.700525 -15.185931 -16.777052
v -24.654204 -15.185931 -19.661072
v -22.297842 -15.185931 -22.297842
v -19.661072 -15.185931 -24.654204
v -16.777052 -15.185931 -26.700525
v -13.682051 -15.185931 -28.411072
v -10.414990 -15.185931 -29.764332
v -7.016955 -15.185931 -30.743289
v -3.530678 -15.185931 -31.335632
v -0.000000 -15.185931 -31.533910
v 3.530678 -15.185931 -31.335632
v 7.016955 -15.185931 -30.743289
v 10.414990 -15.185931 -29.764332
v 13.682051 -15.185931 -28.411072
v 16.777052 -15.185931 -26.700525
v 19.661072 -15.185931 -24.654204
v 22.297842 -15.185931 -22.297842
v 24.654204 -15.185931 -19.661072
v 26.700525 -15.185931 -16.777052
v 28.411072 -15.185931 -13.682051
v 29.764332 -15.185931 -10.414990
v 30.743289 -15.185931 -7.016955
v 31.335632 -15.185931 -3.530678
v 29.635347 -18.621123 0.000000
v 29.449006 -18.621123 3.318106
v 28.892327 -18.621123 6.594485
v 27.972310 -18.621123 9.787935
v 26.700525 -18.621123 12.858295
v 25.092965 -18.621123 15.766955
v 23.169847 -18.621123 18.477337
v 20.955355 -18.621123 20.955355
v 18.477337 -18.621123 23.169847
v 15.766955 -18.621123 25.092965
v 12.858295 -18.621123 26.700525
v 9.787935 -18.621123 27.972310
v 6.594485 -18.621123 28.892327
v 3.318106 -18.621123 29.449006
v 0.000000 -18.621123 29.635347
v -3.318106 -18.621123 29.449006
v -6.594485 -18.621123 28.892327
v -9.787935 -18.621123 27.972310
v -12.858295 -18.621123 26.700525
v -15.766955 -18.621123 25.092965
v -18.477337 -18.621123 23.169847
v -20.955355 -18.621123 20.955355
v -23.169847 -18.621123 18.477337
v -25.092965 -18.621123 15.766955
v -26.700525 -18.621123 12.858295
v -27.972310 -18.621123 9.787935
v -28.892327 -18.621123 6.594485
v -29.449006 -18.621123 3.318106
v -29.635347 -18.621123 0.000000
v -29.449006 -18.621123 -3.318106
v -28.892327 -18.621123 -6.594485
v -27.972310 -18.621123 -9.787935
v -26.700525 -18.621123 -12.858295
v -25.092965 -18.621123 -15.766955
v -23.169847 -18.621123 -18.477337
v -20.955355 -18.621123 -20.955355
v -18.477337 -18.621123 -23.169847
v -15.766955 -18.621123 -25.092965
v -12.858295 -18.621123 -26.700525
v -9.787935 -18.621123 -27.972310
v -6.594485 -18.621123 -28.892327
v -3.318106 -18.621123 -29.449006
v -0.000000 -18.621123 -29.635347
v 3.318106 -18.621123 -29.449006
v 6.594485 -18.621123 -28.892327
v 9.787935 -18.621123 -27.972310
v 12.858295 -18.621123 -26.700525
v 15.766955 -18.621123 -25.092965
v 18.477337 -18.621123 -23.169847
v 20.955355 -18.621123 -20.955355
v 23.169847 -18.621123 -18.477337
v 25.092965 -18.621123 -15.766955
v 26.700525 -18.621123 -12.858295
v 27.972310 -18.621123 -9.787935
v 28.892327 -18.621123 -6.594485
v 29.449006 -18.621123 -3.318106
v 27.364102 -21.822143 0.000000
v 27.192042 -21.822143 3.063807
v 26.678027 -21.822143 6.089086
v 25.828520 -21.822143 9.037790
v 24.654204 -21.822143 11.872839
v 23.169847 -21.822143 14.558580
v 21.394116 -21.822143 17.061238
v 19.349342 -21.822143 19.349342
v 17.061238 -21.822143 21.394116
v 14.558580 -21.822143 23.169847
v 11.872839 -21.822143 24.654204
v 9.037790 -21.822143 25.828520
v 6.089086 -21.822143 26.678027
v 3.063807 -21.822143 27.192042
v 0.000000 -21.822143 27.364102
v -3.063807 -21.822143 27.192042
v -6.089086 -21.822143 26.678027
v -9.037790 -21.822143 25.828520
v -11.872839 -21.822143 24.654204
v -14.558580 -21.822143 23.169847
v -17.061238 -21.822143 21.394116
v -19.349342 -21.822143 19.349342
v -21.394116 -21.822143 17.061238
v -23.169847 -21.822143 14.558580
v -24.654204 -21.822143 11.872839
v -25.828520 -21.822143 9.037790
v -26.678027 -21.822143 6.089086
v -27.192042 -21.822143 3.063807
v -27.364102 -21.822143 0.000000
v -27.192042 -21.822143 -3.063807
v -26.678027 -21.822143 -6.089086
v -25.828520 -21.822143 -9.037790
v -24.654204 -21.822143 -11.872839
v -23.169847 -21.822143 -14.558580
v -21.394116 -21.822143 -17.061238
v -19.349342 -21.822143 -19.349342
v -17.061238 -21.822143 -21.394116
v -14.558580 -21.822143 -23.169847
v -11.872839 -21.822143 -24.654204
v -9.037790 -21.822143 -25.828520
v -6.089086 -21.822143 -26.678027
v -3.063807 -21.822143 -27.192042
v -0.000000 -21.822143 -27.364102
v 3.063807 -21.822143 -27.192042
v 6.089086 -21.822143 -26.678027
v 9.037790 -21.822143 -25.828520
v 11.872839 -21.822143 -24.654204
v 14.558580 -21.822143 -23.169847
v 17.061238 -21.822143 -21.394116
v 19.349342 -21.822143 -19.349342
v 21.394116 -21.822143 -17.061238
v 23.169847 -21.822143 -14.558580
v 24.654204 -21.822143 -11.872839
v 25.828520 -21.822143 -9.037790
v 26.678027 -21.822143 -6.089086
v 27.192042 -21.822143 -3.063807
v 24.748737 -24.748737 0.000000
v 24.593122 -24.748737 2.770979
v 24.128235 -24.748737 5.507112
v 23.359921 -24.748737 8.173990
v 22.297842 -24.748737 10.738075
v 20.955355 -24.748737 13.167122
v 19.349342 -24.748737 15.430585
v 17.500000 -24.748737 17.500000
v 15.430585 -24.748737 19.349342
v 13.167122 -24.748737 20.955355
v 10.738075 -24.748737 22.297842
v 8.173990 -24.748737 23.359921
v 5.507112 -24.748737 24.128235
v 2.770979 -24.748737 24.593122
v 0.000000 -24.748737 24.748737
v -2.770979 -24.748737 24.593122
v -5.507112 -24.748737 24.128235
v -8.173990 -24.748737 23.359921
v -10.738075 -24.748737 22.297842
v -13.167122 -24.748737 20.955355
v -15.430585 -24.748737 19.349342
v -17.500000 -24.748737 17.500000
v -19.349342 -24.748737 15.430585
v -20.955355 -24.748737 13.167122
v -22.297842 -24.748737 10.738075
v -23.359921 -24.748737 8.173990
v -24.128235 -24.748737 5.507112
v -24.593122 -24.748737 2.770979
v -24.748737 -24.748737 0.000000
v -24.593122 -24.748737 -2.770979
v -24.128235 -24.748737 -5.507112
v -23.359921 -24.748737 -8.173990
v -22.297842 -24.748737 -10.738075
v -20.955355 -24.748737 -13.167122
v -19.349342 -24.748737 -15.430585
v -17.500000 -24.748737 -17.500000
v -15.430585 -24.748737 -19.349342
v -13.167122 -24.748737 -20.955355
v -10.738075 -24.748737 -22.297842
v -8.173990 -24.748737 -23.359921
v -5.507112 -24.748737 -24.128235
v -2.770979 -24.748737 -24.593122
v -0.000000 -24.748737 -24.748737
v 2.770979 -24.748737 -24.593122
v 5.507112 -24.748737 -24.128235
v 8.173990 -24.748737 -23.359921
v 10.738075 -24.748737 -22.297842
v 13.167122 -24.748737 -20.955355
v 15.430585 -24.748737 -19.349342
v 17.500000 -24.748737 -17.500000
v 19.349342 -24.748737 -15.430585
v 20.955355 -24.748737 -13.167122
v 22.297842 -24.748737 -10.738075
v 23.359921 -24.748737 -8.173990
v 24.128235 -24.748737 -5.507112
v 24.593122 -24.748737 -2.770979
v 21.822143 -27.364102 0.000000
v 21.684930 -27.364102 2.443305
v 21.275016 -27.364102 4.855884
v 20.597557 -27.364102 7.207397
v 19.661072 -27.364102 9.468273
v 18.477337 -27.364102 11.610080
v 17.061238 -27.364102 13.605884
v 15.430585 -27.364102 15.430585
v 13.605884 -27.364102 17.061238
v 11.610080 -27.364102 18.477337
v 9.468273 -27.364102 19.661072
v 7.207397 -27.364102 20.597557
v 4.855884 -27.364102 21.275016
v 2.443305 -27.364102 21.684930
v 0.000000 -27.364102 21.822143
v -2.443305 -27.364102 21.684930
v -4.855884 -27.364102 21.275016
v -7.207397 -27.364102 20.597557
v -9.468273 -27.364102 19.661072
v -11.610080 -27.364102 18.477337
v -13.605884 -27.364102 17.061238
v -15.430585 -27.364102 15.430585
v -17.061238 -27.364102 13.605884
v -18.477337 -27.364102 11.610080
v -19.661072 -27.364102 9.468273
v -20.597557 -27.364102 7.207397
v -21.275016 -27.364102 4.855884
v -21.684930 -27.364102 2.443305
v -21.822143 -27.364102 0.000000
v -21.684930 -27.364102 -2.443305
v -21.275016 -27.364102 -4.855884
v -20.597557 -27.364102 -7.207397
v -19.661072 -27.364102 -9.468273
v -18.477337 -27.364102 -11.610080
v -17.061238 -27.364102 -13.605884
v -15.430585 -27.364102 -15.430585
v -13.605884 -27.364102 -17.061238
v -11.610080 -27.364102 -18.477337
v -9.468273 -27.364102 -19.661072
v -7.207397 -27.364102 -20.597557
v -4.855884 -27.364102 -21.275016
v -2.443305 -27.364102 -21.684930
v -0.000000 -27.364102 -21.822143
v 2.443305 -27.364102 -21.684930
v 4.855884 -27.364102 -21.275016
v 7.207397 -27.364102 -20.597557
v 9.468273 -27.364102 -19.661072
v 11.610080 -27.364102 -18.477337
v 13.605884 -27.364102 -17.061238
v 15.430585 -27.364102 -15.430585
v 17.061238 -27.364102 -13.605884
v 18.477337 -27.364102 -11.610080
v 19.661072 -27.364102 -9.468273
v 20.597557 -27.364102 -7.207397
v 21.275016 -27.364102 -4.855884
v 21.684930 -27.364102 -2.443305
v 18.621123 -29.635347 0.000000
v 18.504037 -29.635347 2.084904
v 18.154252 -29.635347 4.143590
v 17.576167 -29.635347 6.150167
v 16.777052 -29.635347 8.079402
v 15.766955 -29.635347 9.907035
v 14.558580 -29.635347 11.610080
v 13.167122 -29.635347 13.167122
v 11.610080 -29.635347 14.558580
v 9.907035 -29.635347 15.766955
v 8.079402 -29.635347 16.777052
v 6.150167 -29.635347 17.576167
v 4.143590 -29.635347 18.154252
v 2.084904 -29.635347 18.504037
v 0.000000 -29.635347 18.621123
v -2.084904 -29.635347 18.504037
v -4.143590 -29.635347 18.154252
v -6.150167 -29.635347 17.576167
v -8.079402 -29.635347 16.777052
v -9.907035 -29.635347 15.766955
v -11.610080 -29.635347 14.558580
v -13.167122 -29.635347 13.167122
v -14.558580 -29.635347 11.610080
v -15.766955 -29.635347 9.907035
v -16.777052 -29.635347 8.079402
v -17.576167 -29.635347 6.150167
v -18.154252 -29.635347 4.143590
v -18.504037 -29.635347 2.084904
v -18.621123 -29.635347 0.000000
v -18.504037 -29.635347 -2.084904
v -18.154252 -29.635347 -4.143590
v -17.576167 -29.635347 -6.150167
v -16.777052 -29.635347 -8.079402
v -15.766955 -29.635347 -9.907035
v -14.558580 -29.635347 -11.610080
v -13.167122 -29.635347 -13.167122
v -11.610080 -29.635347 -14.558580
v -9.907035 -29.635347 -15.766955
v -8.079402 -29.635347 -16.777052
v -6.150167 -29.635347 -17.576167
v -4.143590 -29.635347 -18.154252
v -2.084904 -29.635347 -18.504037
v -0.000000 -29.635347 -18.621123
v 2.084904 -29.635347 -18.504037
v 4.143590 -29.635347 -18.154252
v 6.150167 -29.635347 -17.576167
v 8.079402 -29.635347 -16.777052
v 9.907035 -29.635347 -15.766955
v 11.610080 -29.635347 -14.558580
v 13.167122 -29.635347 -13.167122
v 14.558580 -29.635347 -11.610080
v 15.766955 -29.635347 -9.907035
v 16.777052 -29.635347 -8.079402
v 17.576167 -29.635347 -6.150167
v 18.154252 -29.635347 -4.143590
v 18.504037 -29.635347 -2.084904
v 15.185931 -31.533910 0.000000
v 15.090445 -31.533910 1.700285
v 14.805188 -31.533910 3.379188
v 14.333747 -31.533910 5.015595
v 13.682051 -31.533910 6.588928
v 12.858295 -31.533910 8.079402
v 11.872839 -31.533910 9.468273
v 10.738075 -31.533910 10.738075
v 9.468273 -31.533910 11.872839
v 8.079402 -31.533910 12.858295
v 6.588928 -31.533910 13.682051
v 5.015595 -31.533910 14.333747
v 3.379188 -31.533910 14.805188
v 1.700285 -31.533910 15.090445
v 0.000000 -31.533910 15.185931
v -1.700285 -31.533910 15.090445
v -3.379188 -31.533910 14.805188
v -5.015595 -31.533910 14.333747
v -6.588928 -31.533910 13.682051
v -8.079402 -31.533910 12.858295
v -9.468273 -31.533910 11.872839
v -10.738075 -31.533910 10.738075
v -11.872839 -31.533910 9.468273
v -12.858295 -31.533910 8.079402
v -13.682051 -31.533910 6.588928
v -14.333747 -31.533910 5.015595
v -14.805188 -31.533910 3.379188
v -15.090445 -31.533910 1.700285
v -15.185931 -31.533910 0.000000
v -15.090445 -31.533910 -1.700285
v -14.805188 -31.533910 -3.379188
v -14.333747 -31.533910 -5.015595
v -13.682051 -31.533910 -6.588928
v -12.858295 -31.533910 -8.079402
v -11.872839 -31.533910 -9.468273
v -10.738075 -31.533910 -10.738075
v -9.468273 -31.533910 -11.872839
v -8.079402 -31.533910 -12.858295
v -6.588928 -31.533910 -13.682051
v -5.015595 -31.533910 -14.333747
v -3.379188 -31.533910 -14.805188
v -1.700285 -31.533910 -15.090445
v -0.000000 -31.533910 -15.185931
v 1.700285 -31.533910 -15.090445
v 3.379188 -31.533910 -14.805188
v 5.015595 -31.533910 -14.333747
v 6.588928 -31.533910 -13.682051
v 8.079402 -31.533910 -12.858295
v 9.468273 -31.533910 -11.872839
v 10.738075 -31.533910 -10.738075
v 11.872839 -31.533910 -9.468273
v 12.858295 -31.533910 -8.079402
v 13.682051 -31.533910 -6.588928
v 14.333747 -31.533910 -5.015595
v 14.805188 -31.533910 -3.379188
v 15.090445 -31.533910 -1.700285
v 11.559767 -33.035917 0.000000
v 11.487082 -33.035917 1.294283
v 11.269940 -33.035917 2.572290
v 10.911072 -33.035917 3.817949
v 10.414990 -33.035917 5.015595
v 9.787935 -33.035917 6.150167
v 9.037790 -33.035917 7.207397
v 8.173990 -33.035917 8.173990
v 7.207397 -33.035917 9.037790
v 6.150167 -33.035917 9.787935
v 5.015595 -33.035917 10.414990
v 3.817949 -33.035917 10.911072
v 2.572290 -33.035917 11.269940
v 1.294283 -33.035917 11.487082
v 0.000000 -33.035917 11.559767
v -1.294283 -33.035917 11.487082
v -2.572290 -33.035917 11.269940
v -3.817949 -33.035917 10.911072
v -5.015595 -33.035917 10.414990
v -6.150167 -33.035917 9.787935
v -7.207397 -33.035917 9.037790
v -8.173990 -33.035917 8.173990
v -9.037790 -33.035917 7.207397
v -9.787935 -33.035917 6.150167
v -10.414990 -33.035917 5.015595
v -10.911072 -33.035917 3.817949
v -11.269940 -33.035917 2.572290
v -11.487082 -33.035917 1.294283
v -11.559767 -33.035917 0.000000
v -11.487082 -33.035917 -1.294283
v -11.269940 -33.035917 -2.572290
v -10.911072 -33.035917 -3.817949
v -10.414990 -33.035917 -5.015595
v -9.787935 -33.035917 -6.150167
v -9.037790 -33.035917 -7.207397
v -8.173990 -33.035917 -8.173990
v -7.207397 -33.035917 -9.037790
v -6.150167 -33.035917 -9.787935
v -5.015595 -33.035917 -10.414990
v -3.817949 -33.035917 -10.911072
v -2.572290 -33.035917 -11.269940
v -1.294283 -33.035917 -11.487082
v -0.000000 -33.035917 -11.559767
v 1.294283 -33.035917 -11.487082
v 2.572290 -33.035917 -11.269940
v 3.817949 -33.035917 -10.911072
v 5.015595 -33.035917 -10.414990
v 6.150167 -33.035917 -9.787935
v 7.207397 -33.035917 -9.037790
v 8.173990 -33.035917 -8.173990
v 9.037790 -33.035917 -7.207397
v 9.787935 -33.035917 -6.150167
v 10.414990 -33.035917 -5.015595
v 10.911072 -33.035917 -3.817949
v 11.269940 -33.035917 -2.572290
v 11.487082 -33.035917 -1.294283
v 7.788233 -34.122477 0.000000
v 7.739262 -34.122477 0.872005
v 7.592965 -34.122477 1.733045
v 7.351183 -34.122477 2.572290
v 7.016955 -34.122477 3.379188
v 6.594485 -34.122477 4.143590
v 6.089086 -34.122477 4.855884
v 5.507112 -34.122477 5.507112
v 4.855884 -34.122477 6.089086
v 4.143590 -34.122477 6.594485
v 3.379188 -34.122477 7.016955
v 2.572290 -34.122477 7.351183
v 1.733045 -34.122477 7.592965
v 0.872005 -34.122477 7.739262
v 0.000000 -34.122477 7.788233
v -0.872005 -34.122477 7.739262
v -1.733045 -34.122477 7.592965
v -2.572290 -34.122477 7.351183
v -3.379188 -34.122477 7.016955
v -4.143590 -34.122477 6.594485
v -4.855884 -34.122477 6.089086
v -5.507112 -34.122477 5.507112
v -6.089086 -34.122477 4.855884
v -6.594485 -34.122477 4.143590
v -7.016955 -34.122477 3.379188
v -7.351183 -34.122477 2.572290
v -7.592965 -34.122477 1.733045
v -7.739262 -34.122477 0.872005
v -7.788233 -34.122477 0.000000
v -7.739262 -34.122477 -0.872005
v -7.592965 -34.122477 -1.733045
v -7.351183 -34.122477 -2.572290
v -7.016955 -34.122477 -3.379188
v -6.594485 -34.122477 -4.143590
v -6.089086 -34.122477 -4.855884
v -5.507112 -34.122477 -5.507112
v -4.855884 -34.122477 -6.089086
v -4.143590 -34.122477 -6.594485
v -3.379188 -34.122477 -7.016955
v -2.572290 -34.122477 -7.351183
v -1.733045 -34.122477 -7.592965
v -0.872005 -34.122477 -7.739262
v -0.000000 -34.122477 -7.788233
v 0.872005 -34.122477 -7.739262
v 1.733045 -34.122477 -7.592965
v 2.572290 -34.122477 -7.351183
v 3.379188 -34.122477 -7.016955
v 4.143590 -34.122477 -6.594485
v 4.855884 -34.122477 -6.089086
v 5.507112 -34.122477 -5.507112
v 6.089086 -34.122477 -4.855884
v 6.594485 -34.122477 -4.143590
v 7.016955 -34.122477 -3.379188
v 7.351183 -34.122477 -2.572290
v 7.592965 -34.122477 -1.733045
v 7.739262 -34.122477 -0.872005
v 3.918757 -34.779927 0.000000
v 3.894116 -34.779927 0.438762
v 3.820505 -34.779927 0.872005
v 3.698849 -34.779927 1.294283
v 3.530678 -34.779927 1.700285
v 3.318106 -34.779927 2.084904
v 3.063807 -34.779927 2.443305
v 2.770979 -34.779927 2.770979
v 2.443305 -34.779927 3.063807
v 2.084904 -34.779927 3.318106
v 1.700285 -34.779927 3.530678
v 1.294283 -34.779927 3.698849
v 0.872005 -34.779927 3.820505
v 0.438762 -34.779927 3.894116
v 0.000000 -34.779927 3.918757
v -0.438762 -34.779927 3.894116
v -0.872005 -34.779927 3.820505
v -1.294283 -34.779927 3.698849
v -1.700285 -34.779927 3.530678
v -2.084904 -34.779927 3.318106
v -2.443305 -34.779927 3.063807
v -2.770979 -34.779927 2.770979
v -3.063807 -34.779927 2.443305
v -3.318106 -34.779927 2.084904
v -3.530678 -34.779927 1.700285
v -3.698849 -34.779927 1.294283
v -3.820505 -34.779927 0.872005
v -3.894116 -34.779927 0.438762
v -3.918757 -34.779927 0.000000
v -3.894116 -34.779927 -0.438762
v -3.820505 -34.779927 -0.872005
v -3.698849 -34.779927 -1.294283
v -3.530678 -34.779927 -1.700285
v -3.318106 -34.779927 -2.084904
v -3.063807 -34.779927 -2.443305
v -2.770979 -34.779927 -2.770979
v -2.443305 -34.779927 -3.063807
v -2.084904 -34.779927 -3.318106
v -1.700285 -34.779927 -3.530678
v -1.294283 -34.779927 -3.698849
v -0.872005 -34.779927 -3.820505
v -0.438762 -34.779927 -3.894116
v -0.000000 -34.779927 -3.918757
v 0.438762 -34.779927 -3.894116
v 0.872005 -34.779927 -3.820505
v 1.294283 -34.779927 -3.698849
v 1.700285 -34.779927 -3.530678
v 2.084904 -34.779927 -3.318106
v 2.443305 -34.779927 -3.063807
v 2.770979 -34.779927 -2.770979
v 3.063807 -34.779927 -2.443305
v 3.318106 -34.779927 -2.084904
v 3.530678 -34.779927 -1.700285
v 3.698849 -34.779927 -1.294283
v 3.820505 -34.779927 -0.872005
v 3.894116 -34.779927 -0.438762
v 0.000000 -35.000000 0.000000
v 0.000000 -35.000000 0.000000
v 0.000000 -35.000000 0.000000
v 0.000000 -35.000000 0.000000
v 0.000000 -35.000000 0.000000
v 0.000000 -35.000000 0.000000
v 0.000000 -35.000000 0.000000
v 0.000000 -35.000000 0.000000
v 0.000000 -35.000000 0.000000
v 0.000000 -35.000000 0.000000
v 0.000000 -35.000000 0.000000
v 0.000000 -35.000000 0.000000
v 0.000000 -35.000000 0.000000
v 0.000000 -35.000000 0.000000
v 0.000000 -35.000000 0.000000
v -0.000000 -35.000000 0.000000
v -0.000000 -35.000000 0.000000
v -0.000000 -35.000000 0.000000
v -0.000000 -35.000000 0.000000
v -0.000000 -35.000000 0.000000
v -0.000000 -35.000000 0.000000
v -0.000000 -35.000000 0.000000
v -0.000000 -35.000000 0.000000
v -0.000000 -35.000000 0.000000
v -0.000000 -35.000000 0.000000
v -0.000000 -35.000000 0.000000
v -0.000000 -35.000000 0.000000
v -0.000000 -35.000000 0.000000
v -0.000000 -35.000000 0.000000
v -0.000000 -35.000000 -0.000000
v -0.000000 -35.000000 -0.000000
v -0.000000 -35.000000 -0.000000
v -0.000000 -35.000000 -0.000000
v -0.000000 -35.000000 -0.000000
v -0.000000 -35.000000 -0.000000
v -0.000000 -35.000000 -0.000000
v -0.000000 -35.000000 -0.000000
v -0.000000 -35.000000 -0.000000
v -0.000000 -35.000000 -0.000000
v -0.000000 -35.000000 -0.000000
v -0.000000 -35.000000 -0.000000
v -0.000000 -35.000000 -0.000000
v -0.000000 -35.000000 -0.000000
v 0.000000 -35.000000 -0.000000
v 0.000000 -35.000000 -0.000000
v 0.000000 -35.000000 -0.000000
v 0.000000 -35.000000 -0.000000
v 0.000000 -35.000000 -0.000000
v 0.000000 -35.000000 -0.000000
v 0.000000 -35.000000 -0.000000
v 0.000000 -35.000000 -0.000000
v 0.000000 -35.000000 -0.000000
v 0.000000 -35.000000 -0.000000
v 0.000000 -35.000000 -0.000000
v 0.000000 -35.000000 -0.000000
v 0.000000 -35.000000 -0.000000
v 46.750000 1.000000 0.000000
v 46.621358 1.000000 1.516247
v 46.621358 0.662603 1.478232
v 46.621358 0.342125 1.366091
v 46.621358 0.054635 1.185450
v 46.621358 -0.185450 0.945365
v 46.621358 -0.366091 0.657875
v 46.621358 -0.478232 0.337397
v 46.621358 -0.516247 0.000000
v 46.621358 -0.478232 -0.337397
v 46.621358 -0.366091 -0.657875
v 46.621358 -0.185450 -0.945365
v 46.621358 0.054635 -1.185450
v 46.621358 0.342125 -1.366091
v 46.621358 0.662603 -1.478232
v 46.621358 1.000000 -1.516247
v 46.621358 1.337397 -1.478232
v 46.621358 1.657875 -1.366091
v 46.621358 1.945365 -1.185450
v 46.621358 2.185450 -0.945365
v 46.621358 2.366091 -0.657875
v 46.621358 2.478232 -0.337397
v 46.621358 2.516247 0.000000
v 46.621358 2.478232 0.337397
v 46.621358 2.366091 0.657875
v 46.621358 2.185450 0.945365
v 46.621358 1.945365 1.185450
v 46.621358 1.657875 1.366091
v 46.621358 1.337397 1.478232
v 46.239110 1.000000 2.989149
v 46.239110 0.334852 2.914205
v 46.239110 -0.296943 2.693130
v 46.239110 -0.863704 2.337011
v 46.239110 -1.337011 1.863704
v 46.239110 -1.693130 1.296943
v 46.239110 -1.914205 0.665148
v 46.239110 -1.989149 0.000000
v 46.239110 -1.914205 -0.665148
v 46.239110 -1.693130 -1.296943
v 46.239110 -1.337011 -1.863704
v 46.239110 -0.863704 -2.337011
v 46.239110 -0.296943 -2.693130
v 46.239110 0.334852 -2.914205
v 46.239110 1.000000 -2.989149
v 46.239110 1.665148 -2.914205
v 46.239110 2.296943 -2.693130
v 46.239110 2.863704 -2.337011
v 46.239110 3.337011 -1.863704
v 46.239110 3.693130 -1.296943
v 46.239110 3.914205 -0.665148
v 46.239110 3.989149 0.000000
v 46.239110 3.914205 0.665148
v 46.239110 3.693130 1.296943
v 46.239110 3.337011 1.863704
v 46.239110 2.863704 2.337011
v 46.239110 2.296943 2.693130
v 46.239110 1.665148 2.914205
v 45.614183 1.000000 4.376600
v 45.614183 0.026115 4.266869
v 45.614183 -0.898935 3.943180
v 45.614183 -1.728765 3.421764
v 45.614183 -2.421764 2.728765
v 45.614183 -2.943180 1.898935
v 45.614183 -3.266869 0.973885
v 45.614183 -3.376600 0.000000
v 45.614183 -3.266869 -0.973885
v 45.614183 -2.943180 -1.898935
v 45.614183 -2.421764 -2.728765
v 45.614183 -1.728765 -3.421764
v 45.614183 -0.898935 -3.943180
v 45.614183 0.026115 -4.266869
v 45.614183 1.000000 -4.376600
v 45.614183 1.973885 -4.266869
v 45.614183 2.898935 -3.943180
v 45.614183 3.728765 -3.421764
v 45.614183 4.421764 -2.728765
v 45.614183 4.943180 -1.898935
v 45.614183 5.266869 -0.973885
v 45.614183 5.376600 0.000000
v 45.614183 5.266869 0.973885
v 45.614183 4.943180 1.898935
v 45.614183 4.421764 2.728765
v 45.614183 3.728765 3.421764
v 45.614183 2.898935 3.943180
v 45.614183 1.973885 4.266869
v 44.764442 1.000000 5.638936
v 44.764442 -0.254781 5.497557
v 44.764442 -1.446643 5.080506
v 44.764442 -2.515819 4.408698
v 44.764442 -3.408698 3.515819
v 44.764442 -4.080506 2.446643
v 44.764442 -4.497557 1.254781
v 44.764442 -4.638936 0.000000
v 44.764442 -4.497557 -1.254781
v 44.764442 -4.080506 -2.446643
v 44.764442 -3.408698 -3.515819
v 44.764442 -2.515819 -4.408698
v 44.764442 -1.446643 -5.080506
v 44.764442 -0.254781 -5.497557
v 44.764442 1.000000 -5.638936
v 44.764442 2.254781 -5.497557
v 44.764442 3.446643 -5.080506
v 44.764442 4.515819 -4.408698
v 44.764442 5.408698 -3.515819
v 44.764442 6.080506 -2.446643
v 44.764442 6.497557 -1.254781
v 44.764442 6.638936 0.000000
v 44.764442 6.497557 1.254781
v 44.764442 6.080506 2.446643
v 44.764442 5.408698 3.515819
v 44.764442 4.515819 4.408698
v 44.764442 3.446643 5.080506
v 44.764442 2.254781 5.497557
v 43.714178 1.000000 6.740072
v 43.714178 -0.499807 6.571085
v 43.714178 -1.924408 6.072595
v 43.714178 -3.202366 5.269601
v 43.714178 -4.269601 4.202366
v 43.714178 -5.072595 2.924408
v 43.714178 -5.571085 1.499807
v 43.714178 -5.740072 0.000000
v 43.714178 -5.571085 -1.499807
v 43.714178 -5.072595 -2.924408
v 43.714178 -4.269601 -4.202366
v 43.714178 -3.202366 -5.269601
v 43.714178 -1.924408 -6.072595
v 43.714178 -0.499807 -6.571085
v 43.714178 1.000000 -6.740072
v 43.714178 2.499807 -6.571085
v 43.714178 3.924408 -6.072595
v 43.714178 5.202366 -5.269601
v 43.714178 6.269601 -4.202366
v 43.714178 7.072595 -2.924408
v 43.714178 7.571085 -1.499807
v 43.714178 7.740072 0.000000
v 43.714178 7.571085 1.499807
v 43.714178 7.072595 2.924408
v 43.714178 6.269601 4.202366
v 43.714178 5.202366 5.269601
v 43.714178 3.924408 6.072595
v 43.714178 2.499807 6.571085
v 42.493416 1.000000 7.648529
v 42.493416 -0.701958 7.456765
v 42.493416 -2.318572 6.891087
v 42.493416 -3.768780 5.979861
v 42.493416 -4.979861 4.768780
v 42.493416 -5.891087 3.318572
v 42.493416 -6.456765 1.701958
v 42.493416 -6.648529 0.000000
v 42.493416 -6.456765 -1.701958
v 42.493416 -5.891087 -3.318572
v 42.493416 -4.979861 -4.768780
v 42.493416 -3.768780 -5.979861
v 42.493416 -2.318572 -6.891087
v 42.493416 -0.701958 -7.456765
v 42.493416 1.000000 -7.648529
v 42.493416 2.701958 -7.456765
v 42.493416 4.318572 -6.891087
v 42.493416 5.768780 -5.979861
v 42.493416 6.979861 -4.768780
v 42.493416 7.891087 -3.318572
v 42.493416 8.456765 -1.701958
v 42.493416 8.648529 0.000000
v 42.493416 8.456765 1.701958
v 42.493416 7.891087 3.318572
v 42.493416 6.979861 4.768780
v 42.493416 5.768780 5.979861
v 42.493416 4.318572 6.891087
v 42.493416 2.701958 7.456765
v 41.137054 1.000000 8.338337
v 41.137054 -0.855455 8.129278
v 41.137054 -2.617869 7.512582
v 41.137054 -4.198868 6.519174
v 41.137054 -5.519174 5.198868
v 41.137054 -6.512582 3.617869
v 41.137054 -7.129278 1.855455
v 41.137054 -7.338337 0.000000
v 41.137054 -7.129278 -1.855455
v 41.137054 -6.512582 -3.617869
v 41.137054 -5.519174 -5.198868
v 41.137054 -4.198868 -6.519174
v 41.137054 -2.617869 -7.512582
v 41.137054 -0.855455 -8.129278
v 41.137054 1.000000 -8.338337
v 41.137054 2.855455 -8.129278
v 41.137054 4.617869 -7.512582
v 41.137054 6.198868 -6.519174
v 41.137054 7.519174 -5.198868
v 41.137054 8.512582 -3.617869
v 41.137054 9.129278 -1.855455
v 41.137054 9.338337 0.000000
v 41.137054 9.129278 1.855455
v 41.137054 8.512582 3.617869
v 41.137054 7.519174 5.198868
v 41.137054 6.198868 6.519174
v 41.137054 4.617869 7.512582
v 41.137054 2.855455 8.129278
v 39.683866 1.000000 8.789776
v 39.683866 -0.955909 8.569398
v 39.683866 -2.813741 7.919315
v 39.683866 -4.480336 6.872124
v 39.683866 -5.872124 5.480336
v 39.683866 -6.919315 3.813741
v 39.683866 -7.569398 1.955909
v 39.683866 -7.789776 0.000000
v 39.683866 -7.569398 -1.955909
v 39.683866 -6.919315 -3.813741
v 39.683866 -5.872124 -5.480336
v 39.683866 -4.480336 -6.872124
v 39.683866 -2.813741 -7.919315
v 39.683866 -0.955909 -8.569398
v 39.683866 1.000000 -8.789776
v 39.683866 2.955909 -8.569398
v 39.683866 4.813741 -7.919315
v 39.683866 6.480336 -6.872124
v 39.683866 7.872124 -5.480336
v 39.683866 8.919315 -3.813741
v 39.683866 9.569398 -1.955909
v 39.683866 9.789776 0.000000
v 39.683866 9.569398 1.955909
v 39.683866 8.919315 3.813741
v 39.683866 7.872124 5.480336
v 39.683866 6.480336 6.872124
v 39.683866 4.813741 7.919315
v 39.683866 2.955909 8.569398
v 38.175394 1.000000 8.989941
v 38.175394 -1.000450 8.764544
v 38.175394 -2.900589 8.099657
v 38.175394 -4.605137 7.028619
v 38.175394 -6.028619 5.605137
v 38.175394 -7.099657 3.900589
v 38.175394 -7.764544 2.000450
v 38.175394 -7.989941 0.000000
v 38.175394 -7.764544 -2.000450
v 38.175394 -7.099657 -3.900589
v 38.175394 -6.028619 -5.605137
v 38.175394 -4.605137 -7.028619
v 38.175394 -2.900589 -8.099657
v 38.175394 -1.000450 -8.764544
v 38.175394 1.000000 -8.989941
v 38.175394 3.000450 -8.764544
v 38.175394 4.900589 -8.099657
v 38.175394 6.605137 -7.028619
v 38.175394 8.028619 -5.605137
v 38.175394 9.099657 -3.900589
v 38.175394 9.764544 -2.000450
v 38.175394 9.989941 0.000000
v 38.175394 9.764544 2.000450
v 38.175394 9.099657 3.900589
v 38.175394 8.028619 5.605137
v 38.175394 6.605137 7.028619
v 38.175394 4.900589 8.099657
v 38.175394 3.000450 8.764544
v 36.654761 1.000000 8.933110
v 36.654761 -0.987804 8.709138
v 36.654761 -2.875931 8.048454
v 36.654761 -4.569703 6.984187
v 36.654761 -5.984187 5.569703
v 36.654761 -7.048454 3.875931
v 36.654761 -7.709138 1.987804
v 36.654761 -7.933110 0.000000
v 36.654761 -7.709138 -1.987804
v 36.654761 -7.048454 -3.875931
v 36.654761 -5.984187 -5.569703
v 36.654761 -4.569703 -6.984187
v 36.654761 -2.875931 -8.048454
v 36.654761 -0.987804 -8.709138
v 36.654761 1.000000 -8.933110
v 36.654761 2.987804 -8.709138
v 36.654761 4.875931 -8.048454
v 36.654761 6.569703 -6.984187
v 36.654761 7.984187 -5.569703
v 36.654761 9.048454 -3.875931
v 36.654761 9.709138 -1.987804
v 36.654761 9.933110 0.000000
v 36.654761 9.709138 1.987804
v 36.654761 9.048454 3.875931
v 36.654761 7.984187 5.569703
v 36.654761 6.569703 6.984187
v 36.654761 4.875931 8.048454
v 36.654761 2.987804 8.709138
v 35.165438 1.000000 8.620907
v 35.165438 -0.918332 8.404763
v 35.165438 -2.740471 7.767169
v 35.165438 -4.375048 6.740097
v 35.165438 -5.740097 5.375048
v 35.165438 -6.767169 3.740471
v 35.165438 -7.404763 1.918332
v 35.165438 -7.620907 0.000000
v 35.165438 -7.404763 -1.918332
v 35.165438 -6.767169 -3.740471
v 35.165438 -5.740097 -5.375048
v 35.165438 -4.375048 -6.740097
v 35.165438 -2.740471 -7.767169
v 35.165438 -0.918332 -8.404763
v 35.165438 1.000000 -8.620907
v 35.165438 2.918332 -8.404763
v 35.165438 4.740471 -7.767169
v 35.165438 6.375048 -6.740097
v 35.165438 7.740097 -5.375048
v 35.165438 8.767169 -3.740471
v 35.165438 9.404763 -1.918332
v 35.165438 9.620907 0.000000
v 35.165438 9.404763 1.918332
v 35.165438 8.767169 3.740471
v 35.165438 7.740097 5.375048
v 35.165438 6.375048 6.740097
v 35.165438 4.740471 7.767169
v 35.165438 2.918332 8.404763
v 33.750000 1.000000 8.062258
v 33.750000 -0.794021 7.860120
v 33.750000 -2.498083 7.263843
v 33.750000 -4.026735 6.303327
v 33.750000 -5.303327 5.026735
v 33.750000 -6.263843 3.498083
v 33.750000 -6.860120 1.794021
v 33.750000 -7.062258 0.000000
v 33.750000 -6.860120 -1.794021
v 33.750000 -6.263843 -3.498083
v 33.750000 -5.303327 -5.026735
v 33.750000 -4.026735 -6.303327
v 33.750000 -2.498083 -7.263843
v 33.750000 -0.794021 -7.860120
v 33.750000 1.000000 -8.062258
v 33.750000 2.794021 -7.860120
v 33.750000 4.498083 -7.263843
v 33.750000 6.026735 -6.303327
v 33.750000 7.303327 -5.026735
v 33.750000 8.263843 -3.498083
v 33.750000 8.860120 -1.794021
v 33.750000 9.062258 0.000000
v 33.750000 8.860120 1.794021
v 33.750000 8.263843 3.498083
v 33.750000 7.303327 5.026735
v 33.750000 6.026735 6.303327
v 33.750000 4.498083 7.263843
v 33.750000 2.794021 7.860120
v 33.750000 1.000000 0.000000
v -46.750000 1.000000 0.000000
v -46.621358 1.000000 -1.516247
v -46.621358 0.662603 -1.478232
v -46.621358 0.342125 -1.366091
v -46.621358 0.054635 -1.185450
v -46.621358 -0.185450 -0.945365
v -46.621358 -0.366091 -0.657875
v -46.621358 -0.478232 -0.337397
v -46.621358 -0.516247 0.000000
v -46.621358 -0.478232 0.337397
v -46.621358 -0.366091 0.657875
v -46.621358 -0.185450 0.945365
v -46.621358 0.054635 1.185450
v -46.621358 0.342125 1.366091
v -46.621358 0.662603 1.478232
v -46.621358 1.000000 1.516247
v -46.621358 1.337397 1.478232
v -46.621358 1.657875 1.366091
v -46.621358 1.945365 1.185450
v -46.621358 2.185450 0.945365
v -46.621358 2.366091 0.657875
v -46.621358 2.478232 0.337397
v -46.621358 2.516247 0.000000
v -46.621358 2.478232 -0.337397
v -46.621358 2.366091 -0.657875
v -46.621358 2.185450 -0.945365
v -46.621358 1.945365 -1.185450
v -46.621358 1.657875 -1.366091
v -46.621358 1.337397 -1.478232
v -46.239110 1.000000 -2.989149
v -46.239110 0.334852 -2.914205
v -46.239110 -0.296943 -2.693130
v -46.239110 -0.863704 -2.337011
v -46.239110 -1.337011 -1.863704
v -46.239110 -1.693130 -1.296943
v -46.239110 -1.914205 -0.665148
v -46.239110 -1.989149 0.000000
v -46.239110 -1.914205 0.665148
v -46.239110 -1.693130 1.296943
v -46.239110 -1.337011 1.863704
v -46.239110 -0.863704 2.337011
v -46.239110 -0.296943 2.693130
v -46.239110 0.334852 2.914205
v -46.239110 1.000000 2.989149
v -46.239110 1.665148 2.914205
v -46.239110 2.296943 2.693130
v -46.239110 2.863704 2.337011
v -46.239110 3.337011 1.863704
v -46.239110 3.693130 1.296943
v -46.239110 3.914205 0.665148
v -46.239110 3.989149 0.000000
v -46.239110 3.914205 -0.665148
v -46.239110 3.693130 -1.296943
v -46.239110 3.337011 -1.863704
v -46.239110 2.863704 -2.337011
v -46.239110 2.296943 -2.693130
v -46.239110 1.665148 -2.914205
v -45.614183 1.000000 -4.376600
v -45.614183 0.026115 -4.266869
v -45.614183 -0.898935 -3.943180
v -45.614183 -1.728765 -3.421764
v -45.614183 -2.421764 -2.728765
v -45.614183 -2.943180 -1.898935
v -45.614183 -3.266869 -0.973885
v -45.614183 -3.376600 0.000000
v -45.614183 -3.266869 0.973885
v -45.614183 -2.943180 1.898935
v -45.614183 -2.421764 2.728765
v -45.614183 -1.728765 3.421764
v -45.614183 -0.898935 3.943180
v -45.614183 0.026115 4.266869
v -45.614183 1.000000 4.376600
v -45.614183 1.973885 4.266869
v -45.614183 2.898935 3.943180
v -45.614183 3.728765 3.421764
v -45.614183 4.421764 2.728765
v -45.614183 4.943180 1.898935
v -45.614183 5.266869 0.973885
v -45.614183 5.376600 0.000000
v -45.614183 5.266869 -0.973885
v -45.614183 4.943180 -1.898935
v -45.614183 4.421764 -2.728765
v -45.614183 3.728765 -3.421764
v -45.614183 2.898935 -3.943180
v -45.614183 1.973885 -4.266869
v -44.764442 1.000000 -5.638936
v -44.764442 -0.254781 -5.497557
v -44.764442 -1.446643 -5.080506
v -44.764442 -2.515819 -4.408698
v -44.764442 -3.408698 -3.515819
v -44.764442 -4.080506 -2.446643
v -44.764442 -4.497557 -1.254781
v -44.764442 -4.638936 0.000000
v -44.764442 -4.497557 1.254781
v -44.764442 -4.080506 2.446643
v -44.764442 -3.408698 3.515819
v -44.764442 -2.515819 4.408698
v -44.764442 -1.446643 5.080506
v -44.764442 -0.254781 5.497557
v -44.764442 1.000000 5.638936
v -44.764442 2.254781 5.497557
v -44.764442 3.446643 5.080506
v -44.764442 4.515819 4.408698
v -44.764442 5.408698 3.515819
v -44.764442 6.080506 2.446643
v -44.764442 6.497557 1.254781
v -44.764442 6.638936 0.000000
v -44.764442 6.497557 -1.254781
v -44.764442 6.080506 -2.446643
v -44.764442 5.408698 -3.515819
v -44.764442 4.515819 -4.408698
v -44.764442 3.446643 -5.080506
v -44.764442 2.254781 -5.497557
v -43.714178 1.000000 -6.740072
v -43.714178 -0.499807 -6.571085
v -43.714178 -1.924408 -6.072595
v -43.714178 -3.202366 -5.269601
v -43.714178 -4.269601 -4.202366
v -43.714178 -5.072595 -2.924408
v -43.714178 -5.571085 -1.499807
v -43.714178 -5.740072 0.000000
v -43.714178 -5.571085 1.499807
v -43.714178 -5.072595 2.924408
v -43.714178 -4.269601 4.202366
v -43.714178 -3.202366 5.269601
v -43.714178 -1.924408 6.072595
v -43.714178 -0.499807 6.571085
v -43.714178 1.000000 6.740072
v -43.714178 2.499807 6.571085
v -43.714178 3.924408 6.072595
v -43.714178 5.202366 5.269601
v -43.714178 6.269601 4.202366
v -43.714178 7.072595 2.924408
v -43.714178 7.571085 1.499807
v -43.714178 7.740072 0.000000
v -43.714178 7.571085 -1.499807
v -43.714178 7.072595 -2.924408
v -43.714178 6.269601 -4.202366
v -43.714178 5.202366 -5.269601
v -43.714178 3.924408 -6.072595
v -43.714178 2.499807 -6.571085
v -42.493416 1.000000 -7.648529
v -42.493416 -0.701958 -7.456765
v -42.493416 -2.318572 -6.891087
v -42.493416 -3.768780 -5.979861
v -42.493416 -4.979861 -4.768780
v -42.493416 -5.891087 -3.318572
v -42.493416 -6.456765 -1.701958
v -42.493416 -6.648529 0.000000
v -42.493416 -6.456765 1.701958
v -42.493416 -5.891087 3.318572
v -42.493416 -4.979861 4.768780
v -42.493416 -3.768780 5.979861
v -42.493416 -2.318572 6.891087
v -42.493416 -0.701958 7.456765
v -42.493416 1.000000 7.648529
v -42.493416 2.701958 7.456765
v -42.493416 4.318572 6.891087
v -42.493416 5.768780 5.979861
v -42.493416 6.979861 4.768780
v -42.493416 7.891087 3.318572
v -42.493416 8.456765 1.701958
v -42.493416 8.648529 0.000000
v -42.493416 8.456765 -1.701958
v -42.493416 7.891087 -3.318572
v -42.493416 6.979861 -4.768780
v -42.493416 5.768780 -5.979861
v -42.493416 4.318572 -6.891087
v -42.493416 2.701958 -7.456765
v -41.137054 1.000000 -8.338337
v -41.137054 -0.855455 -8.129278
v -41.137054 -2.617869 -7.512582
v -41.137054 -4.198868 -6.519174
v -41.137054 -5.519174 -5.198868
v -41.137054 -6.512582 -3.617869
v -41.137054 -7.129278 -1.855455
v -41.137054 -7.338337 0.000000
v -41.137054 -7.129278 1.855455
v -41.137054 -6.512582 3.617869
v -41.137054 -5.519174 5.198868
v -41.137054 -4.198868 6.519174
v -41.137054 -2.617869 7.512582
v -41.137054 -0.855455 8.129278
v -41.137054 1.000000 8.338337
v -41.137054 2.855455 8.129278
v -41.137054 4.617869 7.512582
v -41.137054 6.198868 6.519174
v -41.137054 7.519174 5.198868
v -41.137054 8.512582 3.617869
v -41.137054 9.129278 1.855455
v -41.137054 9.338337 0.000000
v -41.137054 9.129278 -1.855455
v -41.137054 8.512582 -3.617869
v -41.137054 7.519174 -5.198868
v -41.137054 6.198868 -6.519174
v -41.137054 4.617869 -7.512582
v -41.137054 2.855455 -8.129278
v -39.683866 1.000000 -8.789776
v -39.683866 -0.955909 -8.569398
v -39.683866 -2.813741 -7.919315
v -39.683866 -4.480336 -6.872124
v -39.683866 -5.872124 -5.480336
v -39.683866 -6.919315 -3.813741
v -39.683866 -7.569398 -1.955909
v -39.683866 -7.789776 0.000000
v -39.683866 -7.569398 1.955909
v -39.683866 -6.919315 3.813741
v -39.683866 -5.872124 5.480336
v -39.683866 -4.480336 6.872124
v -39.683866 -2.813741 7.919315
v -39.683866 -0.955909 8.569398
v -39.683866 1.000000 8.789776
v -39.683866 2.955909 8.569398
v -39.683866 4.813741 7.919315
v -39.683866 6.480336 6.872124
v -39.683866 7.872124 5.480336
v -39.683866 8.919315 3.813741
v -39.683866 9.569398 1.955909
v -39.683866 9.789776 0.000000
v -39.683866 9.569398 -1.955909
v -39.683866 8.919315 -3.813741
v -39.683866 7.872124 -5.480336
v -39.683866 6.480336 -6.872124
v -39.683866 4.813741 -7.919315
v -39.683866 2.955909 -8.569398
v -38.175394 1.000000 -8.989941
v -38.175394 -1.000450 -8.764544
v -38.175394 -2.900589 -8.099657
v -38.175394 -4.605137 -7.028619
v -38.175394 -6.028619 -5.605137
v -38.175394 -7.099657 -3.900589
v -38.175394 -7.764544 -2.000450
v -38.175394 -7.989941 0.000000
v -38.175394 -7.764544 2.000450
v -38.175394 -7.099657 3.900589
v -38.175394 -6.028619 5.605137
v -38.175394 -4.605137 7.028619
v -38.175394 -2.900589 8.099657
v -38.175394 -1.000450 8.764544
v -38.175394 1.000000 8.989941
v -38.175394 3.000450 8.764544
v -38.175394 4.900589 8.099657
v -38.175394 6.605137 7.028619
v -38.175394 8.028619 5.605137
v -38.175394 9.099657 3.900589
v -38.175394 9.764544 2.000450
v -38.175394 9.989941 0.000000
v -38.175394 9.764544 -2.000450
v -38.175394 9.099657 -3.900589
v -38.175394 8.028619 -5.605137
v -38.175394 6.605137 -7.028619
v -38.175394 4.900589 -8.099657
v -38.175394 3.000450 -8.764544
v -36.654761 1.000000 -8.933110
v -36.654761 -0.987804 -8.709138
v -36.654761 -2.875931 -8.048454
v -36.654761 -4.569703 -6.984187
v -36.654761 -5.984187 -5.569703
v -36.654761 -7.048454 -3.875931
v -36.654761 -7.709138 -1.987804
v -36.654761 -7.933110 0.000000
v -36.654761 -7.709138 1.987804
v -36.654761 -7.048454 3.875931
v -36.654761 -5.984187 5.569703
v -36.654761 -4.569703 6.984187
v -36.654761 -2.875931 8.048454
v -36.654761 -0.987804 8.709138
v -36.654761 1.000000 8.933110
v -36.654761 2.987804 8.709138
v -36.654761 4.875931 8.048454
v -36.654761 6.569703 6.984187
v -36.654761 7.984187 5.569703
v -36.654761 9.048454 3.875931
v -36.654761 9.709138 1.987804
v -36.654761 9.933110 0.000000
v -36.654761 9.709138 -1.987804
v -36.654761 9.048454 -3.875931
v -36.654761 7.984187 -5.569703
v -36.654761 6.569703 -6.984187
v -36.654761 4.875931 -8.048454
v -36.654761 2.987804 -8.709138
v -35.165438 1.000000 -8.620907
v -35.165438 -0.918332 -8.404763
v -35.165438 -2.740471 -7.767169
v -35.165438 -4.375048 -6.740097
v -35.165438 -5.740097 -5.375048
v -35.165438 -6.767169 -3.740471
v -35.165438 -7.404763 -1.918332
v -35.165438 -7.620907 0.000000
v -35.165438 -7.404763 1.918332
v -35.165438 -6.767169 3.740471
v -35.165438 -5.740097 5.375048
v -35.165438 -4.375048 6.740097
v -35.165438 -2.740471 7.767169
v -35.165438 -0.918332 8.404763
v -35.165438 1.000000 8.620907
v -35.165438 2.918332 8.404763
v -35.165438 4.740471 7.767169
v -35.165438 6.375048 6.740097
v -35.165438 7.740097 5.375048
v -35.165438 8.767169 3.740471
v -35.165438 9.404763 1.918332
v -35.165438 9.620907 0.000000
v -35.165438 9.404763 -1.918332
v -35.165438 8.767169 -3.740471
v -35.165438 7.740097 -5.375048
v -35.165438 6.375048 -6.740097
v -35.165438 4.740471 -7.767169
v -35.165438 2.918332 -8.404763
v -33.750000 1.000000 -8.062258
v -33.750000 -0.794021 -7.860120
v -33.750000 -2.498083 -7.263843
v -33.750000 -4.026735 -6.303327
v -33.750000 -5.303327 -5.026735
v -33.750000 -6.263843 -3.498083
v -33.750000 -6.860120 -1.794021
v -33.750000 -7.062258 0.000000
v -33.750000 -6.860120 1.794021
v -33.750000 -6.263843 3.498083
v -33.750000 -5.303327 5.026735
v -33.750000 -4.026735 6.303327
v -33.750000 -2.498083 7.263843
v -33.750000 -0.794021 7.860120
v -33.750000 1.000000 8.062258
v -33.750000 2.794021 7.860120
v -33.750000 4.498083 7.263843
v -33.750000 6.026735 6.303327
v -33.750000 7.303327 5.026735
v -33.750000 8.263843 3.498083
v -33.750000 8.860120 1.794021
v -33.750000 9.062258 0.000000
v -33.750000 8.860120 -1.794021
v -33.750000 8.263843 -3.498083
v -33.750000 7.303327 -5.026735
v -33.750000 6.026735 -6.303327
v -33.750000 4.498083 -7.263843
v -33.750000 2.794021 -7.860120
v -33.750000 1.000000 0.000000
v 0.000000 47.750000 0.000000
v 0.000000 47.621358 -1.516247
v -0.337397 47.621358 -1.478232
v -0.657875 47.621358 -1.366091
v -0.945365 47.621358 -1.185450
v -1.185450 47.621358 -0.945365
v -1.366091 47.621358 -0.657875
v -1.478232 47.621358 -0.337397
v -1.516247 47.621358 0.000000
v -1.478232 47.621358 0.337397
v -1.366091 47.621358 0.657875
v -1.185450 47.621358 0.945365
v -0.945365 47.621358 1.185450
v -0.657875 47.621358 1.366091
v -0.337397 47.621358 1.478232
v 0.000000 47.621358 1.516247
v 0.337397 47.621358 1.478232
v 0.657875 47.621358 1.366091
v 0.945365 47.621358 1.185450
v 1.185450 47.621358 0.945365
v 1.366091 47.621358 0.657875
v 1.478232 47.621358 0.337397
v 1.516247 47.621358 0.000000
v 1.478232 47.621358 -0.337397
v 1.366091 47.621358 -0.657875
v 1.185450 47.621358 -0.945365
v 0.945365 47.621358 -1.185450
v 0.657875 47.621358 -1.366091
v 0.337397 47.621358 -1.478232
v 0.000000 47.239110 -2.989149
v -0.665148 47.239110 -2.914205
v -1.296943 47.239110 -2.693130
v -1.863704 47.239110 -2.337011
v -2.337011 47.239110 -1.863704
v -2.693130 47.239110 -1.296943
v -2.914205 47.239110 -0.665148
v -2.989149 47.239110 0.000000
v -2.914205 47.239110 0.665148
v -2.693130 47.239110 1.296943
v -2.337011 47.239110 1.863704
v -1.863704 47.239110 2.337011
v -1.296943 47.239110 2.693130
v -0.665148 47.239110 2.914205
v 0.000000 47.239110 2.989149
v 0.665148 47.239110 2.914205
v 1.296943 47.239110 2.693130
v 1.863704 47.239110 2.337011
v 2.337011 47.239110 1.863704
v 2.693130 47.239110 1.296943
v 2.914205 47.239110 0.665148
v 2.989149 47.239110 0.000000
v 2.914205 47.239110 -0.665148
v 2.693130 47.239110 -1.296943
v 2.337011 47.239110 -1.863704
v 1.863704 47.239110 -2.337011
v 1.296943 47.239110 -2.693130
v 0.665148 47.239110 -2.914205
v 0.000000 46.614183 -4.376600
v -0.973885 46.614183 -4.266869
v -1.898935 46.614183 -3.943180
v -2.728765 46.614183 -3.421764
v -3.421764 46.614183 -2.728765
v -3.943180 46.614183 -1.898935
v -4.266869 46.614183 -0.973885
v -4.376600 46.614183 0.000000
v -4.266869 46.614183 0.973885
v -3.943180 46.614183 1.898935
v -3.421764 46.614183 2.728765
v -2.728765 46.614183 3.421764
v -1.898935 46.614183 3.943180
v -0.973885 46.614183 4.266869
v 0.000000 46.614183 4.376600
v 0.973885 46.614183 4.266869
v 1.898935 46.614183 3.943180
v 2.728765 46.614183 3.421764
v 3.421764 46.614183 2.728765
v 3.943180 46.614183 1.898935
v 4.266869 46.614183 0.973885
v 4.376600 46.614183 0.000000
v 4.266869 46.614183 -0.973885
v 3.943180 46.614183 -1.898935
v 3.421764 46.614183 -2.728765
v 2.728765 46.614183 -3.421764
v 1.898935 46.614183 -3.943180
v 0.973885 46.614183 -4.266869
v 0.000000 45.764442 -5.638936
v -1.254781 45.764442 -5.497557
v -2.446643 45.764442 -5.080506
v -3.515819 45.764442 -4.408698
v -4.408698 45.764442 -3.515819
v -5.080506 45.764442 -2.446643
v -5.497557 45.764442 -1.254781
v -5.638936 45.764442 0.000000
v -5.497557 45.764442 1.254781
v -5.080506 45.764442 2.446643
v -4.408698 45.764442 3.515819
v -3.515819 45.764442 4.408698
v -2.446643 45.764442 5.080506
v -1.254781 45.764442 5.497557
v 0.000000 45.764442 5.638936
v 1.254781 45.764442 5.497557
v 2.446643 45.764442 5.080506
v 3.515819 45.764442 4.408698
v 4.408698 45.764442 3.515819
v 5.080506 45.764442 2.446643
v 5.497557 45.764442 1.254781
v 5.638936 45.764442 0.000000
v 5.497557 45.764442 -1.254781
v 5.080506 45.764442 -2.446643
v 4.408698 45.764442 -3.515819
v 3.515819 45.764442 -4.408698
v 2.446643 45.764442 -5.080506
v 1.254781 45.764442 -5.497557
v 0.000000 44.714178 -6.740072
v -1.499807 44.714178 -6.571085
v -2.924408 44.714178 -6.072595
v -4.202366 44.714178 -5.269601
v -5.269601 44.714178 -4.202366
v -6.072595 44.714178 -2.924408
v -6.571085 44.714178 -1.499807
v -6.740072 44.714178 0.000000
v -6.571085 44.714178 1.499807
v -6.072595 44.714178 2.924408
v -5.269601 44.714178 4.202366
v -4.202366 44.714178 5.269601
v -2.924408 44.714178 6.072595
v -1.499807 44.714178 6.571085
v 0.000000 44.714178 6.740072
v 1.499807 44.714178 6.571085
v 2.924408 44.714178 6.072595
v 4.202366 44.714178 5.269601
v 5.269601 44.714178 4.202366
v 6.072595 44.714178 2.924408
v 6.571085 44.714178 1.499807
v 6.740072 44.714178 0.000000
v 6.571085 44.714178 -1.499807
v 6.072595 44.714178 -2.924408
v 5.269601 44.714178 -4.202366
v 4.202366 44.714178 -5.269601
v 2.924408 44.714178 -6.072595
v 1.499807 44.714178 -6.571085
v 0.000000 43.493416 -7.648529
v -1.701958 43.493416 -7.456765
v -3.318572 43.493416 -6.891087
v -4.768780 43.493416 -5.979861
v -5.979861 43.493416 -4.768780
v -6.891087 43.493416 -3.318572
v -7.456765 43.493416 -1.701958
v -7.648529 43.493416 0.000000
v -7.456765 43.493416 1.701958
v -6.891087 43.493416 3.318572
v -5.979861 43.493416 4.768780
v -4.768780 43.493416 5.979861
v -3.318572 43.493416 6.891087
v -1.701958 43.493416 7.456765
v 0.000000 43.493416 7.648529
v 1.701958 43.493416 7.456765
v 3.318572 43.493416 6.891087
v 4.768780 43.493416 5.979861
v 5.979861 43.493416 4.768780
v 6.891087 43.493416 3.318572
v 7.456765 43.493416 1.701958
v 7.648529 43.493416 0.000000
v 7.456765 43.493416 -1.701958
v 6.891087 43.493416 -3.318572
v 5.979861 43.493416 -4.768780
v 4.768780 43.493416 -5.979861
v 3.318572 43.493416 -6.891087
v 1.701958 43.493416 -7.456765
v 0.000000 42.137054 -8.338337
v -1.855455 42.137054 -8.129278
v -3.617869 42.137054 -7.512582
v -5.198868 42.137054 -6.519174
v -6.519174 42.137054 -5.198868
v -7.512582 42.137054 -3.617869
v -8.129278 42.137054 -1.855455
v -8.338337 42.137054 0.000000
v -8.129278 42.137054 1.855455
v -7.512582 42.137054 3.617869
v -6.519174 42.137054 5.198868
v -5.198868 42.137054 6.519174
v -3.617869 42.137054 7.512582
v -1.855455 42.137054 8.129278
v 0.000000 42.137054 8.338337
v 1.855455 42.137054 8.129278
v 3.617869 42.137054 7.512582
v 5.198868 42.137054 6.519174
v 6.519174 42.137054 5.198868
v 7.512582 42.137054 3.617869
v 8.129278 42.137054 1.855455
v 8.338337 42.137054 0.000000
v 8.129278 42.137054 -1.855455
v 7.512582 42.137054 -3.617869
v 6.519174 42.137054 -5.198868
v 5.198868 42.137054 -6.519174
v 3.617869 42.137054 -7.512582
v 1.855455 42.137054 -8.129278
v 0.000000 40.683866 -8.789776
v -1.955909 40.683866 -8.569398
v -3.813741 40.683866 -7.919315
v -5.480336 40.683866 -6.872124
v -6.872124 40.683866 -5.480336
v -7.919315 40.683866 -3.813741
v -8.569398 40.683866 -1.955909
v -8.789776 40.683866 0.000000
v -8.569398 40.683866 1.955909
v -7.919315 40.683866 3.813741
v -6.872124 40.683866 5.480336
v -5.480336 40.683866 6.872124
v -3.813741 40.683866 7.919315
v -1.955909 40.683866 8.569398
v 0.000000 40.683866 8.789776
v 1.955909 40.683866 8.569398
v 3.813741 40.683866 7.919315
v 5.480336 40.683866 6.872124
v 6.872124 40.683866 5.480336
v 7.919315 40.683866 3.813741
v 8.569398 40.683866 1.955909
v 8.789776 40.683866 0.000000
v 8.569398 40.683866 -1.955909
v 7.919315 40.683866 -3.813741
v 6.872124 40.683866 -5.480336
v 5.480336 40.683866 -6.872124
v 3.813741 40.683866 -7.919315
v 1.955909 40.683866 -8.569398
v 0.000000 39.175394 -8.989941
v -2.000450 39.175394 -8.764544
v -3.900589 39.175394 -8.099657
v -5.605137 39.175394 -7.028619
v -7.028619 39.175394 -5.605137
v -8.099657 39.175394 -3.900589
v -8.764544 39.175394 -2.000450
v -8.989941 39.175394 0.000000
v -8.764544 39.175394 2.000450
v -8.099657 39.175394 3.900589
v -7.028619 39.175394 5.605137
v -5.605137 39.175394 7.028619
v -3.900589 39.175394 8.099657
v -2.000450 39.175394 8.764544
v 0.000000 39.175394 8.989941
v 2.000450 39.175394 8.764544
v 3.900589 39.175394 8.099657
v 5.605137 39.175394 7.028619
v 7.028619 39.175394 5.605137
v 8.099657 39.175394 3.900589
v 8.764544 39.175394 2.000450
v 8.989941 39.175394 0.000000
v 8.764544 39.175394 -2.000450
v 8.099657 39.175394 -3.900589
v 7.028619 39.175394 -5.605137
v 5.605137 39.175394 -7.028619
v 3.900589 39.175394 -8.099657
v 2.000450 39.175394 -8.764544
v 0.000000 37.654761 -8.933110
v -1.987804 37.654761 -8.709138
v -3.875931 37.654761 -8.048454
v -5.569703 37.654761 -6.984187
v -6.984187 37.654761 -5.569703
v -8.048454 37.654761 -3.875931
v -8.709138 37.654761 -1.987804
v -8.933110 37.654761 0.000000
v -8.709138 37.654761 1.987804
v -8.048454 37.654761 3.875931
v -6.984187 37.654761 5.569703
v -5.569703 37.654761 6.984187
v -3.875931 37.654761 8.048454
v -1.987804 37.654761 8.709138
v 0.000000 37.654761 8.933110
v 1.987804 37.654761 8.709138
v 3.875931 37.654761 8.048454
v 5.569703 37.654761 6.984187
v 6.984187 37.654761 5.569703
v 8.048454 37.654761 3.875931
v 8.709138 37.654761 1.987804
v 8.933110 37.654761 0.000000
v 8.709138 37.654761 -1.987804
v 8.048454 37.654761 -3.875931
v 6.984187 37.654761 -5.569703
v 5.569703 37.654761 -6.984187
v 3.875931 37.654761 -8.048454
v 1.987804 37.654761 -8.709138
v 0.000000 36.165438 -8.620907
v -1.918332 36.165438 -8.404763
v -3.740471 36.165438 -7.767169
v -5.375048 36.165438 -6.740097
v -6.740097 36.165438 -5.375048
v -7.767169 36.165438 -3.740471
v -8.404763 36.165438 -1.918332
v -8.620907 36.165438 0.000000
v -8.404763 36.165438 1.918332
v -7.767169 36.165438 3.740471
v -6.740097 36.165438 5.375048
v -5.375048 36.165438 6.740097
v -3.740471 36.165438 7.767169
v -1.918332 36.165438 8.404763
v 0.000000 36.165438 8.620907
v 1.918332 36.165438 8.404763
v 3.740471 36.165438 7.767169
v 5.375048 36.165438 6.740097
v 6.740097 36.165438 5.375048
v 7.767169 36.165438 3.740471
v 8.404763 36.165438 1.918332
v 8.620907 36.165438 0.000000
v 8.404763 36.165438 -1.918332
v 7.767169 36.165438 -3.740471
v 6.740097 36.165438 -5.375048
v 5.375048 36.165438 -6.740097
v 3.740471 36.165438 -7.767169
v 1.918332 36.165438 -8.404763
v 0.000000 34.750000 -8.062258
v -1.794021 34.750000 -7.860120
v -3.498083 34.750000 -7.263843
v -5.026735 34.750000 -6.303327
v -6.303327 34.750000 -5.026735
v -7.263843 34.750000 -3.498083
v -7.860120 34.750000 -1.794021
v -8.062258 34.750000 0.000000
v -7.860120 34.750000 1.794021
v -7.263843 34.750000 3.498083
v -6.303327 34.750000 5.026735
v -5.026735 34.750000 6.303327
v -3.498083 34.750000 7.263843
v -1.794021 34.750000 7.860120
v 0.000000 34.750000 8.062258
v 1.794021 34.750000 7.860120
v 3.498083 34.750000 7.263843
v 5.026735 34.750000 6.303327
v 6.303327 34.750000 5.026735
v 7.263843 34.750000 3.498083
v 7.860120 34.750000 1.794021
v 8.062258 34.750000 0.000000
v 7.860120 34.750000 -1.794021
v 7.263843 34.750000 -3.498083
v 6.303327 34.750000 -5.026735
v 5.026735 34.750000 -6.303327
v 3.498083 34.750000 -7.263843
v 1.794021 34.750000 -7.860120
v 0.000000 34.750000 0.000000
v 0.000000 -45.750000 0.000000
v 0.000000 -45.621358 1.516247
v -0.337397 -45.621358 1.478232
v -0.657875 -45.621358 1.366091
v -0.945365 -45.621358 1.185450
v -1.185450 -45.621358 0.945365
v -1.366091 -45.621358 0.657875
v -1.478232 -45.621358 0.337397
v -1.516247 -45.621358 0.000000
v -1.478232 -45.621358 -0.337397
v -1.366091 -45.621358 -0.657875
v -1.185450 -45.621358 -0.945365
v -0.945365 -45.621358 -1.185450
v -0.657875 -45.621358 -1.366091
v -0.337397 -45.621358 -1.478232
v 0.000000 -45.621358 -1.516247
v 0.337397 -45.621358 -1.478232
v 0.657875 -45.621358 -1.366091
v 0.945365 -45.621358 -1.185450
v 1.185450 -45.621358 -0.945365
v 1.366091 -45.621358 -0.657875
v 1.478232 -45.621358 -0.337397
v 1.516247 -45.621358 0.000000
v 1.478232 -45.621358 0.337397
v 1.366091 -45.621358 0.657875
v 1.185450 -45.621358 0.945365
v 0.945365 -45.621358 1.185450
v 0.657875 -45.621358 1.366091
v 0.337397 -45.621358 1.478232
v 0.000000 -45.239110 2.989149
v -0.665148 -45.239110 2.914205
v -1.296943 -45.239110 2.693130
v -1.863704 -45.239110 2.337011
v -2.337011 -45.239110 1.863704
v -2.693130 -45.239110 1.296943
v -2.914205 -45.239110 0.665148
v -2.989149 -45.239110 0.000000
v -2.914205 -45.239110 -0.665148
v -2.693130 -45.239110 -1.296943
v -2.337011 -45.239110 -1.863704
v -1.863704 -45.239110 -2.337011
v -1.296943 -45.239110 -2.693130
v -0.665148 -45.239110 -2.914205
v 0.000000 -45.239110 -2.989149
v 0.665148 -45.239110 -2.914205
v 1.296943 -45.239110 -2.693130
v 1.863704 -45.239110 -2.337011
v 2.337011 -45.239110 -1.863704
v 2.693130 -45.239110 -1.296943
v 2.914205 -45.239110 -0.665148
v 2.989149 -45.239110 0.000000
v 2.914205 -45.239110 0.665148
v 2.693130 -45.239110 1.296943
v 2.337011 -45.239110 1.863704
v 1.863704 -45.239110 2.337011
v 1.296943 -45.239110 2.693130
v 0.665148 -45.239110 2.914205
v 0.000000 -44.614183 4.376600
v -0.973885 -44.614183 4.266869
v -1.898935 -44.614183 3.943180
v -2.728765 -44.614183 3.421764
v -3.421764 -44.614183 2.728765
v -3.943180 -44.614183 1.898935
v -4.266869 -44.614183 0.973885
v -4.376600 -44.614183 0.000000
v -4.266869 -44.614183 -0.973885
v -3.943180 -44.614183 -1.898935
v -3.421764 -44.614183 -2.728765
v -2.728765 -44.614183 -3.421764
v -1.898935 -44.614183 -3.943180
v -0.973885 -44.614183 -4.266869
v 0.000000 -44.614183 -4.376600
v 0.973885 -44.614183 -4.266869
v 1.898935 -44.614183 -3.943180
v 2.728765 -44.614183 -3.421764
v 3.421764 -44.614183 -2.728765
v 3.943180 -44.614183 -1.898935
v 4.266869 -44.614183 -0.973885
v 4.376600 -44.614183 0.000000
v 4.266869 -44.614183 0.973885
v 3.943180 -44.614183 1.898935
v 3.421764 -44.614183 2.728765
v 2.728765 -44.614183 3.421764
v 1.898935 -44.614183 3.943180
v 0.973885 -44.614183 4.266869
v 0.000000 -43.764442 5.638936
v -1.254781 -43.764442 5.497557
v -2.446643 -43.764442 5.080506
v -3.515819 -43.764442 4.408698
v -4.408698 -43.764442 3.515819
v -5.080506 -43.764442 2.446643
v -5.497557 -43.764442 1.254781
v -5.638936 -43.764442 0.000000
v -5.497557 -43.764442 -1.254781
v -5.080506 -43.764442 -2.446643
v -4.408698 -43.764442 -3.515819
v -3.515819 -43.764442 -4.408698
v -2.446643 -43.764442 -5.080506
v -1.254781 -43.764442 -5.497557
v 0.000000 -43.764442 -5.638936
v 1.254781 -43.764442 -5.497557
v 2.446643 -43.764442 -5.080506
v 3.515819 -43.764442 -4.408698
v 4.408698 -43.764442 -3.515819
v 5.080506 -43.764442 -2.446643
v 5.497557 -43.764442 -1.254781
v 5.638936 -43.764442 0.000000
v 5.497557 -43.764442 1.254781
v 5.080506 -43.764442 2.446643
v 4.408698 -43.764442 3.515819
v 3.515819 -43.764442 4.408698
v 2.446643 -43.764442 5.080506
v 1.254781 -43.764442 5.497557
v 0.000000 -42.714178 6.740072
v -1.499807 -42.714178 6.571085
v -2.924408 -42.714178 6.072595
v -4.202366 -42.714178 5.269601
v -5.269601 -42.714178 4.202366
v -6.072595 -42.714178 2.924408
v -6.571085 -42.714178 1.499807
v -6.740072 -42.714178 0.000000
v -6.571085 -42.714178 -1.499807
v -6.072595 -42.714178 -2.924408
v -5.269601 -42.714178 -4.202366
v -4.202366 -42.714178 -5.269601
v -2.924408 -42.714178 -6.072595
v -1.499807 -42.714178 -6.571085
v 0.000000 -42.714178 -6.740072
v 1.499807 -42.714178 -6.571085
v 2.924408 -42.714178 -6.072595
v 4.202366 -42.714178 -5.269601
v 5.269601 -42.714178 -4.202366
v 6.072595 -42.714178 -2.924408
v 6.571085 -42.714178 -1.499807
v 6.740072 -42.714178 0.000000
v 6.571085 -42.714178 1.499807
v 6.072595 -42.714178 2.924408
v 5.269601 -42.714178 4.202366
v 4.202366 -42.714178 5.269601
v 2.924408 -42.714178 6.072595
v 1.499807 -42.714178 6.571085
v 0.000000 -41.493416 7.648529
v -1.701958 -41.493416 7.456765
v -3.318572 -41.493416 6.891087
v -4.768780 -41.493416 5.979861
v -5.979861 -41.493416 4.768780
v -6.891087 -41.493416 3.318572
v -7.456765 -41.493416 1.701958
v -7.648529 -41.493416 0.000000
v -7.456765 -41.493416 -1.701958
v -6.891087 -41.493416 -3.318572
v -5.979861 -41.493416 -4.768780
v -4.768780 -41.493416 -5.979861
v -3.318572 -41.493416 -6.891087
v -1.701958 -41.493416 -7.456765
v 0.000000 -41.493416 -7.648529
v 1.701958 -41.493416 -7.456765
v 3.318572 -41.493416 -6.891087
v 4.768780 -41.493416 -5.979861
v 5.979861 -41.493416 -4.768780
v 6.891087 -41.493416 -3.318572
v 7.456765 -41.493416 -1.701958
v 7.648529 -41.493416 0.000000
v 7.456765 -41.493416 1.701958
v 6.891087 -41.493416 3.318572
v 5.979861 -41.493416 4.768780
v 4.768780 -41.493416 5.979861
v 3.318572 -41.493416 6.891087
v 1.701958 -41.493416 7.456765
v 0.000000 -40.137054 8.338337
v -1.855455 -40.137054 8.129278
v -3.617869 -40.137054 7.512582
v -5.198868 -40.137054 6.519174
v -6.519174 -40.137054 5.198868
v -7.512582 -40.137054 3.617869
v -8.129278 -40.137054 1.855455
v -8.338337 -40.137054 0.000000
v -8.129278 -40.137054 -1.855455
v -7.512582 -40.137054 -3.617869
v -6.519174 -40.137054 -5.198868
v -5.198868 -40.137054 -6.519174
v -3.617869 -40.137054 -7.512582
v -1.855455 -40.137054 -8.129278
v 0.000000 -40.137054 -8.338337
v 1.855455 -40.137054 -8.129278
v 3.617869 -40.137054 -7.512582
v 5.198868 -40.137054 -6.519174
v 6.519174 -40.137054 -5.198868
v 7.512582 -40.137054 -3.617869
v 8.129278 -40.137054 -1.855455
v 8.338337 -40.137054 0.000000
v 8.129278 -40.137054 1.855455
v 7.512582 -40.137054 3.617869
v 6.519174 -40.137054 5.198868
v 5.198868 -40.137054 6.519174
v 3.617869 -40.137054 7.512582
v 1.855455 -40.137054 8.129278
v 0.000000 -38.683866 8.789776
v -1.955909 -38.683866 8.569398
v -3.813741 -38.683866 7.919315
v -5.480336 -38.683866 6.872124
v -6.872124 -38.683866 5.480336
v -7.919315 -38.683866 3.813741
v -8.569398 -38.683866 1.955909
v -8.789776 -38.683866 0.000000
v -8.569398 -38.683866 -1.955909
v -7.919315 -38.683866 -3.813741
v -6.872124 -38.683866 -5.480336
v -5.480336 -38.683866 -6.872124
v -3.813741 -38.683866 -7.919315
v -1.955909 -38.683866 -8.569398
v 0.000000 -38.683866 -8.789776
v 1.955909 -38.683866 -8.569398
v 3.813741 -38.683866 -7.919315
v 5.480336 -38.683866 -6.872124
v 6.872124 -38.683866 -5.480336
v 7.919315 -38.683866 -3.813741
v 8.569398 -38.683866 -1.955909
v 8.789776 -38.683866 0.000000
v 8.569398 -38.683866 1.955909
v 7.919315 -38.683866 3.813741
v 6.872124 -38.683866 5.480336
v 5.480336 -38.683866 6.872124
v 3.813741 -38.683866 7.919315
v 1.955909 -38.683866 8.569398
v 0.000000 -37.175394 8.989941
v -2.000450 -37.175394 8.764544
v -3.900589 -37.175394 8.099657
v -5.605137 -37.175394 7.028619
v -7.028619 -37.175394 5.605137
v -8.099657 -37.175394 3.900589
v -8.764544 -37.175394 2.000450
v -8.989941 -37.175394 0.000000
v -8.764544 -37.175394 -2.000450
v -8.099657 -37.175394 -3.900589
v -7.028619 -37.175394 -5.605137
v -5.605137 -37.175394 -7.028619
v -3.900589 -37.175394 -8.099657
v -2.000450 -37.175394 -8.764544
v 0.000000 -37.175394 -8.989941
v 2.000450 -37.175394 -8.764544
v 3.900589 -37.175394 -8.099657
v 5.605137 -37.175394 -7.028619
v 7.028619 -37.175394 -5.605137
v 8.099657 -37.175394 -3.900589
v 8.764544 -37.175394 -2.000450
v 8.989941 -37.175394 0.000000
v 8.764544 -37.175394 2.000450
v 8.099657 -37.175394 3.900589
v 7.028619 -37.175394 5.605137
v 5.605137 -37.175394 7.028619
v 3.900589 -37.175394 8.099657
v 2.000450 -37.175394 8.764544
v 0.000000 -35.654761 8.933110
v -1.987804 -35.654761 8.709138
v -3.875931 -35.654761 8.048454
v -5.569703 -35.654761 6.984187
v -6.984187 -35.654761 5.569703
v -8.048454 -35.654761 3.875931
v -8.709138 -35.654761 1.987804
v -8.933110 -35.654761 0.000000
v -8.709138 -35.654761 -1.987804
v -8.048454 -35.654761 -3.875931
v -6.984187 -35.654761 -5.569703
v -5.569703 -35.654761 -6.984187
v -3.875931 -35.654761 -8.048454
v -1.987804 -35.654761 -8.709138
v 0.000000 -35.654761 -8.933110
v 1.987804 -35.654761 -8.709138
v 3.875931 -35.654761 -8.048454
v 5.569703 -35.654761 -6.984187
v 6.984187 -35.654761 -5.569703
v 8.048454 -35.654761 -3.875931
v 8.709138 -35.654761 -1.987804
v 8.933110 -35.654761 0.000000
v 8.709138 -35.654761 1.987804
v 8.048454 -35.654761 3.875931
v 6.984187 -35.654761 5.569703
v 5.569703 -35.654761 6.984187
v 3.875931 -35.654761 8.048454
v 1.987804 -35.654761 8.709138
v 0.000000 -34.165438 8.620907
v -1.918332 -34.165438 8.404763
v -3.740471 -34.165438 7.767169
v -5.375048 -34.165438 6.740097
v -6.740097 -34.165438 5.375048
v -7.767169 -34.165438 3.740471
v -8.404763 -34.165438 1.918332
v -8.620907 -34.165438 0.000000
v -8.404763 -34.165438 -1.918332
v -7.767169 -34.165438 -3.740471
v -6.740097 -34.165438 -5.375048
v -5.375048 -34.165438 -6.740097
v -3.740471 -34.165438 -7.767169
v -1.918332 -34.165438 -8.404763
v 0.000000 -34.165438 -8.620907
v 1.918332 -34.165438 -8.404763
v 3.740471 -34.165438 -7.767169
v 5.375048 -34.165438 -6.740097
v 6.740097 -34.165438 -5.375048
v 7.767169 -34.165438 -3.740471
v 8.404763 -34.165438 -1.918332
v 8.620907 -34.165438 0.000000
v 8.404763 -34.165438 1.918332
v 7.767169 -34.165438 3.740471
v 6.740097 -34.165438 5.375048
v 5.375048 -34.165438 6.740097
v 3.740471 -34.165438 7.767169
v 1.918332 -34.165438 8.404763
v 0.000000 -32.750000 8.062258
v -1.794021 -32.750000 7.860120
v -3.498083 -32.750000 7.263843
v -5.026735 -32.750000 6.303327
v -6.303327 -32.750000 5.026735
v -7.263843 -32.750000 3.498083
v -7.860120 -32.750000 1.794021
v -8.062258 -32.750000 0.000000
v -7.860120 -32.750000 -1.794021
v -7.263843 -32.750000 -3.498083
v -6.303327 -32.750000 -5.026735
v -5.026735 -32.750000 -6.303327
v -3.498083 -32.750000 -7.263843
v -1.794021 -32.750000 -7.860120
v 0.000000 -32.750000 -8.062258
v 1.794021 -32.750000 -7.860120
v 3.498083 -32.750000 -7.263843
v 5.026735 -32.750000 -6.303327
v 6.303327 -32.750000 -5.026735
v 7.263843 -32.750000 -3.498083
v 7.860120 -32.750000 -1.794021
v 8.062258 -32.750000 0.000000
v 7.860120 -32.750000 1.794021
v 7.263843 -32.750000 3.498083
v 6.303327 -32.750000 5.026735
v 5.026735 -32.750000 6.303327
v 3.498083 -32.750000 7.263843
v 1.794021 -32.750000 7.860120
v 0.000000 -32.750000 0.000000
v 0.000000 1.000000 46.750000
v -1.516247 1.000000 46.621358
v -1.478232 0.662603 46.621358
v -1.366091 0.342125 46.621358
v -1.185450 0.054635 46.621358
v -0.945365 -0.185450 46.621358
v -0.657875 -0.366091 46.621358
v -0.337397 -0.478232 46.621358
v 0.000000 -0.516247 46.621358
v 0.337397 -0.478232 46.621358
v 0.657875 -0.366091 46.621358
v 0.945365 -0.185450 46.621358
v 1.185450 0.054635 46.621358
v 1.366091 0.342125 46.621358
v 1.478232 0.662603 46.621358
v 1.516247 1.000000 46.621358
v 1.478232 1.337397 46.621358
v 1.366091 1.657875 46.621358
v 1.185450 1.945365 46.621358
v 0.945365 2.185450 46.621358
v 0.657875 2.366091 46.621358
v 0.337397 2.478232 46.621358
v 0.000000 2.516247 46.621358
v -0.337397 2.478232 46.621358
v -0.657875 2.366091 46.621358
v -0.945365 2.185450 46.621358
v -1.185450 1.945365 46.621358
v -1.366091 1.657875 46.621358
v -1.478232 1.337397 46.621358
v -2.989149 1.000000 46.239110
v -2.914205 0.334852 46.239110
v -2.693130 -0.296943 46.239110
v -2.337011 -0.863704 46.239110
v -1.863704 -1.337011 46.239110
v -1.296943 -1.693130 46.239110
v -0.665148 -1.914205 46.239110
v 0.000000 -1.989149 46.239110
v 0.665148 -1.914205 46.239110
v 1.296943 -1.693130 46.239110
v 1.863704 -1.337011 46.239110
v 2.337011 -0.863704 46.239110
v 2.693130 -0.296943 46.239110
v 2.914205 0.334852 46.239110
v 2.989149 1.000000 46.239110
v 2.914205 1.665148 46.239110
v 2.693130 2.296943 46.239110
v 2.337011 2.863704 46.239110
v 1.863704 3.337011 46.239110
v 1.296943 3.693130 46.239110
v 0.665148 3.914205 46.239110
v 0.000000 3.989149 46.239110
v -0.665148 3.914205 46.239110
v -1.296943 3.693130 46.239110
v -1.863704 3.337011 46.239110
v -2.337011 2.863704 46.239110
v -2.693130 2.296943 46.239110
v -2.914205 1.665148 46.239110
v -4.376600 1.000000 45.614183
v -4.266869 0.026115 45.614183
v -3.943180 -0.898935 45.614183
v -3.421764 -1.728765 45.614183
v -2.728765 -2.421764 45.614183
v -1.898935 -2.943180 45.614183
v -0.973885 -3.266869 45.614183
v 0.000000 -3.376600 45.614183
v 0.973885 -3.266869 45.614183
v 1.898935 -2.943180 45.614183
v 2.728765 -2.421764 45.614183
v 3.421764 -1.728765 45.614183
v 3.943180 -0.898935 45.614183
v 4.266869 0.026115 45.614183
v 4.376600 1.000000 45.614183
v 4.266869 1.973885 45.614183
v 3.943180 2.898935 45.614183
v 3.421764 3.728765 45.614183
v 2.728765 4.421764 45.614183
v 1.898935 4.943180 45.614183
v 0.973885 5.266869 45.614183
v 0.000000 5.376600 45.614183
v -0.973885 5.266869 45.614183
v -1.898935 4.943180 45.614183
v -2.728765 4.421764 45.614183
v -3.421764 3.728765 45.614183
v -3.943180 2.898935 45.614183
v -4.266869 1.973885 45.614183
v -5.638936 1.000000 44.764442
v -5.497557 -0.254781 44.764442
v -5.080506 -1.446643 44.764442
v -4.408698 -2.515819 44.764442
v -3.515819 -3.408698 44.764442
v -2.446643 -4.080506 44.764442
v -1.254781 -4.497557 44.764442
v 0.000000 -4.638936 44.764442
v 1.254781 -4.497557 44.764442
v 2.446643 -4.080506 44.764442
v 3.515819 -3.408698 44.764442
v 4.408698 -2.515819 44.764442
v 5.080506 -1.446643 44.764442
v 5.497557 -0.254781 44.764442
v 5.638936 1.000000 44.764442
v 5.497557 2.254781 44.764442
v 5.080506 3.446643 44.764442
v 4.408698 4.515819 44.764442
v 3.515819 5.408698 44.764442
v 2.446643 6.080506 44.764442
v 1.254781 6.497557 44.764442
v 0.000000 6.638936 44.764442
v -1.254781 6.497557 44.764442
v -2.446643 6.080506 44.764442
v -3.515819 5.408698 44.764442
v -4.408698 4.515819 44.764442
v -5.080506 3.446643 44.764442
v -5.497557 2.254781 44.764442
v -6.740072 1.000000 43.714178
v -6.571085 -0.499807 43.714178
v -6.072595 -1.924408 43.714178
v -5.269601 -3.202366 43.714178
v -4.202366 -4.269601 43.714178
v -2.924408 -5.072595 43.714178
v -1.499807 -5.571085 43.714178
v 0.000000 -5.740072 43.714178
v 1.499807 -5.571085 43.714178
v 2.924408 -5.072595 43.714178
v 4.202366 -4.269601 43.714178
v 5.269601 -3.202366 43.714178
v 6.072595 -1.924408 43.714178
v 6.571085 -0.499807 43.714178
v 6.740072 1.000000 43.714178
v 6.571085 2.499807 43.714178
v 6.072595 3.924408 43.714178
v 5.269601 5.202366 43.714178
v 4.202366 6.269601 43.714178
v 2.924408 7.072595 43.714178
v 1.499807 7.571085 43.714178
v 0.000000 7.740072 43.714178
v -1.499807 7.571085 43.714178
v -2.924408 7.072595 43.714178
v -4.202366 6.269601 43.714178
v -5.269601 5.202366 43.714178
v -6.072595 3.924408 43.714178
v -6.571085 2.499807 43.714178
v -7.648529 1.000000 42.493416
v -7.456765 -0.701958 42.493416
v -6.891087 -2.318572 42.493416
v -5.979861 -3.768780 42.493416
v -4.768780 -4.979861 42.493416
v -3.318572 -5.891087 42.493416
v -1.701958 -6.456765 42.493416
v 0.000000 -6.648529 42.493416
v 1.701958 -6.456765 42.493416
v 3.318572 -5.891087 42.493416
v 4.768780 -4.979861 42.493416
v 5.979861 -3.768780 42.493416
v 6.891087 -2.318572 42.493416
v 7.456765 -0.701958 42.493416
v 7.648529 1.000000 42.493416
v 7.456765 2.701958 42.493416
v 6.891087 4.318572 42.493416
v 5.979861 5.768780 42.493416
v 4.768780 6.979861 42.493416
v 3.318572 7.891087 42.493416
v 1.701958 8.456765 42.493416
v 0.000000 8.648529 42.493416
v -1.701958 8.456765 42.493416
v -3.318572 7.891087 42.493416
v -4.768780 6.979861 42.493416
v -5.979861 5.768780 42.493416
v -6.891087 4.318572 42.493416
v -7.456765 2.701958 42.493416
v -8.338337 1.000000 41.137054
v -8.129278 -0.855455 41.137054
v -7.512582 -2.617869 41.137054
v -6.519174 -4.198868 41.137054
v -5.198868 -5.519174 41.137054
v -3.617869 -6.512582 41.137054
v -1.855455 -7.129278 41.137054
v 0.000000 -7.338337 41.137054
v 1.855455 -7.129278 41.137054
v 3.617869 -6.512582 41.137054
v 5.198868 -5.519174 41.137054
v 6.519174 -4.198868 41.137054
v 7.512582 -2.617869 41.137054
v 8.129278 -0.855455 41.137054
v 8.338337 1.000000 41.137054
v 8.129278 2.855455 41.137054
v 7.512582 4.617869 41.137054
v 6.519174 6.198868 41.137054
v 5.198868 7.519174 41.137054
v 3.617869 8.512582 41.137054
v 1.855455 9.129278 41.137054
v 0.000000 9.338337 41.137054
v -1.855455 9.129278 41.137054
v -3.617869 8.512582 41.137054
v -5.198868 7.519174 41.137054
v -6.519174 6.198868 41.137054
v -7.512582 4.617869 41.137054
v -8.129278 2.855455 41.137054
v -8.789776 1.000000 39.683866
v -8.569398 -0.955909 39.683866
v -7.919315 -2.813741 39.683866
v -6.872124 -4.480336 39.683866
v -5.480336 -5.872124 39.683866
v -3.813741 -6.919315 39.683866
v -1.955909 -7.569398 39.683866
v 0.000000 -7.789776 39.683866
v 1.955909 -7.569398 39.683866
v 3.813741 -6.919315 39.683866
v 5.480336 -5.872124 39.683866
v 6.872124 -4.480336 39.683866
v 7.919315 -2.813741 39.683866
v 8.569398 -0.955909 39.683866
v 8.789776 1.000000 39.683866
v 8.569398 2.955909 39.683866
v 7.919315 4.813741 39.683866
v 6.872124 6.480336 39.683866
v 5.480336 7.872124 39.683866
v 3.813741 8.919315 39.683866
v 1.955909 9.569398 39.683866
v 0.000000 9.789776 39.683866
v -1.955909 9.569398 39.683866
v -3.813741 8.919315 39.683866
v -5.480336 7.872124 39.683866
v -6.872124 6.480336 39.683866
v -7.919315 4.813741 39.683866
v -8.569398 2.955909 39.683866
v -8.989941 1.000000 38.175394
v -8.764544 -1.000450 38.175394
v -8.099657 -2.900589 38.175394
v -7.028619 -4.605137 38.175394
v -5.605137 -6.028619 38.175394
v -3.900589 -7.099657 38.175394
v -2.000450 -7.764544 38.175394
v 0.000000 -7.989941 38.175394
v 2.000450 -7.764544 38.175394
v 3.900589 -7.099657 38.175394
v 5.605137 -6.028619 38.175394
v 7.028619 -4.605137 38.175394
v 8.099657 -2.900589 38.175394
v 8.764544 -1.000450 38.175394
v 8.989941 1.000000 38.175394
v 8.764544 3.000450 38.175394
v 8.099657 4.900589 38.175394
v 7.028619 6.605137 38.175394
v 5.605137 8.028619 38.175394
v 3.900589 9.099657 38.175394
v 2.000450 9.764544 38.175394
v 0.000000 9.989941 38.175394
v -2.000450 9.764544 38.175394
v -3.900589 9.099657 38.175394
v -5.605137 8.028619 38.175394
v -7.028619 6.605137 38.175394
v -8.099657 4.900589 38.175394
v -8.764544 3.000450 38.175394
v -8.933110 1.000000 36.654761
v -8.709138 -0.987804 36.654761
v -8.048454 -2.875931 36.654761
v -6.984187 -4.569703 36.654761
v -5.569703 -5.984187 36.654761
v -3.875931 -7.048454 36.654761
v -1.987804 -7.709138 36.654761
v 0.000000 -7.933110 36.654761
v 1.987804 -7.709138 36.654761
v 3.875931 -7.048454 36.654761
v 5.569703 -5.984187 36.654761
v 6.984187 -4.569703 36.654761
v 8.048454 -2.875931 36.654761
v 8.709138 -0.987804 36.654761
v 8.933110 1.000000 36.654761
v 8.709138 2.987804 36.654761
v 8.048454 4.875931 36.654761
v 6.984187 6.569703 36.654761
v 5.569703 7.984187 36.654761
v 3.875931 9.048454 36.654761
v 1.987804 9.709138 36.654761
v 0.000000 9.933110 36.654761
v -1.987804 9.709138 36.654761
v -3.875931 9.048454 36.654761
v -5.569703 7.984187 36.654761
v -6.984187 6.569703 36.654761
v -8.048454 4.875931 36.654761
v -8.709138 2.987804 36.654761
v -8.620907 1.000000 35.165438
v -8.404763 -0.918332 35.165438
v -7.767169 -2.740471 35.165438
v -6.740097 -4.375048 35.165438
v -5.375048 -5.740097 35.165438
v -3.740471 -6.767169 35.165438
v -1.918332 -7.404763 35.165438
v 0.000000 -7.620907 35.165438
v 1.918332 -7.404763 35.165438
v 3.740471 -6.767169 35.165438
v 5.375048 -5.740097 35.165438
v 6.740097 -4.375048 35.165438
v 7.767169 -2.740471 35.165438
v 8.404763 -0.918332 35.165438
v 8.620907 1.000000 35.165438
v 8.404763 2.918332 35.165438
v 7.767169 4.740471 35.165438
v 6.740097 6.375048 35.165438
v 5.375048 7.740097 35.165438
v 3.740471 8.767169 35.165438
v 1.918332 9.404763 35.165438
v 0.000000 9.620907 35.165438
v -1.918332 9.404763 35.165438
v -3.740471 8.767169 35.165438
v -5.375048 7.740097 35.165438
v -6.740097 6.375048 35.165438
v -7.767169 4.740471 35.165438
v -8.404763 2.918332 35.165438
v -8.062258 1.000000 33.750000
v -7.860120 -0.794021 33.750000
v -7.263843 -2.498083 33.750000
v -6.303327 -4.026735 33.750000
v -5.026735 -5.303327 33.750000
v -3.498083 -6.263843 33.750000
v -1.794021 -6.860120 33.750000
v 0.000000 -7.062258 33.750000
v 1.794021 -6.860120 33.750000
v 3.498083 -6.263843 33.750000
v 5.026735 -5.303327 33.750000
v 6.303327 -4.026735 33.750000
v 7.263843 -2.498083 33.750000
v 7.860120 -0.794021 33.750000
v 8.062258 1.000000 33.750000
v 7.860120 2.794021 33.750000
v 7.263843 4.498083 33.750000
v 6.303327 6.026735 33.750000
v 5.026735 7.303327 33.750000
v 3.498083 8.263843 33.750000
v 1.794021 8.860120 33.750000
v 0.000000 9.062258 33.750000
v -1.794021 8.860120 33.750000
v -3.498083 8.263843 33.750000
v -5.026735 7.303327 33.750000
v -6.303327 6.026735 33.750000
v -7.263843 4.498083 33.750000
v -7.860120 2.794021 33.750000
v 0.000000 1.000000 33.750000
v 0.000000 1.000000 -46.750000
v 1.516247 1.000000 -46.621358
v 1.478232 0.662603 -46.621358
v 1.366091 0.342125 -46.621358
v 1.185450 0.054635 -46.621358
v 0.945365 -0.185450 -46.621358
v 0.657875 -0.366091 -46.621358
v 0.337397 -0.478232 -46.621358
v 0.000000 -0.516247 -46.621358
v -0.337397 -0.478232 -46.621358
v -0.657875 -0.366091 -46.621358
v -0.945365 -0.185450 -46.621358
v -1.185450 0.054635 -46.621358
v -1.366091 0.342125 -46.621358
v -1.478232 0.662603 -46.621358
v -1.516247 1.000000 -46.621358
v -1.478232 1.337397 -46.621358
v -1.366091 1.657875 -46.621358
v -1.185450 1.945365 -46.621358
v -0.945365 2.185450 -46.621358
v -0.657875 2.366091 -46.621358
v -0.337397 2.478232 -46.621358
v 0.000000 2.516247 -46.621358
v 0.337397 2.478232 -46.621358
v 0.657875 2.366091 -46.621358
v 0.945365 2.185450 -46.621358
v 1.185450 1.945365 -46.621358
v 1.366091 1.657875 -46.621358
v 1.478232 1.337397 -46.621358
v 2.989149 1.000000 -46.239110
v 2.914205 0.334852 -46.239110
v 2.693130 -0.296943 -46.239110
v 2.337011 -0.863704 -46.239110
v 1.863704 -1.337011 -46.239110
v 1.296943 -1.693130 -46.239110
v 0.665148 -1.914205 -46.239110
v 0.000000 -1.989149 -46.239110
v -0.665148 -1.914205 -46.239110
v -1.296943 -1.693130 -46.239110
v -1.863704 -1.337011 -46.239110
v -2.337011 -0.863704 -46.239110
v -2.693130 -0.296943 -46.239110
v -2.914205 0.334852 -46.239110
v -2.989149 1.000000 -46.239110
v -2.914205 1.665148 -46.239110
v -2.693130 2.296943 -46.239110
v -2.337011 2.863704 -46.239110
v -1.863704 3.337011 -46.239110
v -1.296943 3.693130 -46.239110
v -0.665148 3.914205 -46.239110
v 0.000000 3.989149 -46.239110
v 0.665148 3.914205 -46.239110
v 1.296943 3.693130 -46.239110
v 1.863704 3.337011 -46.239110
v 2.337011 2.863704 -46.239110
v 2.693130 2.296943 -46.239110
v 2.914205 1.665148 -46.239110
v 4.376600 1.000000 -45.614183
v 4.266869 0.026115 -45.614183
v 3.943180 -0.898935 -45.614183
v 3.421764 -1.728765 -45.614183
v 2.728765 -2.421764 -45.614183
v 1.898935 -2.943180 -45.614183
v 0.973885 -3.266869 -45.614183
v 0.000000 -3.376600 -45.614183
v -0.973885 -3.266869 -45.614183
v -1.898935 -2.943180 -45.614183
v -2.728765 -2.421764 -45.614183
v -3.421764 -1.728765 -45.614183
v -3.943180 -0.898935 -45.614183
v -4.266869 0.026115 -45.614183
v -4.376600 1.000000 -45.614183
v -4.266869 1.973885 -45.614183
v -3.943180 2.898935 -45.614183
v -3.421764 3.728765 -45.614183
v -2.728765 4.421764 -45.614183
v -1.898935 4.943180 -45.614183
v -0.973885 5.266869 -45.614183
v 0.000000 5.376600 -45.614183
v 0.973885 5.266869 -45.614183
v 1.898935 4.943180 -45.614183
v 2.728765 4.421764 -45.614183
v 3.421764 3.728765 -45.614183
v 3.943180 2.898935 -45.614183
v 4.266869 1.973885 -45.614183
v 5.638936 1.000000 -44.764442
v 5.497557 -0.254781 -44.764442
v 5.080506 -1.446643 -44.764442
v 4.408698 -2.515819 -44.764442
v 3.515819 -3.408698 -44.764442
v 2.446643 -4.080506 -44.764442
v 1.254781 -4.497557 -44.764442
v 0.000000 -4.638936 -44.764442
v -1.254781 -4.497557 -44.764442
v -2.446643 -4.080506 -44.764442
v -3.515819 -3.408698 -44.764442
v -4.408698 -2.515819 -44.764442
v -5.080506 -1.446643 -44.764442
v -5.497557 -0.254781 -44.764442
v -5.638936 1.000000 -44.764442
v -5.497557 2.254781 -44.764442
v -5.080506 3.446643 -44.764442
v -4.408698 4.515819 -44.764442
v -3.515819 5.408698 -44.764442
v -2.446643 6.080506 -44.764442
v -1.254781 6.497557 -44.764442
v 0.000000 6.638936 -44.764442
v 1.254781 6.497557 -44.764442
v 2.446643 6.080506 -44.764442
v 3.515819 5.408698 -44.764442
v 4.408698 4.515819 -44.764442
v 5.080506 3.446643 -44.764442
v 5.497557 2.254781 -44.764442
v 6.740072 1.000000 -43.714178
v 6.571085 -0.499807 -43.714178
v 6.072595 -1.924408 -43.714178
v 5.269601 -3.202366 -43.714178
v 4.202366 -4.269601 -43.714178
v 2.924408 -5.072595 -43.714178
v 1.499807 -5.571085 -43.714178
v 0.000000 -5.740072 -43.714178
v -1.499807 -5.571085 -43.714178
v -2.924408 -5.072595 -43.714178
v -4.202366 -4.269601 -43.714178
v -5.269601 -3.202366 -43.714178
v -6.072595 -1.924408 -43.714178
v -6.571085 -0.499807 -43.714178
v -6.740072 1.000000 -43.714178
v -6.571085 2.499807 -43.714178
v -6.072595 3.924408 -43.714178
v -5.269601 5.202366 -43.714178
v -4.202366 6.269601 -43.714178
v -2.924408 7.072595 -43.714178
v -1.499807 7.571085 -43.714178
v 0.000000 7.740072 -43.714178
v 1.499807 7.571085 -43.714178
v 2.924408 7.072595 -43.714178
v 4.202366 6.269601 -43.714178
v 5.269601 5.202366 -43.714178
v 6.072595 3.924408 -43.714178
v 6.571085 2.499807 -43.714178
v 7.648529 1.000000 -42.493416
v 7.456765 -0.701958 -42.493416
v 6.891087 -2.318572 -42.493416
v 5.979861 -3.768780 -42.493416
v 4.768780 -4.979861 -42.493416
v 3.318572 -5.891087 -42.493416
v 1.701958 -6.456765 -42.493416
v 0.000000 -6.648529 -42.493416
v -1.701958 -6.456765 -42.493416
v -3.318572 -5.891087 -42.493416
v -4.768780 -4.979861 -42.493416
v -5.979861 -3.768780 -42.493416
v -6.891087 -2.318572 -42.493416
v -7.456765 -0.701958 -42.493416
v -7.648529 1.000000 -42.493416
v -7.456765 2.701958 -42.493416
v -6.891087 4.318572 -42.493416
v -5.979861 5.768780 -42.493416
v -4.768780 6.979861 -42.493416
v -3.318572 7.891087 -42.493416
v -1.701958 8.456765 -42.493416
v 0.000000 8.648529 -42.493416
v 1.701958 8.456765 -42.493416
v 3.318572 7.891087 -42.493416
v 4.768780 6.979861 -42.493416
v 5.979861 5.768780 -42.493416
v 6.891087 4.318572 -42.493416
v 7.456765 2.701958 -42.493416
v 8.338337 1.000000 -41.137054
v 8.129278 -0.855455 -41.137054
v 7.512582 -2.617869 -41.137054
v 6.519174 -4.198868 -41.137054
v 5.198868 -5.519174 -41.137054
v 3.617869 -6.512582 -41.137054
v 1.855455 -7.129278 -41.137054
v 0.000000 -7.338337 -41.137054
v -1.855455 -7.129278 -41.137054
v -3.617869 -6.512582 -41.137054
v -5.198868 -5.519174 -41.137054
v -6.519174 -4.198868 -41.137054
v -7.512582 -2.617869 -41.137054
v -8.129278 -0.855455 -41.137054
v -8.338337 1.000000 -41.137054
v -8.129278 2.855455 -41.137054
v -7.512582 4.617869 -41.137054
v -6.519174 6.198868 -41.137054
v -5.198868 7.519174 -41.137054
v -3.617869 8.512582 -41.137054
v -1.855455 9.129278 -41.137054
v 0.000000 9.338337 -41.137054
v 1.855455 9.129278 -41.137054
v 3.617869 8.512582 -41.137054
v 5.198868 7.519174 -41.137054
v 6.519174 6.198868 -41.137054
v 7.512582 4.617869 -41.137054
v 8.129278 2.855455 -41.137054
v 8.789776 1.000000 -39.683866
v 8.569398 -0.955909 -39.683866
v 7.919315 -2.813741 -39.683866
v 6.872124 -4.480336 -39.683866
v 5.480336 -5.872124 -39.683866
v 3.813741 -6.919315 -39.683866
v 1.955909 -7.569398 -39.683866
v 0.000000 -7.789776 -39.683866
v -1.955909 -7.569398 -39.683866
v -3.813741 -6.919315 -39.683866
v -5.480336 -5.872124 -39.683866
v -6.872124 -4.480336 -39.683866
v -7.919315 -2.813741 -39.683866
v -8.569398 -0.955909 -39.683866
v -8.789776 1.000000 -39.683866
v -8.569398 2.955909 -39.683866
v -7.919315 4.813741 -39.683866
v -6.872124 6.480336 -39.683866
v -5.480336 7.872124 -39.683866
v -3.813741 8.919315 -39.683866
v -1.955909 9.569398 -39.683866
v 0.000000 9.789776 -39.683866
v 1.955909 9.569398 -39.683866
v 3.813741 8.919315 -39.683866
v 5.480336 7.872124 -39.683866
v 6.872124 6.480336 -39.683866
v 7.919315 4.813741 -39.683866
v 8.569398 2.955909 -39.683866
v 8.989941 1.000000 -38.175394
v 8.764544 -1.000450 -38.175394
v 8.099657 -2.900589 -38.175394
v 7.028619 -4.605137 -38.175394
v 5.605137 -6.028619 -38.175394
v 3.900589 -7.099657 -38.175394
v 2.000450 -7.764544 -38.175394
v 0.000000 -7.989941 -38.175394
v -2.000450 -7.764544 -38.175394
v -3.900589 -7.099657 -38.175394
v -5.605137 -6.028619 -38.175394
v -7.028619 -4.605137 -38.175394
v -8.099657 -2.900589 -38.175394
v -8.764544 -1.000450 -38.175394
v -8.989941 1.000000 -38.175394
v -8.764544 3.000450 -38.175394
v -8.099657 4.900589 -38.175394
v -7.028619 6.605137 -38.175394
v -5.605137 8.028619 -38.175394
v -3.900589 9.099657 -38.175394
v -2.000450 9.764544 -38.175394
v 0.000000 9.989941 -38.175394
v 2.000450 9.764544 -38.175394
v 3.900589 9.099657 -38.175394
v 5.605137 8.028619 -38.175394
v 7.028619 6.605137 -38.175394
v 8.099657 4.900589 -38.175394
v 8.764544 3.000450 -38.175394
v 8.933110 1.000000 -36.654761
v 8.709138 -0.987804 -36.654761
v 8.048454 -2.875931 -36.654761
v 6.984187 -4.569703 -36.654761
v 5.569703 -5.984187 -36.654761
v 3.875931 -7.048454 -36.654761
v 1.987804 -7.709138 -36.654761
v 0.000000 -7.933110 -36.654761
v -1.987804 -7.709138 -36.654761
v -3.875931 -7.048454 -36.654761
v -5.569703 -5.984187 -36.654761
v -6.984187 -4.569703 -36.654761
v -8.048454 -2.875931 -36.654761
v -8.709138 -0.987804 -36.654761
v -8.933110 1.000000 -36.654761
v -8.709138 2.987804 -36.654761
v -8.048454 4.875931 -36.654761
v -6.984187 6.569703 -36.654761
v -5.569703 7.984187 -36.654761
v -3.875931 9.048454 -36.654761
v -1.987804 9.709138 -36.654761
v 0.000000 9.933110 -36.654761
v 1.987804 9.709138 -36.654761
v 3.875931 9.048454 -36.654761
v 5.569703 7.984187 -36.654761
v 6.984187 6.569703 -36.654761
v 8.048454 4.875931 -36.654761
v 8.709138 2.987804 -36.654761
v 8.620907 1.000000 -35.165438
v 8.404763 -0.918332 -35.165438
v 7.767169 -2.740471 -35.165438
v 6.740097 -4.375048 -35.165438
v 5.375048 -5.740097 -35.165438
v 3.740471 -6.767169 -35.165438
v 1.918332 -7.404763 -35.165438
v 0.000000 -7.620907 -35.165438
v -1.918332 -7.404763 -35.165438
v -3.740471 -6.767169 -35.165438
v -5.375048 -5.740097 -35.165438
v -6.740097 -4.375048 -35.165438
v -7.767169 -2.740471 -35.165438
v -8.404763 -0.918332 -35.165438
v -8.620907 1.000000 -35.165438
v -8.404763 2.918332 -35.165438
v -7.767169 4.740471 -35.165438
v -6.740097 6.375048 -35.165438
v -5.375048 7.740097 -35.165438
v -3.740471 8.767169 -35.165438
v -1.918332 9.404763 -35.165438
v 0.000000 9.620907 -35.165438
v 1.918332 9.404763 -35.165438
v 3.740471 8.767169 -35.165438
v 5.375048 7.740097 -35.165438
v 6.740097 6.375048 -35.165438
v 7.767169 4.740471 -35.165438
v 8.404763 2.918332 -35.165438
v 8.062258 1.000000 -33.750000
v 7.860120 -0.794021 -33.750000
v 7.263843 -2.498083 -33.750000
v 6.303327 -4.026735 -33.750000
v 5.026735 -5.303327 -33.750000
v 3.498083 -6.263843 -33.750000
v 1.794021 -6.860120 -33.750000
v 0.000000 -7.062258 -33.750000
v -1.794021 -6.860120 -33.750000
v -3.498083 -6.263843 -33.750000
v -5.026735 -5.303327 -33.750000
v -6.303327 -4.026735 -33.750000
v -7.263843 -2.498083 -33.750000
v -7.860120 -0.794021 -33.750000
v -8.062258 1.000000 -33.750000
v -7.860120 2.794021 -33.750000
v -7.263843 4.498083 -33.750000
v -6.303327 6.026735 -33.750000
v -5.026735 7.303327 -33.750000
v -3.498083 8.263843 -33.750000
v -1.794021 8.860120 -33.750000
v 0.000000 9.062258 -33.750000
v 1.794021 8.860120 -33.750000
v 3.498083 8.263843 -33.750000
v 5.026735 7.303327 -33.750000
v 6.303327 6.026735 -33.750000
v 7.263843 4.498083 -33.750000
v 7.860120 2.794021 -33.750000
v 0.000000 1.000000 -33.750000
s off
f 2 57 58
f 3 58 59
f 4 59 60
f 5 60 61
f 6 61 62
f 7 62 63
f 8 63 64
f 9 64 65
f 10 65 66
f 11 66 67
f 12 67 68
f 13 68 69
f 14 69 70
f 15 70 71
f 16 71 72
f 17 72 73
f 18 73 74
f 19 74 75
f 20 75 76
f 21 76 77
f 22 77 78
f 23 78 79
f 24 79 80
f 25 80 81
f 26 81 82
f 27 82 83
f 28 83 84
f 29 84 85
f 30 85 86
f 31 86 87
f 32 87 88
f 33 88 89
f 34 89 90
f 35 90 91
f 36 91 92
f 37 92 93
f 38 93 94
f 39 94 95
f 40 95 96
f 41 96 97
f 42 97 98
f 43 98 99
f 44 99 100
f 45 100 101
f 46 101 102
f 47 102 103
f 48 103 104
f 49 104 105
f 50 105 106
f 51 106 107
f 52 107 108
f 53 108 109
f 54 109 110
f 55 110 111
f 56 111 112
f 1 112 57
f 57 113 58
f 58 113 114
f 58 114 59
f 59 114 115
f 59 115 60
f 60 115 116
f 60 116 61
f 61 116 117
f 61 117 62
f 62 117 118
f 62 118 63
f 63 118 119
f 63 119 64
f 64 119 120
f 64 120 65
f 65 120 121
f 65 121 66
f 66 121 122
f 66 122 67
f 67 122 123
f 67 123 68
f 68 123 124
f 68 124 69
f 69 124 125
f 69 125 70
f 70 125 126
f 70 126 71
f 71 126 127
f 71 127 72
f 72 127 128
f 72 128 73
f 73 128 129
f 73 129 74
f 74 129 130
f 74 130 75
f 75 130 131
f 75 131 76
f 76 131 132
f 76 132 77
f 77 132 133
f 77 133 78
f 78 133 134
f 78 134 79
f 79 134 135
f 79 135 80
f 80 135 136
f 80 136 81
f 81 136 137
f 81 137 82
f 82 137 138
f 82 138 83
f 83 138 139
f 83 139 84
f 84 139 140
f 84 140 85
f 85 140 141
f 85 141 86
f 86 141 142
f 86 142 87
f 87 142 143
f 87 143 88
f 88 143 144
f 88 144 89
f 89 144 145
f 89 145 90
f 90 145 146
f 90 146 91
f 91 146 147
f 91 147 92
f 92 147 148
f 92 148 93
f 93 148 149
f 93 149 94
f 94 149 150
f 94 150 95
f 95 150 151
f 95 151 96
f 96 151 152
f 96 152 97
f 97 152 153
f 97 153 98
f 98 153 154
f 98 154 99
f 99 154 155
f 99 155 100
f 100 155 156
f 100 156 101
f 101 156 157
f 101 157 102
f 102 157 158
f 102 158 103
f 103 158 159
f 103 159 104
f 104 159 160
f 104 160 105
f 105 160 161
f 105 161 106
f 106 161 162
f 106 162 107
f 107 162 163
f 107 163 108
f 108 163 164
f 108 164 109
f 109 164 165
f 109 165 110
f 110 165 166
f 110 166 111
f 111 166 167
f 111 167 112
f 112 167 168
f 112 168 57
f 57 168 113
f 113 169 114
f 114 169 170
f 114 170 115
f 115 170 171
f 115 171 116
f 116 171 172
f 116 172 117
f 117 172 173
f 117 173 118
f 118 173 174
f 118 174 119
f 119 174 175
f 119 175 120
f 120 175 176
f 120 176 121
f 121 176 177
f 121 177 122
f 122 177 178
f 122 178 123
f 123 178 179
f 123 179 124
f 124 179 180
f 124 180 125
f 125 180 181
f 125 181 126
f 126 181 182
f 126 182 127
f 127 182 183
f 127 183 128
f 128 183 184
f 128 184 129
f 129 184 185
f 129 185 130
f 130 185 186
f 130 186 131
f 131 186 187
f 131 187 132
f 132 187 188
f 132 188 133
f 133 188 189
f 133 189 134
f 134 189 190
f 134 190 135
f 135 190 191
f 135 191 136
f 136 191 192
f 136 192 137
f 137 192 193
f 137 193 138
f 138 193 194
f 138 194 139
f 139 194 195
f 139 195 140
f 140 195 196
f 140 196 141
f 141 196 197
f 141 197 142
f 142 197 198
f 142 198 143
f 143 198 199
f 143 199 144
f 144 199 200
f 144 200 145
f 145 200 201
f 145 201 146
f 146 201 202
f 146 202 147
f 147 202 203
f 147 203 148
f 148 203 204
f 148 204 149
f 149 204 205
f 149 205 150
f 150 205 206
f 150 206 151
f 151 206 207
f 151 207 152
f 152 207 208
f 152 208 153
f 153 208 209
f 153 209 154
f 154 209 210
f 154 210 155
f 155 210 211
f 155 211 156
f 156 211 212
f 156 212 157
f 157 212 213
f 157 213 158
f 158 213 214
f 158 214 159
f 159 214 215
f 159 215 160
f 160 215 216
f 160 216 161
f 161 216 217
f 161 217 162
f 162 217 218
f 162 218 163
f 163 218 219
f 163 219 164
f 164 219 220
f 164 220 165
f 165 220 221
f 165 221 166
f 166 221 222
f 166 222 167
f 167 222 223
f 167 223 168
f 168 223 224
f 168 224 113
f 113 224 169
f 169 225 170
f 170 225 226
f 170 226 171
f 171 226 227
f 171 227 172
f 172 227 228
f 172 228 173
f 173 228 229
f 173 229 174
f 174 229 230
f 174 230 175
f 175 230 231
f 175 231 176
f 176 231 232
f 176 232 177
f 177 232 233
f 177 233 178
f 178 233 234
f 178 234 179
f 179 234 235
f 179 235 180
f 180 235 236
f 180 236 181
f 181 236 237
f 181 237 182
f 182 237 238
f 182 238 183
f 183 238 239
f 183 239 184
f 184 239 240
f 184 240 185
f 185 240 241
f 185 241 186
f 186 241 242
f 186 242 187
f 187 242 243
f 187 243 188
f 188 243 244
f 188 244 189
f 189 244 245
f 189 245 190
f 190 245 246
f 190 246 191
f 191 246 247
f 191 247 192
f 192 247 248
f 192 248 193
f 193 248 249
f 193 249 194
f 194 249 250
f 194 250 195
f 195 250 251
f 195 251 196
f 196 251 252
f 196 252 197
f 197 252 253
f 197 253 198
f 198 253 254
f 198 254 199
f 199 254 255
f 199 255 200
f 200 255 256
f 200 256 201
f 201 256 257
f 201 257 202
f 202 257 258
f 202 258 203
f 203 258 259
f 203 259 204
f 204 259 260
f 204 260 205
f 205 260 261
f 205 261 206
f 206 261 262
f 206 262 207
f 207 262 263
f 207 263 208
f 208 263 264
f 208 264 209
f 209 264 265
f 209 265 210
f 210 265 266
f 210 266 211
f 211 266 267
f 211 267 212
f 212 267 268
f 212 268 213
f 213 268 269
f 213 269 214
f 214 269 270
f 214 270 215
f 215 270 271
f 215 271 216
f 216 271 272
f 216 272 217
f 217 272 273
f 217 273 218
f 218 273 274
f 218 274 219
f 219 274 275
f 219 275 220
f 220 275 276
f 220 276 221
f 221 276 277
f 221 277 222
f 222 277 278
f 222 278 223
f 223 278 279
f 223 279 224
f 224 279 280
f 224 280 169
f 169 280 225
f 225 281 226
f 226 281 282
f 226 282 227
f 227 282 283
f 227 283 228
f 228 283 284
f 228 284 229
f 229 284 285
f 229 285 230
f 230 285 286
f 230 286 231
f 231 286 287
f 231 287 232
f 232 287 288
f 232 288 233
f 233 288 289
f 233 289 234
f 234 289 290
f 234 290 235
f 235 290 291
f 235 291 236
f 236 291 292
f 236 292 237
f 237 292 293
f 237 293 238
f 238 293 294
f 238 294 239
f 239 294 295
f 239 295 240
f 240 295 296
f 240 296 241
f 241 296 297
f 241 297 242
f 242 297 298
f 242 298 243
f 243 298 299
f 243 299 244
f 244 299 300
f 244 300 245
f 245 300 301
f 245 301 246
f 246 301 302
f 246 302 247
f 247 302 303
f 247 303 248
f 248 303 304
f 248 304 249
f 249 304 305
f 249 305 250
f 250 305 306
f 250 306 251
f 251 306 307
f 251 307 252
f 252 307 308
f 252 308 253
f 253 308 309
f 253 309 254
f 254 309 310
f 254 310 255
f 255 310 311
f 255 311 256
f 256 311 312
f 256 312 257
f 257 312 313
f 257 313 258
f 258 313 314
f 258 314 259
f 259 314 315
f 259 315 260
f 260 315 316
f 260 316 261
f 261 316 317
f 261 317 262
f 262 317 318
f 262 318 263
f 263 318 319
f 263 319 264
f 264 319 320
f 264 320 265
f 265 320 321
f 265 321 266
f 266 321 322
f 266 322 267
f 267 322 323
f 267 323 268
f 268 323 324
f 268 324 269
f 269 324 325
f 269 325 270
f 270 325 326
f 270 326 271
f 271 326 327
f 271 327 272
f 272 327 328
f 272 328 273
f 273 328 329
f 273 329 274
f 274 329 330
f 274 330 275
f 275 330 331
f 275 331 276
f 276 331 332
f 276 332 277
f 277 332 333
f 277 333 278
f 278 333 334
f 278 334 279
f 279 334 335
f 279 335 280
f 280 335 336
f 280 336 225
f 225 336 281
f 281 337 282
f 282 337 338
f 282 338 283
f 283 338 339
f 283 339 284
f 284 339 340
f 284 340 285
f 285 340 341
f 285 341 286
f 286 341 342
f 286 342 287
f 287 342 343
f 287 343 288
f 288 343 344
f 288 344 289
f 289 344 345
f 289 345 290
f 290 345 346
f 290 346 291
f 291 346 347
f 291 347 292
f 292 347 348
f 292 348 293
f 293 348 349
f 293 349 294
f 294 349 350
f 294 350 295
f 295 350 351
f 295 351 296
f 296 351 352
f 296 352 297
f 297 352 353
f 297 353 298
f 298 353 354
f 298 354 299
f 299 354 355
f 299 355 300
f 300 355 356
f 300 356 301
f 301 356 357
f 301 357 302
f 302 357 358
f 302 358 303
f 303 358 359
f 303 359 304
f 304 359 360
f 304 360 305
f 305 360 361
f 305 361 306
f 306 361 362
f 306 362 307
f 307 362 363
f 307 363 308
f 308 363 364
f 308 364 309
f 309 364 365
f 309 365 310
f 310 365 366
f 310 366 311
f 311 366 367
f 311 367 312
f 312 367 368
f 312 368 313
f 313 368 369
f 313 369 314
f 314 369 370
f 314 370 315
f 315 370 371
f 315 371 316
f 316 371 372
f 316 372 317
f 317 372 373
f 317 373 318
f 318 373 374
f 318 374 319
f 319 374 375
f 319 375 320
f 320 375 376
f 320 376 321
f 321 376 377
f 321 377 322
f 322 377 378
f 322 378 323
f 323 378 379
f 323 379 324
f 324 379 380
f 324 380 325
f 325 380 381
f 325 381 326
f 326 381 382
f 326 382 327
f 327 382 383
f 327 383 328
f 328 383 384
f 328 384 329
f 329 384 385
f 329 385 330
f 330 385 386
f 330 386 331
f 331 386 387
f 331 387 332
f 332 387 388
f 332 388 333
f 333 388 389
f 333 389 334
f 334 389 390
f 334 390 335
f 335 390 391
f 335 391 336
f 336 391 392
f 336 392 281
f 281 392 337
f 337 393 338
f 338 393 394
f 338 394 339
f 339 394 395
f 339 395 340
f 340 395 396
f 340 396 341
f 341 396 397
f 341 397 342
f 342 397 398
f 342 398 343
f 343 398 399
f 343 399 344
f 344 399 400
f 344 400 345
f 345 400 401
f 345 401 346
f 346 401 402
f 346 402 347
f 347 402 403
f 347 403 348
f 348 403 404
f 348 404 349
f 349 404 405
f 349 405 350
f 350 405 406
f 350 406 351
f 351 406 407
f 351 407 352
f 352 407 408
f 352 408 353
f 353 408 409
f 353 409 354
f 354 409 410
f 354 410 355
f 355 410 411
f 355 411 356
f 356 411 412
f 356 412 357
f 357 412 413
f 357 413 358
f 358 413 414
f 358 414 359
f 359 414 415
f 359 415 360
f 360 415 416
f 360 416 361
f 361 416 417
f 361 417 362
f 362 417 418
f 362 418 363
f 363 418 419
f 363 419 364
f 364 419 420
f 364 420 365
f 365 420 421
f 365 421 366
f 366 421 422
f 366 422 367
f 367 422 423
f 367 423 368
f 368 423 424
f 368 424 369
f 369 424 425
f 369 425 370
f 370 425 426
f 370 426 371
f 371 426 427
f 371 427 372
f 372 427 428
f 372 428 373
f 373 428 429
f 373 429 374
f 374 429 430
f 374 430 375
f 375 430 431
f 375 431 376
f 376 431 432
f 376 432 377
f 377 432 433
f 377 433 378
f 378 433 434
f 378 434 379
f 379 434 435
f 379 435 380
f 380 435 436
f 380 436 381
f 381 436 437
f 381 437 382
f 382 437 438
f 382 438 383
f 383 438 439
f 383 439 384
f 384 439 440
f 384 440 385
f 385 440 441
f 385 441 386
f 386 441 442
f 386 442 387
f 387 442 443
f 387 443 388
f 388 443 444
f 388 444 389
f 389 444 445
f 389 445 390
f 390 445 446
f 390 446 391
f 391 446 447
f 391 447 392
f 392 447 448
f 392 448 337
f 337 448 393
f 393 449 394
f 394 449 450
f 394 450 395
f 395 450 451
f 395 451 396
f 396 451 452
f 396 452 397
f 397 452 453
f 397 453 398
f 398 453 454
f 398 454 399
f 399 454 455
f 399 455 400
f 400 455 456
f 400 456 401
f 401 456 457
f 401 457 402
f 402 457 458
f 402 458 403
f 403 458 459
f 403 459 404
f 404 459 460
f 404 460 405
f 405 460 461
f 405 461 406
f 406 461 462
f 406 462 407
f 407 462 463
f 407 463 408
f 408 463 464
f 408 464 409
f 409 464 465
f 409 465 410
f 410 465 466
f 410 466 411
f 411 466 467
f 411 467 412
f 412 467 468
f 412 468 413
f 413 468 469
f 413 469 414
f 414 469 470
f 414 470 415
f 415 470 471
f 415 471 416
f 416 471 472
f 416 472 417
f 417 472 473
f 417 473 418
f 418 473 474
f 418 474 419
f 419 474 475
f 419 475 420
f 420 475 476
f 420 476 421
f 421 476 477
f 421 477 422
f 422 477 478
f 422 478 423
f 423 478 479
f 423 479 424
f 424 479 480
f 424 480 425
f 425 480 481
f 425 481 426
f 426 481 482
f 426 482 427
f 427 482 483
f 427 483 428
f 428 483 484
f 428 484 429
f 429 484 485
f 429 485 430
f 430 485 486
f 430 486 431
f 431 486 487
f 431 487 432
f 432 487 488
f 432 488 433
f 433 488 489
f 433 489 434
f 434 489 490
f 434 490 435
f 435 490 491
f 435 491 436
f 436 491 492
f 436 492 437
f 437 492 493
f 437 493 438
f 438 493 494
f 438 494 439
f 439 494 495
f 439 495 440
f 440 495 496
f 440 496 441
f 441 496 497
f 441 497 442
f 442 497 498
f 442 498 443
f 443 498 499
f 443 499 444
f 444 499 500
f 444 500 445
f 445 500 501
f 445 501 446
f 446 501 502
f 446 502 447
f 447 502 503
f 447 503 448
f 448 503 504
f 448 504 393
f 393 504 449
f 449 505 450
f 450 505 506
f 450 506 451
f 451 506 507
f 451 507 452
f 452 507 508
f 452 508 453
f 453 508 509
f 453 509 454
f 454 509 510
f 454 510 455
f 455 510 511
f 455 511 456
f 456 511 512
f 456 512 457
f 457 512 513
f 457 513 458
f 458 513 514
f 458 514 459
f 459 514 515
f 459 515 460
f 460 515 516
f 460 516 461
f 461 516 517
f 461 517 462
f 462 517 518
f 462 518 463
f 463 518 519
f 463 519 464
f 464 519 520
f 464 520 465
f 465 520 521
f 465 521 466
f 466 521 522
f 466 522 467
f 467 522 523
f 467 523 468
f 468 523 524
f 468 524 469
f 469 524 525
f 469 525 470
f 470 525 526
f 470 526 471
f 471 526 527
f 471 527 472
f 472 527 528
f 472 528 473
f 473 528 529
f 473 529 474
f 474 529 530
f 474 530 475
f 475 530 531
f 475 531 476
f 476 531 532
f 476 532 477
f 477 532 533
f 477 533 478
f 478 533 534
f 478 534 479
f 479 534 535
f 479 535 480
f 480 535 536
f 480 536 481
f 481 536 537
f 481 537 482
f 482 537 538
f 482 538 483
f 483 538 539
f 483 539 484
f 484 539 540
f 484 540 485
f 485 540 541
f 485 541 486
f 486 541 542
f 486 542 487
f 487 542 543
f 487 543 488
f 488 543 544
f 488 544 489
f 489 544 545
f 489 545 490
f 490 545 546
f 490 546 491
f 491 546 547
f 491 547 492
f 492 547 548
f 492 548 493
f 493 548 549
f 493 549 494
f 494 549 550
f 494 550 495
f 495 550 551
f 495 551 496
f 496 551 552
f 496 552 497
f 497 552 553
f 497 553 498
f 498 553 554
f 498 554 499
f 499 554 555
f 499 555 500
f 500 555 556
f 500 556 501
f 501 556 557
f 501 557 502
f 502 557 558
f 502 558 503
f 503 558 559
f 503 559 504
f 504 559 560
f 504 560 449
f 449 560 505
f 505 561 506
f 506 561 562
f 506 562 507
f 507 562 563
f 507 563 508
f 508 563 564
f 508 564 509
f 509 564 565
f 509 565 510
f 510 565 566
f 510 566 511
f 511 566 567
f 511 567 512
f 512 567 568
f 512 568 513
f 513 568 569
f 513 569 514
f 514 569 570
f 514 570 515
f 515 570 571
f 515 571 516
f 516 571 572
f 516 572 517
f 517 572 573
f 517 573 518
f 518 573 574
f 518 574 519
f 519 574 575
f 519 575 520
f 520 575 576
f 520 576 521
f 521 576 577
f 521 577 522
f 522 577 578
f 522 578 523
f 523 578 579
f 523 579 524
f 524 579 580
f 524 580 525
f 525 580 581
f 525 581 526
f 526 581 582
f 526 582 527
f 527 582 583
f 527 583 528
f 528 583 584
f 528 584 529
f 529 584 585
f 529 585 530
f 530 585 586
f 530 586 531
f 531 586 587
f 531 587 532
f 532 587 588
f 532 588 533
f 533 588 589
f 533 589 534
f 534 589 590
f 534 590 535
f 535 590 591
f 535 591 536
f 536 591 592
f 536 592 537
f 537 592 593
f 537 593 538
f 538 593 594
f 538 594 539
f 539 594 595
f 539 595 540
f 540 595 596
f 540 596 541
f 541 596 597
f 541 597 542
f 542 597 598
f 542 598 543
f 543 598 599
f 543 599 544
f 544 599 600
f 544 600 545
f 545 600 601
f 545 601 546
f 546 601 602
f 546 602 547
f 547 602 603
f 547 603 548
f 548 603 604
f 548 604 549
f 549 604 605
f 549 605 550
f 550 605 606
f 550 606 551
f 551 606 607
f 551 607 552
f 552 607 608
f 552 608 553
f 553 608 609
f 553 609 554
f 554 609 610
f 554 610 555
f 555 610 611
f 555 611 556
f 556 611 612
f 556 612 557
f 557 612 613
f 557 613 558
f 558 613 614
f 558 614 559
f 559 614 615
f 559 615 560
f 560 615 616
f 560 616 505
f 505 616 561
f 561 617 562
f 562 617 618
f 562 618 563
f 563 618 619
f 563 619 564
f 564 619 620
f 564 620 565
f 565 620 621
f 565 621 566
f 566 621 622
f 566 622 567
f 567 622 623
f 567 623 568
f 568 623 624
f 568 624 569
f 569 624 625
f 569 625 570
f 570 625 626
f 570 626 571
f 571 626 627
f 571 627 572
f 572 627 628
f 572 628 573
f 573 628 629
f 573 629 574
f 574 629 630
f 574 630 575
f 575 630 631
f 575 631 576
f 576 631 632
f 576 632 577
f 577 632 633
f 577 633 578
f 578 633 634
f 578 634 579
f 579 634 635
f 579 635 580
f 580 635 636
f 580 636 581
f 581 636 637
f 581 637 582
f 582 637 638
f 582 638 583
f 583 638 639
f 583 639 584
f 584 639 640
f 584 640 585
f 585 640 641
f 585 641 586
f 586 641 642
f 586 642 587
f 587 642 643
f 587 643 588
f 588 643 644
f 588 644 589
f 589 644 645
f 589 645 590
f 590 645 646
f 590 646 591
f 591 646 647
f 591 647 592
f 592 647 648
f 592 648 593
f 593 648 649
f 593 649 594
f 594 649 650
f 594 650 595
f 595 650 651
f 595 651 596
f 596 651 652
f 596 652 597
f 597 652 653
f 597 653 598
f 598 653 654
f 598 654 599
f 599 654 655
f 599 655 600
f 600 655 656
f 600 656 601
f 601 656 657
f 601 657 602
f 602 657 658
f 602 658 603
f 603 658 659
f 603 659 604
f 604 659 660
f 604 660 605
f 605 660 661
f 605 661 606
f 606 661 662
f 606 662 607
f 607 662 663
f 607 663 608
f 608 663 664
f 608 664 609
f 609 664 665
f 609 665 610
f 610 665 666
f 610 666 611
f 611 666 667
f 611 667 612
f 612 667 668
f 612 668 613
f 613 668 669
f 613 669 614
f 614 669 670
f 614 670 615
f 615 670 671
f 615 671 616
f 616 671 672
f 616 672 561
f 561 672 617
f 617 673 618
f 618 673 674
f 618 674 619
f 619 674 675
f 619 675 620
f 620 675 676
f 620 676 621
f 621 676 677
f 621 677 622
f 622 677 678
f 622 678 623
f 623 678 679
f 623 679 624
f 624 679 680
f 624 680 625
f 625 680 681
f 625 681 626
f 626 681 682
f 626 682 627
f 627 682 683
f 627 683 628
f 628 683 684
f 628 684 629
f 629 684 685
f 629 685 630
f 630 685 686
f 630 686 631
f 631 686 687
f 631 687 632
f 632 687 688
f 632 688 633
f 633 688 689
f 633 689 634
f 634 689 690
f 634 690 635
f 635 690 691
f 635 691 636
f 636 691 692
f 636 692 637
f 637 692 693
f 637 693 638
f 638 693 694
f 638 694 639
f 639 694 695
f 639 695 640
f 640 695 696
f 640 696 641
f 641 696 697
f 641 697 642
f 642 697 698
f 642 698 643
f 643 698 699
f 643 699 644
f 644 699 700
f 644 700 645
f 645 700 701
f 645 701 646
f 646 701 702
f 646 702 647
f 647 702 703
f 647 703 648
f 648 703 704
f 648 704 649
f 649 704 705
f 649 705 650
f 650 705 706
f 650 706 651
f 651 706 707
f 651 707 652
f 652 707 708
f 652 708 653
f 653 708 709
f 653 709 654
f 654 709 710
f 654 710 655
f 655 710 711
f 655 711 656
f 656 711 712
f 656 712 657
f 657 712 713
f 657 713 658
f 658 713 714
f 658 714 659
f 659 714 715
f 659 715 660
f 660 715 716
f 660 716 661
f 661 716 717
f 661 717 662
f 662 717 718
f 662 718 663
f 663 718 719
f 663 719 664
f 664 719 720
f 664 720 665
f 665 720 721
f 665 721 666
f 666 721 722
f 666 722 667
f 667 722 723
f 667 723 668
f 668 723 724
f 668 724 669
f 669 724 725
f 669 725 670
f 670 725 726
f 670 726 671
f 671 726 727
f 671 727 672
f 672 727 728
f 672 728 617
f 617 728 673
f 673 729 674
f 674 729 730
f 674 730 675
f 675 730 731
f 675 731 676
f 676 731 732
f 676 732 677
f 677 732 733
f 677 733 678
f 678 733 734
f 678 734 679
f 679 734 735
f 679 735 680
f 680 735 736
f 680 736 681
f 681 736 737
f 681 737 682
f 682 737 738
f 682 738 683
f 683 738 739
f 683 739 684
f 684 739 740
f 684 740 685
f 685 740 741
f 685 741 686
f 686 741 742
f 686 742 687
f 687 742 743
f 687 743 688
f 688 743 744
f 688 744 689
f 689 744 745
f 689 745 690
f 690 745 746
f 690 746 691
f 691 746 747
f 691 747 692
f 692 747 748
f 692 748 693
f 693 748 749
f 693 749 694
f 694 749 750
f 694 750 695
f 695 750 751
f 695 751 696
f 696 751 752
f 696 752 697
f 697 752 753
f 697 753 698
f 698 753 754
f 698 754 699
f 699 754 755
f 699 755 700
f 700 755 756
f 700 756 701
f 701 756 757
f 701 757 702
f 702 757 758
f 702 758 703
f 703 758 759
f 703 759 704
f 704 759 760
f 704 760 705
f 705 760 761
f 705 761 706
f 706 761 762
f 706 762 707
f 707 762 763
f 707 763 708
f 708 763 764
f 708 764 709
f 709 764 765
f 709 765 710
f 710 765 766
f 710 766 711
f 711 766 767
f 711 767 712
f 712 767 768
f 712 768 713
f 713 768 769
f 713 769 714
f 714 769 770
f 714 770 715
f 715 770 771
f 715 771 716
f 716 771 772
f 716 772 717
f 717 772 773
f 717 773 718
f 718 773 774
f 718 774 719
f 719 774 775
f 719 775 720
f 720 775 776
f 720 776 721
f 721 776 777
f 721 777 722
f 722 777 778
f 722 778 723
f 723 778 779
f 723 779 724
f 724 779 780
f 724 780 725
f 725 780 781
f 725 781 726
f 726 781 782
f 726 782 727
f 727 782 783
f 727 783 728
f 728 783 784
f 728 784 673
f 673 784 729
f 729 785 730
f 730 785 786
f 730 786 731
f 731 786 787
f 731 787 732
f 732 787 788
f 732 788 733
f 733 788 789
f 733 789 734
f 734 789 790
f 734 790 735
f 735 790 791
f 735 791 736
f 736 791 792
f 736 792 737
f 737 792 793
f 737 793 738
f 738 793 794
f 738 794 739
f 739 794 795
f 739 795 740
f 740 795 796
f 740 796 741
f 741 796 797
f 741 797 742
f 742 797 798
f 742 798 743
f 743 798 799
f 743 799 744
f 744 799 800
f 744 800 745
f 745 800 801
f 745 801 746
f 746 801 802
f 746 802 747
f 747 802 803
f 747 803 748
f 748 803 804
f 748 804 749
f 749 804 805
f 749 805 750
f 750 805 806
f 750 806 751
f 751 806 807
f 751 807 752
f 752 807 808
f 752 808 753
f 753 808 809
f 753 809 754
f 754 809 810
f 754 810 755
f 755 810 811
f 755 811 756
f 756 811 812
f 756 812 757
f 757 812 813
f 757 813 758
f 758 813 814
f 758 814 759
f 759 814 815
f 759 815 760
f 760 815 816
f 760 816 761
f 761 816 817
f 761 817 762
f 762 817 818
f 762 818 763
f 763 818 819
f 763 819 764
f 764 819 820
f 764 820 765
f 765 820 821
f 765 821 766
f 766 821 822
f 766 822 767
f 767 822 823
f 767 823 768
f 768 823 824
f 768 824 769
f 769 824 825
f 769 825 770
f 770 825 826
f 770 826 771
f 771 826 827
f 771 827 772
f 772 827 828
f 772 828 773
f 773 828 829
f 773 829 774
f 774 829 830
f 774 830 775
f 775 830 831
f 775 831 776
f 776 831 832
f 776 832 777
f 777 832 833
f 777 833 778
f 778 833 834
f 778 834 779
f 779 834 835
f 779 835 780
f 780 835 836
f 780 836 781
f 781 836 837
f 781 837 782
f 782 837 838
f 782 838 783
f 783 838 839
f 783 839 784
f 784 839 840
f 784 840 729
f 729 840 785
f 785 841 786
f 786 841 842
f 786 842 787
f 787 842 843
f 787 843 788
f 788 843 844
f 788 844 789
f 789 844 845
f 789 845 790
f 790 845 846
f 790 846 791
f 791 846 847
f 791 847 792
f 792 847 848
f 792 848 793
f 793 848 849
f 793 849 794
f 794 849 850
f 794 850 795
f 795 850 851
f 795 851 796
f 796 851 852
f 796 852 797
f 797 852 853
f 797 853 798
f 798 853 854
f 798 854 799
f 799 854 855
f 799 855 800
f 800 855 856
f 800 856 801
f 801 856 857
f 801 857 802
f 802 857 858
f 802 858 803
f 803 858 859
f 803 859 804
f 804 859 860
f 804 860 805
f 805 860 861
f 805 861 806
f 806 861 862
f 806 862 807
f 807 862 863
f 807 863 808
f 808 863 864
f 808 864 809
f 809 864 865
f 809 865 810
f 810 865 866
f 810 866 811
f 811 866 867
f 811 867 812
f 812 867 868
f 812 868 813
f 813 868 869
f 813 869 814
f 814 869 870
f 814 870 815
f 815 870 871
f 815 871 816
f 816 871 872
f 816 872 817
f 817 872 873
f 817 873 818
f 818 873 874
f 818 874 819
f 819 874 875
f 819 875 820
f 820 875 876
f 820 876 821
f 821 876 877
f 821 877 822
f 822 877 878
f 822 878 823
f 823 878 879
f 823 879 824
f 824 879 880
f 824 880 825
f 825 880 881
f 825 881 826
f 826 881 882
f 826 882 827
f 827 882 883
f 827 883 828
f 828 883 884
f 828 884 829
f 829 884 885
f 829 885 830
f 830 885 886
f 830 886 831
f 831 886 887
f 831 887 832
f 832 887 888
f 832 888 833
f 833 888 889
f 833 889 834
f 834 889 890
f 834 890 835
f 835 890 891
f 835 891 836
f 836 891 892
f 836 892 837
f 837 892 893
f 837 893 838
f 838 893 894
f 838 894 839
f 839 894 895
f 839 895 840
f 840 895 896
f 840 896 785
f 785 896 841
f 841 897 842
f 842 897 898
f 842 898 843
f 843 898 899
f 843 899 844
f 844 899 900
f 844 900 845
f 845 900 901
f 845 901 846
f 846 901 902
f 846 902 847
f 847 902 903
f 847 903 848
f 848 903 904
f 848 904 849
f 849 904 905
f 849 905 850
f 850 905 906
f 850 906 851
f 851 906 907
f 851 907 852
f 852 907 908
f 852 908 853
f 853 908 909
f 853 909 854
f 854 909 910
f 854 910 855
f 855 910 911
f 855 911 856
f 856 911 912
f 856 912 857
f 857 912 913
f 857 913 858
f 858 913 914
f 858 914 859
f 859 914 915
f 859 915 860
f 860 915 916
f 860 916 861
f 861 916 917
f 861 917 862
f 862 917 918
f 862 918 863
f 863 918 919
f 863 919 864
f 864 919 920
f 864 920 865
f 865 920 921
f 865 921 866
f 866 921 922
f 866 922 867
f 867 922 923
f 867 923 868
f 868 923 924
f 868 924 869
f 869 924 925
f 869 925 870
f 870 925 926
f 870 926 871
f 871 926 927
f 871 927 872
f 872 927 928
f 872 928 873
f 873 928 929
f 873 929 874
f 874 929 930
f 874 930 875
f 875 930 931
f 875 931 876
f 876 931 932
f 876 932 877
f 877 932 933
f 877 933 878
f 878 933 934
f 878 934 879
f 879 934 935
f 879 935 880
f 880 935 936
f 880 936 881
f 881 936 937
f 881 937 882
f 882 937 938
f 882 938 883
f 883 938 939
f 883 939 884
f 884 939 940
f 884 940 885
f 885 940 941
f 885 941 886
f 886 941 942
f 886 942 887
f 887 942 943
f 887 943 888
f 888 943 944
f 888 944 889
f 889 944 945
f 889 945 890
f 890 945 946
f 890 946 891
f 891 946 947
f 891 947 892
f 892 947 948
f 892 948 893
f 893 948 949
f 893 949 894
f 894 949 950
f 894 950 895
f 895 950 951
f 895 951 896
f 896 951 952
f 896 952 841
f 841 952 897
f 897 953 898
f 898 953 954
f 898 954 899
f 899 954 955
f 899 955 900
f 900 955 956
f 900 956 901
f 901 956 957
f 901 957 902
f 902 957 958
f 902 958 903
f 903 958 959
f 903 959 904
f 904 959 960
f 904 960 905
f 905 960 961
f 905 961 906
f 906 961 962
f 906 962 907
f 907 962 963
f 907 963 908
f 908 963 964
f 908 964 909
f 909 964 965
f 909 965 910
f 910 965 966
f 910 966 911
f 911 966 967
f 911 967 912
f 912 967 968
f 912 968 913
f 913 968 969
f 913 969 914
f 914 969 970
f 914 970 915
f 915 970 971
f 915 971 916
f 916 971 972
f 916 972 917
f 917 972 973
f 917 973 918
f 918 973 974
f 918 974 919
f 919 974 975
f 919 975 920
f 920 975 976
f 920 976 921
f 921 976 977
f 921 977 922
f 922 977 978
f 922 978 923
f 923 978 979
f 923 979 924
f 924 979 980
f 924 980 925
f 925 980 981
f 925 981 926
f 926 981 982
f 926 982 927
f 927 982 983
f 927 983 928
f 928 983 984
f 928 984 929
f 929 984 985
f 929 985 930
f 930 985 986
f 930 986 931
f 931 986 987
f 931 987 932
f 932 987 988
f 932 988 933
f 933 988 989
f 933 989 934
f 934 989 990
f 934 990 935
f 935 990 991
f 935 991 936
f 936 991 992
f 936 992 937
f 937 992 993
f 937 993 938
f 938 993 994
f 938 994 939
f 939 994 995
f 939 995 940
f 940 995 996
f 940 996 941
f 941 996 997
f 941 997 942
f 942 997 998
f 942 998 943
f 943 998 999
f 943 999 944
f 944 999 1000
f 944 1000 945
f 945 1000 1001
f 945 1001 946
f 946 1001 1002
f 946 1002 947
f 947 1002 1003
f 947 1003 948
f 948 1003 1004
f 948 1004 949
f 949 1004 1005
f 949 1005 950
f 950 1005 1006
f 950 1006 951
f 951 1006 1007
f 951 1007 952
f 952 1007 1008
f 952 1008 897
f 897 1008 953
f 953 1009 954
f 954 1009 1010
f 954 1010 955
f 955 1010 1011
f 955 1011 956
f 956 1011 1012
f 956 1012 957
f 957 1012 1013
f 957 1013 958
f 958 1013 1014
f 958 1014 959
f 959 1014 1015
f 959 1015 960
f 960 1015 1016
f 960 1016 961
f 961 1016 1017
f 961 1017 962
f 962 1017 1018
f 962 1018 963
f 963 1018 1019
f 963 1019 964
f 964 1019 1020
f 964 1020 965
f 965 1020 1021
f 965 1021 966
f 966 1021 1022
f 966 1022 967
f 967 1022 1023
f 967 1023 968
f 968 1023 1024
f 968 1024 969
f 969 1024 1025
f 969 1025 970
f 970 1025 1026
f 970 1026 971
f 971 1026 1027
f 971 1027 972
f 972 1027 1028
f 972 1028 973
f 973 1028 1029
f 973 1029 974
f 974 1029 1030
f 974 1030 975
f 975 1030 1031
f 975 1031 976
f 976 1031 1032
f 976 1032 977
f 977 1032 1033
f 977 1033 978
f 978 1033 1034
f 978 1034 979
f 979 1034 1035
f 979 1035 980
f 980 1035 1036
f 980 1036 981
f 981 1036 1037
f 981 1037 982
f 982 1037 1038
f 982 1038 983
f 983 1038 1039
f 983 1039 984
f 984 1039 1040
f 984 1040 985
f 985 1040 1041
f 985 1041 986
f 986 1041 1042
f 986 1042 987
f 987 1042 1043
f 987 1043 988
f 988 1043 1044
f 988 1044 989
f 989 1044 1045
f 989 1045 990
f 990 1045 1046
f 990 1046 991
f 991 1046 1047
f 991 1047 992
f 992 1047 1048
f 992 1048 993
f 993 1048 1049
f 993 1049 994
f 994 1049 1050
f 994 1050 995
f 995 1050 1051
f 995 1051 996
f 996 1051 1052
f 996 1052 997
f 997 1052 1053
f 997 1053 998
f 998 1053 1054
f 998 1054 999
f 999 1054 1055
f 999 1055 1000
f 1000 1055 1056
f 1000 1056 1001
f 1001 1056 1057
f 1001 1057 1002
f 1002 1057 1058
f 1002 1058 1003
f 1003 1058 1059
f 1003 1059 1004
f 1004 1059 1060
f 1004 1060 1005
f 1005 1060 1061
f 1005 1061 1006
f 1006 1061 1062
f 1006 1062 1007
f 1007 1062 1063
f 1007 1063 1008
f 1008 1063 1064
f 1008 1064 953
f 953 1064 1009
f 1009 1065 1010
f 1010 1065 1066
f 1010 1066 1011
f 1011 1066 1067
f 1011 1067 1012
f 1012 1067 1068
f 1012 1068 1013
f 1013 1068 1069
f 1013 1069 1014
f 1014 1069 1070
f 1014 1070 1015
f 1015 1070 1071
f 1015 1071 1016
f 1016 1071 1072
f 1016 1072 1017
f 1017 1072 1073
f 1017 1073 1018
f 1018 1073 1074
f 1018 1074 1019
f 1019 1074 1075
f 1019 1075 1020
f 1020 1075 1076
f 1020 1076 1021
f 1021 1076 1077
f 1021 1077 1022
f 1022 1077 1078
f 1022 1078 1023
f 1023 1078 1079
f 1023 1079 1024
f 1024 1079 1080
f 1024 1080 1025
f 1025 1080 1081
f 1025 1081 1026
f 1026 1081 1082
f 1026 1082 1027
f 1027 1082 1083
f 1027 1083 1028
f 1028 1083 1084
f 1028 1084 1029
f 1029 1084 1085
f 1029 1085 1030
f 1030 1085 1086
f 1030 1086 1031
f 1031 1086 1087
f 1031 1087 1032
f 1032 1087 1088
f 1032 1088 1033
f 1033 1088 1089
f 1033 1089 1034
f 1034 1089 1090
f 1034 1090 1035
f 1035 1090 1091
f 1035 1091 1036
f 1036 1091 1092
f 1036 1092 1037
f 1037 1092 1093
f 1037 1093 1038
f 1038 1093 1094
f 1038 1094 1039
f 1039 1094 1095
f 1039 1095 1040
f 1040 1095 1096
f 1040 1096 1041
f 1041 1096 1097
f 1041 1097 1042
f 1042 1097 1098
f 1042 1098 1043
f 1043 1098 1099
f 1043 1099 1044
f 1044 1099 1100
f 1044 1100 1045
f 1045 1100 1101
f 1045 1101 1046
f 1046 1101 1102
f 1046 1102 1047
f 1047 1102 1103
f 1047 1103 1048
f 1048 1103 1104
f 1048 1104 1049
f 1049 1104 1105
f 1049 1105 1050
f 1050 1105 1106
f 1050 1106 1051
f 1051 1106 1107
f 1051 1107 1052
f 1052 1107 1108
f 1052 1108 1053
f 1053 1108 1109
f 1053 1109 1054
f 1054 1109 1110
f 1054 1110 1055
f 1055 1110 1111
f 1055 1111 1056
f 1056 1111 1112
f 1056 1112 1057
f 1057 1112 1113
f 1057 1113 1058
f 1058 1113 1114
f 1058 1114 1059
f 1059 1114 1115
f 1059 1115 1060
f 1060 1115 1116
f 1060 1116 1061
f 1061 1116 1117
f 1061 1117 1062
f 1062 1117 1118
f 1062 1118 1063
f 1063 1118 1119
f 1063 1119 1064
f 1064 1119 1120
f 1064 1120 1009
f 1009 1120 1065
f 1065 1121 1066
f 1066 1121 1122
f 1066 1122 1067
f 1067 1122 1123
f 1067 1123 1068
f 1068 1123 1124
f 1068 1124 1069
f 1069 1124 1125
f 1069 1125 1070
f 1070 1125 1126
f 1070 1126 1071
f 1071 1126 1127
f 1071 1127 1072
f 1072 1127 1128
f 1072 1128 1073
f 1073 1128 1129
f 1073 1129 1074
f 1074 1129 1130
f 1074 1130 1075
f 1075 1130 1131
f 1075 1131 1076
f 1076 1131 1132
f 1076 1132 1077
f 1077 1132 1133
f 1077 1133 1078
f 1078 1133 1134
f 1078 1134 1079
f 1079 1134 1135
f 1079 1135 1080
f 1080 1135 1136
f 1080 1136 1081
f 1081 1136 1137
f 1081 1137 1082
f 1082 1137 1138
f 1082 1138 1083
f 1083 1138 1139
f 1083 1139 1084
f 1084 1139 1140
f 1084 1140 1085
f 1085 1140 1141
f 1085 1141 1086
f 1086 1141 1142
f 1086 1142 1087
f 1087 1142 1143
f 1087 1143 1088
f 1088 1143 1144
f 1088 1144 1089
f 1089 1144 1145
f 1089 1145 1090
f 1090 1145 1146
f 1090 1146 1091
f 1091 1146 1147
f 1091 1147 1092
f 1092 1147 1148
f 1092 1148 1093
f 1093 1148 1149
f 1093 1149 1094
f 1094 1149 1150
f 1094 1150 1095
f 1095 1150 1151
f 1095 1151 1096
f 1096 1151 1152
f 1096 1152 1097
f 1097 1152 1153
f 1097 1153 1098
f 1098 1153 1154
f 1098 1154 1099
f 1099 1154 1155
f 1099 1155 1100
f 1100 1155 1156
f 1100 1156 1101
f 1101 1156 1157
f 1101 1157 1102
f 1102 1157 1158
f 1102 1158 1103
f 1103 1158 1159
f 1103 1159 1104
f 1104 1159 1160
f 1104 1160 1105
f 1105 1160 1161
f 1105 1161 1106
f 1106 1161 1162
f 1106 1162 1107
f 1107 1162 1163
f 1107 1163 1108
f 1108 1163 1164
f 1108 1164 1109
f 1109 1164 1165
f 1109 1165 1110
f 1110 1165 1166
f 1110 1166 1111
f 1111 1166 1167
f 1111 1167 1112
f 1112 1167 1168
f 1112 1168 1113
f 1113 1168 1169
f 1113 1169 1114
f 1114 1169 1170
f 1114 1170 1115
f 1115 1170 1171
f 1115 1171 1116
f 1116 1171 1172
f 1116 1172 1117
f 1117 1172 1173
f 1117 1173 1118
f 1118 1173 1174
f 1118 1174 1119
f 1119 1174 1175
f 1119 1175 1120
f 1120 1175 1176
f 1120 1176 1065
f 1065 1176 1121
f 1121 1177 1122
f 1122 1177 1178
f 1122 1178 1123
f 1123 1178 1179
f 1123 1179 1124
f 1124 1179 1180
f 1124 1180 1125
f 1125 1180 1181
f 1125 1181 1126
f 1126 1181 1182
f 1126 1182 1127
f 1127 1182 1183
f 1127 1183 1128
f 1128 1183 1184
f 1128 1184 1129
f 1129 1184 1185
f 1129 1185 1130
f 1130 1185 1186
f 1130 1186 1131
f 1131 1186 1187
f 1131 1187 1132
f 1132 1187 1188
f 1132 1188 1133
f 1133 1188 1189
f 1133 1189 1134
f 1134 1189 1190
f 1134 1190 1135
f 1135 1190 1191
f 1135 1191 1136
f 1136 1191 1192
f 1136 1192 1137
f 1137 1192 1193
f 1137 1193 1138
f 1138 1193 1194
f 1138 1194 1139
f 1139 1194 1195
f 1139 1195 1140
f 1140 1195 1196
f 1140 1196 1141
f 1141 1196 1197
f 1141 1197 1142
f 1142 1197 1198
f 1142 1198 1143
f 1143 1198 1199
f 1143 1199 1144
f 1144 1199 1200
f 1144 1200 1145
f 1145 1200 1201
f 1145 1201 1146
f 1146 1201 1202
f 1146 1202 1147
f 1147 1202 1203
f 1147 1203 1148
f 1148 1203 1204
f 1148 1204 1149
f 1149 1204 1205
f 1149 1205 1150
f 1150 1205 1206
f 1150 1206 1151
f 1151 1206 1207
f 1151 1207 1152
f 1152 1207 1208
f 1152 1208 1153
f 1153 1208 1209
f 1153 1209 1154
f 1154 1209 1210
f 1154 1210 1155
f 1155 1210 1211
f 1155 1211 1156
f 1156 1211 1212
f 1156 1212 1157
f 1157 1212 1213
f 1157 1213 1158
f 1158 1213 1214
f 1158 1214 1159
f 1159 1214 1215
f 1159 1215 1160
f 1160 1215 1216
f 1160 1216 1161
f 1161 1216 1217
f 1161 1217 1162
f 1162 1217 1218
f 1162 1218 1163
f 1163 1218 1219
f 1163 1219 1164
f 1164 1219 1220
f 1164 1220 1165
f 1165 1220 1221
f 1165 1221 1166
f 1166 1221 1222
f 1166 1222 1167
f 1167 1222 1223
f 1167 1223 1168
f 1168 1223 1224
f 1168 1224 1169
f 1169 1224 1225
f 1169 1225 1170
f 1170 1225 1226
f 1170 1226 1171
f 1171 1226 1227
f 1171 1227 1172
f 1172 1227 1228
f 1172 1228 1173
f 1173 1228 1229
f 1173 1229 1174
f 1174 1229 1230
f 1174 1230 1175
f 1175 1230 1231
f 1175 1231 1176
f 1176 1231 1232
f 1176 1232 1121
f 1121 1232 1177
f 1177 1233 1178
f 1178 1233 1234
f 1178 1234 1179
f 1179 1234 1235
f 1179 1235 1180
f 1180 1235 1236
f 1180 1236 1181
f 1181 1236 1237
f 1181 1237 1182
f 1182 1237 1238
f 1182 1238 1183
f 1183 1238 1239
f 1183 1239 1184
f 1184 1239 1240
f 1184 1240 1185
f 1185 1240 1241
f 1185 1241 1186
f 1186 1241 1242
f 1186 1242 1187
f 1187 1242 1243
f 1187 1243 1188
f 1188 1243 1244
f 1188 1244 1189
f 1189 1244 1245
f 1189 1245 1190
f 1190 1245 1246
f 1190 1246 1191
f 1191 1246 1247
f 1191 1247 1192
f 1192 1247 1248
f 1192 1248 1193
f 1193 1248 1249
f 1193 1249 1194
f 1194 1249 1250
f 1194 1250 1195
f 1195 1250 1251
f 1195 1251 1196
f 1196 1251 1252
f 1196 1252 1197
f 1197 1252 1253
f 1197 1253 1198
f 1198 1253 1254
f 1198 1254 1199
f 1199 1254 1255
f 1199 1255 1200
f 1200 1255 1256
f 1200 1256 1201
f 1201 1256 1257
f 1201 1257 1202
f 1202 1257 1258
f 1202 1258 1203
f 1203 1258 1259
f 1203 1259 1204
f 1204 1259 1260
f 1204 1260 1205
f 1205 1260 1261
f 1205 1261 1206
f 1206 1261 1262
f 1206 1262 1207
f 1207 1262 1263
f 1207 1263 1208
f 1208 1263 1264
f 1208 1264 1209
f 1209 1264 1265
f 1209 1265 1210
f 1210 1265 1266
f 1210 1266 1211
f 1211 1266 1267
f 1211 1267 1212
f 1212 1267 1268
f 1212 1268 1213
f 1213 1268 1269
f 1213 1269 1214
f 1214 1269 1270
f 1214 1270 1215
f 1215 1270 1271
f 1215 1271 1216
f 1216 1271 1272
f 1216 1272 1217
f 1217 1272 1273
f 1217 1273 1218
f 1218 1273 1274
f 1218 1274 1219
f 1219 1274 1275
f 1219 1275 1220
f 1220 1275 1276
f 1220 1276 1221
f 1221 1276 1277
f 1221 1277 1222
f 1222 1277 1278
f 1222 1278 1223
f 1223 1278 1279
f 1223 1279 1224
f 1224 1279 1280
f 1224 1280 1225
f 1225 1280 1281
f 1225 1281 1226
f 1226 1281 1282
f 1226 1282 1227
f 1227 1282 1283
f 1227 1283 1228
f 1228 1283 1284
f 1228 1284 1229
f 1229 1284 1285
f 1229 1285 1230
f 1230 1285 1286
f 1230 1286 1231
f 1231 1286 1287
f 1231 1287 1232
f 1232 1287 1288
f 1232 1288 1177
f 1177 1288 1233
f 1233 1289 1234
f 1234 1289 1290
f 1234 1290 1235
f 1235 1290 1291
f 1235 1291 1236
f 1236 1291 1292
f 1236 1292 1237
f 1237 1292 1293
f 1237 1293 1238
f 1238 1293 1294
f 1238 1294 1239
f 1239 1294 1295
f 1239 1295 1240
f 1240 1295 1296
f 1240 1296 1241
f 1241 1296 1297
f 1241 1297 1242
f 1242 1297 1298
f 1242 1298 1243
f 1243 1298 1299
f 1243 1299 1244
f 1244 1299 1300
f 1244 1300 1245
f 1245 1300 1301
f 1245 1301 1246
f 1246 1301 1302
f 1246 1302 1247
f 1247 1302 1303
f 1247 1303 1248
f 1248 1303 1304
f 1248 1304 1249
f 1249 1304 1305
f 1249 1305 1250
f 1250 1305 1306
f 1250 1306 1251
f 1251 1306 1307
f 1251 1307 1252
f 1252 1307 1308
f 1252 1308 1253
f 1253 1308 1309
f 1253 1309 1254
f 1254 1309 1310
f 1254 1310 1255
f 1255 1310 1311
f 1255 1311 1256
f 1256 1311 1312
f 1256 1312 1257
f 1257 1312 1313
f 1257 1313 1258
f 1258 1313 1314
f 1258 1314 1259
f 1259 1314 1315
f 1259 1315 1260
f 1260 1315 1316
f 1260 1316 1261
f 1261 1316 1317
f 1261 1317 1262
f 1262 1317 1318
f 1262 1318 1263
f 1263 1318 1319
f 1263 1319 1264
f 1264 1319 1320
f 1264 1320 1265
f 1265 1320 1321
f 1265 1321 1266
f 1266 1321 1322
f 1266 1322 1267
f 1267 1322 1323
f 1267 1323 1268
f 1268 1323 1324
f 1268 1324 1269
f 1269 1324 1325
f 1269 1325 1270
f 1270 1325 1326
f 1270 1326 1271
f 1271 1326 1327
f 1271 1327 1272
f 1272 1327 1328
f 1272 1328 1273
f 1273 1328 1329
f 1273 1329 1274
f 1274 1329 1330
f 1274 1330 1275
f 1275 1330 1331
f 1275 1331 1276
f 1276 1331 1332
f 1276 1332 1277
f 1277 1332 1333
f 1277 1333 1278
f 1278 1333 1334
f 1278 1334 1279
f 1279 1334 1335
f 1279 1335 1280
f 1280 1335 1336
f 1280 1336 1281
f 1281 1336 1337
f 1281 1337 1282
f 1282 1337 1338
f 1282 1338 1283
f 1283 1338 1339
f 1283 1339 1284
f 1284 1339 1340
f 1284 1340 1285
f 1285 1340 1341
f 1285 1341 1286
f 1286 1341 1342
f 1286 1342 1287
f 1287 1342 1343
f 1287 1343 1288
f 1288 1343 1344
f 1288 1344 1233
f 1233 1344 1289
f 1289 1345 1290
f 1290 1345 1346
f 1290 1346 1291
f 1291 1346 1347
f 1291 1347 1292
f 1292 1347 1348
f 1292 1348 1293
f 1293 1348 1349
f 1293 1349 1294
f 1294 1349 1350
f 1294 1350 1295
f 1295 1350 1351
f 1295 1351 1296
f 1296 1351 1352
f 1296 1352 1297
f 1297 1352 1353
f 1297 1353 1298
f 1298 1353 1354
f 1298 1354 1299
f 1299 1354 1355
f 1299 1355 1300
f 1300 1355 1356
f 1300 1356 1301
f 1301 1356 1357
f 1301 1357 1302
f 1302 1357 1358
f 1302 1358 1303
f 1303 1358 1359
f 1303 1359 1304
f 1304 1359 1360
f 1304 1360 1305
f 1305 1360 1361
f 1305 1361 1306
f 1306 1361 1362
f 1306 1362 1307
f 1307 1362 1363
f 1307 1363 1308
f 1308 1363 1364
f 1308 1364 1309
f 1309 1364 1365
f 1309 1365 1310
f 1310 1365 1366
f 1310 1366 1311
f 1311 1366 1367
f 1311 1367 1312
f 1312 1367 1368
f 1312 1368 1313
f 1313 1368 1369
f 1313 1369 1314
f 1314 1369 1370
f 1314 1370 1315
f 1315 1370 1371
f 1315 1371 1316
f 1316 1371 1372
f 1316 1372 1317
f 1317 1372 1373
f 1317 1373 1318
f 1318 1373 1374
f 1318 1374 1319
f 1319 1374 1375
f 1319 1375 1320
f 1320 1375 1376
f 1320 1376 1321
f 1321 1376 1377
f 1321 1377 1322
f 1322 1377 1378
f 1322 1378 1323
f 1323 1378 1379
f 1323 1379 1324
f 1324 1379 1380
f 1324 1380 1325
f 1325 1380 1381
f 1325 1381 1326
f 1326 1381 1382
f 1326 1382 1327
f 1327 1382 1383
f 1327 1383 1328
f 1328 1383 1384
f 1328 1384 1329
f 1329 1384 1385
f 1329 1385 1330
f 1330 1385 1386
f 1330 1386 1331
f 1331 1386 1387
f 1331 1387 1332
f 1332 1387 1388
f 1332 1388 1333
f 1333 1388 1389
f 1333 1389 1334
f 1334 1389 1390
f 1334 1390 1335
f 1335 1390 1391
f 1335 1391 1336
f 1336 1391 1392
f 1336 1392 1337
f 1337 1392 1393
f 1337 1393 1338
f 1338 1393 1394
f 1338 1394 1339
f 1339 1394 1395
f 1339 1395 1340
f 1340 1395 1396
f 1340 1396 1341
f 1341 1396 1397
f 1341 1397 1342
f 1342 1397 1398
f 1342 1398 1343
f 1343 1398 1399
f 1343 1399 1344
f 1344 1399 1400
f 1344 1400 1289
f 1289 1400 1345
f 1345 1401 1346
f 1346 1401 1402
f 1346 1402 1347
f 1347 1402 1403
f 1347 1403 1348
f 1348 1403 1404
f 1348 1404 1349
f 1349 1404 1405
f 1349 1405 1350
f 1350 1405 1406
f 1350 1406 1351
f 1351 1406 1407
f 1351 1407 1352
f 1352 1407 1408
f 1352 1408 1353
f 1353 1408 1409
f 1353 1409 1354
f 1354 1409 1410
f 1354 1410 1355
f 1355 1410 1411
f 1355 1411 1356
f 1356 1411 1412
f 1356 1412 1357
f 1357 1412 1413
f 1357 1413 1358
f 1358 1413 1414
f 1358 1414 1359
f 1359 1414 1415
f 1359 1415 1360
f 1360 1415 1416
f 1360 1416 1361
f 1361 1416 1417
f 1361 1417 1362
f 1362 1417 1418
f 1362 1418 1363
f 1363 1418 1419
f 1363 1419 1364
f 1364 1419 1420
f 1364 1420 1365
f 1365 1420 1421
f 1365 1421 1366
f 1366 1421 1422
f 1366 1422 1367
f 1367 1422 1423
f 1367 1423 1368
f 1368 1423 1424
f 1368 1424 1369
f 1369 1424 1425
f 1369 1425 1370
f 1370 1425 1426
f 1370 1426 1371
f 1371 1426 1427
f 1371 1427 1372
f 1372 1427 1428
f 1372 1428 1373
f 1373 1428 1429
f 1373 1429 1374
f 1374 1429 1430
f 1374 1430 1375
f 1375 1430 1431
f 1375 1431 1376
f 1376 1431 1432
f 1376 1432 1377
f 1377 1432 1433
f 1377 1433 1378
f 1378 1433 1434
f 1378 1434 1379
f 1379 1434 1435
f 1379 1435 1380
f 1380 1435 1436
f 1380 1436 1381
f 1381 1436 1437
f 1381 1437 1382
f 1382 1437 1438
f 1382 1438 1383
f 1383 1438 1439
f 1383 1439 1384
f 1384 1439 1440
f 1384 1440 1385
f 1385 1440 1441
f 1385 1441 1386
f 1386 1441 1442
f 1386 1442 1387
f 1387 1442 1443
f 1387 1443 1388
f 1388 1443 1444
f 1388 1444 1389
f 1389 1444 1445
f 1389 1445 1390
f 1390 1445 1446
f 1390 1446 1391
f 1391 1446 1447
f 1391 1447 1392
f 1392 1447 1448
f 1392 1448 1393
f 1393 1448 1449
f 1393 1449 1394
f 1394 1449 1450
f 1394 1450 1395
f 1395 1450 1451
f 1395 1451 1396
f 1396 1451 1452
f 1396 1452 1397
f 1397 1452 1453
f 1397 1453 1398
f 1398 1453 1454
f 1398 1454 1399
f 1399 1454 1455
f 1399 1455 1400
f 1400 1455 1456
f 1400 1456 1345
f 1345 1456 1401
f 1401 1457 1402
f 1402 1457 1458
f 1402 1458 1403
f 1403 1458 1459
f 1403 1459 1404
f 1404 1459 1460
f 1404 1460 1405
f 1405 1460 1461
f 1405 1461 1406
f 1406 1461 1462
f 1406 1462 1407
f 1407 1462 1463
f 1407 1463 1408
f 1408 1463 1464
f 1408 1464 1409
f 1409 1464 1465
f 1409 1465 1410
f 1410 1465 1466
f 1410 1466 1411
f 1411 1466 1467
f 1411 1467 1412
f 1412 1467 1468
f 1412 1468 1413
f 1413 1468 1469
f 1413 1469 1414
f 1414 1469 1470
f 1414 1470 1415
f 1415 1470 1471
f 1415 1471 1416
f 1416 1471 1472
f 1416 1472 1417
f 1417 1472 1473
f 1417 1473 1418
f 1418 1473 1474
f 1418 1474 1419
f 1419 1474 1475
f 1419 1475 1420
f 1420 1475 1476
f 1420 1476 1421
f 1421 1476 1477
f 1421 1477 1422
f 1422 1477 1478
f 1422 1478 1423
f 1423 1478 1479
f 1423 1479 1424
f 1424 1479 1480
f 1424 1480 1425
f 1425 1480 1481
f 1425 1481 1426
f 1426 1481 1482
f 1426 1482 1427
f 1427 1482 1483
f 1427 1483 1428
f 1428 1483 1484
f 1428 1484 1429
f 1429 1484 1485
f 1429 1485 1430
f 1430 1485 1486
f 1430 1486 1431
f 1431 1486 1487
f 1431 1487 1432
f 1432 1487 1488
f 1432 1488 1433
f 1433 1488 1489
f 1433 1489 1434
f 1434 1489 1490
f 1434 1490 1435
f 1435 1490 1491
f 1435 1491 1436
f 1436 1491 1492
f 1436 1492 1437
f 1437 1492 1493
f 1437 1493 1438
f 1438 1493 1494
f 1438 1494 1439
f 1439 1494 1495
f 1439 1495 1440
f 1440 1495 1496
f 1440 1496 1441
f 1441 1496 1497
f 1441 1497 1442
f 1442 1497 1498
f 1442 1498 1443
f 1443 1498 1499
f 1443 1499 1444
f 1444 1499 1500
f 1444 1500 1445
f 1445 1500 1501
f 1445 1501 1446
f 1446 1501 1502
f 1446 1502 1447
f 1447 1502 1503
f 1447 1503 1448
f 1448 1503 1504
f 1448 1504 1449
f 1449 1504 1505
f 1449 1505 1450
f 1450 1505 1506
f 1450 1506 1451
f 1451 1506 1507
f 1451 1507 1452
f 1452 1507 1508
f 1452 1508 1453
f 1453 1508 1509
f 1453 1509 1454
f 1454 1509 1510
f 1454 1510 1455
f 1455 1510 1511
f 1455 1511 1456
f 1456 1511 1512
f 1456 1512 1401
f 1401 1512 1457
f 1457 1513 1458
f 1458 1513 1514
f 1458 1514 1459
f 1459 1514 1515
f 1459 1515 1460
f 1460 1515 1516
f 1460 1516 1461
f 1461 1516 1517
f 1461 1517 1462
f 1462 1517 1518
f 1462 1518 1463
f 1463 1518 1519
f 1463 1519 1464
f 1464 1519 1520
f 1464 1520 1465
f 1465 1520 1521
f 1465 1521 1466
f 1466 1521 1522
f 1466 1522 1467
f 1467 1522 1523
f 1467 1523 1468
f 1468 1523 1524
f 1468 1524 1469
f 1469 1524 1525
f 1469 1525 1470
f 1470 1525 1526
f 1470 1526 1471
f 1471 1526 1527
f 1471 1527 1472
f 1472 1527 1528
f 1472 1528 1473
f 1473 1528 1529
f 1473 1529 1474
f 1474 1529 1530
f 1474 1530 1475
f 1475 1530 1531
f 1475 1531 1476
f 1476 1531 1532
f 1476 1532 1477
f 1477 1532 1533
f 1477 1533 1478
f 1478 1533 1534
f 1478 1534 1479
f 1479 1534 1535
f 1479 1535 1480
f 1480 1535 1536
f 1480 1536 1481
f 1481 1536 1537
f 1481 1537 1482
f 1482 1537 1538
f 1482 1538 1483
f 1483 1538 1539
f 1483 1539 1484
f 1484 1539 1540
f 1484 1540 1485
f 1485 1540 1541
f 1485 1541 1486
f 1486 1541 1542
f 1486 1542 1487
f 1487 1542 1543
f 1487 1543 1488
f 1488 1543 1544
f 1488 1544 1489
f 1489 1544 1545
f 1489 1545 1490
f 1490 1545 1546
f 1490 1546 1491
f 1491 1546 1547
f 1491 1547 1492
f 1492 1547 1548
f 1492 1548 1493
f 1493 1548 1549
f 1493 1549 1494
f 1494 1549 1550
f 1494 1550 1495
f 1495 1550 1551
f 1495 1551 1496
f 1496 1551 1552
f 1496 1552 1497
f 1497 1552 1553
f 1497 1553 1498
f 1498 1553 1554
f 1498 1554 1499
f 1499 1554 1555
f 1499 1555 1500
f 1500 1555 1556
f 1500 1556 1501
f 1501 1556 1557
f 1501 1557 1502
f 1502 1557 1558
f 1502 1558 1503
f 1503 1558 1559
f 1503 1559 1504
f 1504 1559 1560
f 1504 1560 1505
f 1505 1560 1561
f 1505 1561 1506
f 1506 1561 1562
f 1506 1562 1507
f 1507 1562 1563
f 1507 1563 1508
f 1508 1563 1564
f 1508 1564 1509
f 1509 1564 1565
f 1509 1565 1510
f 1510 1565 1566
f 1510 1566 1511
f 1511 1566 1567
f 1511 1567 1512
f 1512 1567 1568
f 1512 1568 1457
f 1457 1568 1513
f 1513 1569 1514
f 1514 1570 1515
f 1515 1571 1516
f 1516 1572 1517
f 1517 1573 1518
f 1518 1574 1519
f 1519 1575 1520
f 1520 1576 1521
f 1521 1577 1522
f 1522 1578 1523
f 1523 1579 1524
f 1524 1580 1525
f 1525 1581 1526
f 1526 1582 1527
f 1527 1583 1528
f 1528 1584 1529
f 1529 1585 1530
f 1530 1586 1531
f 1531 1587 1532
f 1532 1588 1533
f 1533 1589 1534
f 1534 1590 1535
f 1535 1591 1536
f 1536 1592 1537
f 1537 1593 1538
f 1538 1594 1539
f 1539 1595 1540
f 1540 1596 1541
f 1541 1597 1542
f 1542 1598 1543
f 1543 1599 1544
f 1544 1600 1545
f 1545 1601 1546
f 1546 1602 1547
f 1547 1603 1548
f 1548 1604 1549
f 1549 1605 1550
f 1550 1606 1551
f 1551 1607 1552
f 1552 1608 1553
f 1553 1609 1554
f 1554 1610 1555
f 1555 1611 1556
f 1556 1612 1557
f 1557 1613 1558
f 1558 1614 1559
f 1559 1615 1560
f 1560 1616 1561
f 1561 1617 1562
f 1562 1618 1563
f 1563 1619 1564
f 1564 1620 1565
f 1565 1621 1566
f 1566 1622 1567
f 1567 1623 1568
f 1568 1624 1513
f 1625 1626 1627
f 1625 1627 1628
f 1625 1628 1629
f 1625 1629 1630
f 1625 1630 1631
f 1625 1631 1632
f 1625 1632 1633
f 1625 1633 1634
f 1625 1634 1635
f 1625 1635 1636
f 1625 1636 1637
f 1625 1637 1638
f 1625 1638 1639
f 1625 1639 1640
f 1625 1640 1641
f 1625 1641 1642
f 1625 1642 1643
f 1625 1643 1644
f 1625 1644 1645
f 1625 1645 1646
f 1625 1646 1647
f 1625 1647 1648
f 1625 1648 1649
f 1625 1649 1650
f 1625 1650 1651
f 1625 1651 1652
f 1625 1652 1653
f 1625 1653 1626
f 1626 1654 1627
f 1627 1654 1655
f 1627 1655 1628
f 1628 1655 1656
f 1628 1656 1629
f 1629 1656 1657
f 1629 1657 1630
f 1630 1657 1658
f 1630 1658 1631
f 1631 1658 1659
f 1631 1659 1632
f 1632 1659 1660
f 1632 1660 1633
f 1633 1660 1661
f 1633 1661 1634
f 1634 1661 1662
f 1634 1662 1635
f 1635 1662 1663
f 1635 1663 1636
f 1636 1663 1664
f 1636 1664 1637
f 1637 1664 1665
f 1637 1665 1638
f 1638 1665 1666
f 1638 1666 1639
f 1639 1666 1667
f 1639 1667 1640
f 1640 1667 1668
f 1640 1668 1641
f 1641 1668 1669
f 1641 1669 1642
f 1642 1669 1670
f 1642 1670 1643
f 1643 1670 1671
f 1643 1671 1644
f 1644 1671 1672
f 1644 1672 1645
f 1645 1672 1673
f 1645 1673 1646
f 1646 1673 1674
f 1646 1674 1647
f 1647 1674 1675
f 1647 1675 1648
f 1648 1675 1676
f 1648 1676 1649
f 1649 1676 1677
f 1649 1677 1650
f 1650 1677 1678
f 1650 1678 1651
f 1651 1678 1679
f 1651 1679 1652
f 1652 1679 1680
f 1652 1680 1653
f 1653 1680 1681
f 1653 1681 1626
f 1626 1681 1654
f 1654 1682 1655
f 1655 1682 1683
f 1655 1683 1656
f 1656 1683 1684
f 1656 1684 1657
f 1657 1684 1685
f 1657 1685 1658
f 1658 1685 1686
f 1658 1686 1659
f 1659 1686 1687
f 1659 1687 1660
f 1660 1687 1688
f 1660 1688 1661
f 1661 1688 1689
f 1661 1689 1662
f 1662 1689 1690
f 1662 1690 1663
f 1663 1690 1691
f 1663 1691 1664
f 1664 1691 1692
f 1664 1692 1665
f 1665 1692 1693
f 1665 1693 1666
f 1666 1693 1694
f 1666 1694 1667
f 1667 1694 1695
f 1667 1695 1668
f 1668 1695 1696
f 1668 1696 1669
f 1669 1696 1697
f 1669 1697 1670
f 1670 1697 1698
f 1670 1698 1671
f 1671 1698 1699
f 1671 1699 1672
f 1672 1699 1700
f 1672 1700 1673
f 1673 1700 1701
f 1673 1701 1674
f 1674 1701 1702
f 1674 1702 1675
f 1675 1702 1703
f 1675 1703 1676
f 1676 1703 1704
f 1676 1704 1677
f 1677 1704 1705
f 1677 1705 1678
f 1678 1705 1706
f 1678 1706 1679
f 1679 1706 1707
f 1679 1707 1680
f 1680 1707 1708
f 1680 1708 1681
f 1681 1708 1709
f 1681 1709 1654
f 1654 1709 1682
f 1682 1710 1683
f 1683 1710 1711
f 1683 1711 1684
f 1684 1711 1712
f 1684 1712 1685
f 1685 1712 1713
f 1685 1713 1686
f 1686 1713 1714
f 1686 1714 1687
f 1687 1714 1715
f 1687 1715 1688
f 1688 1715 1716
f 1688 1716 1689
f 1689 1716 1717
f 1689 1717 1690
f 1690 1717 1718
f 1690 1718 1691
f 1691 1718 1719
f 1691 1719 1692
f 1692 1719 1720
f 1692 1720 1693
f 1693 1720 1721
f 1693 1721 1694
f 1694 1721 1722
f 1694 1722 1695
f 1695 1722 1723
f 1695 1723 1696
f 1696 1723 1724
f 1696 1724 1697
f 1697 1724 1725
f 1697 1725 1698
f 1698 1725 1726
f 1698 1726 1699
f 1699 1726 1727
f 1699 1727 1700
f 1700 1727 1728
f 1700 1728 1701
f 1701 1728 1729
f 1701 1729 1702
f 1702 1729 1730
f 1702 1730 1703
f 1703 1730 1731
f 1703 1731 1704
f 1704 1731 1732
f 1704 1732 1705
f 1705 1732 1733
f 1705 1733 1706
f 1706 1733 1734
f 1706 1734 1707
f 1707 1734 1735
f 1707 1735 1708
f 1708 1735 1736
f 1708 1736 1709
f 1709 1736 1737
f 1709 1737 1682
f 1682 1737 1710
f 1710 1738 1711
f 1711 1738 1739
f 1711 1739 1712
f 1712 1739 1740
f 1712 1740 1713
f 1713 1740 1741
f 1713 1741 1714
f 1714 1741 1742
f 1714 1742 1715
f 1715 1742 1743
f 1715 1743 1716
f 1716 1743 1744
f 1716 1744 1717
f 1717 1744 1745
f 1717 1745 1718
f 1718 1745 1746
f 1718 1746 1719
f 1719 1746 1747
f 1719 1747 1720
f 1720 1747 1748
f 1720 1748 1721
f 1721 1748 1749
f 1721 1749 1722
f 1722 1749 1750
f 1722 1750 1723
f 1723 1750 1751
f 1723 1751 1724
f 1724 1751 1752
f 1724 1752 1725
f 1725 1752 1753
f 1725 1753 1726
f 1726 1753 1754
f 1726 1754 1727
f 1727 1754 1755
f 1727 1755 1728
f 1728 1755 1756
f 1728 1756 1729
f 1729 1756 1757
f 1729 1757 1730
f 1730 1757 1758
f 1730 1758 1731
f 1731 1758 1759
f 1731 1759 1732
f 1732 1759 1760
f 1732 1760 1733
f 1733 1760 1761
f 1733 1761 1734
f 1734 1761 1762
f 1734 1762 1735
f 1735 1762 1763
f 1735 1763 1736
f 1736 1763 1764
f 1736 1764 1737
f 1737 1764 1765
f 1737 1765 1710
f 1710 1765 1738
f 1738 1766 1739
f 1739 1766 1767
f 1739 1767 1740
f 1740 1767 1768
f 1740 1768 1741
f 1741 1768 1769
f 1741 1769 1742
f 1742 1769 1770
f 1742 1770 1743
f 1743 1770 1771
f 1743 1771 1744
f 1744 1771 1772
f 1744 1772 1745
f 1745 1772 1773
f 1745 1773 1746
f 1746 1773 1774
f 1746 1774 1747
f 1747 1774 1775
f 1747 1775 1748
f 1748 1775 1776
f 1748 1776 1749
f 1749 1776 1777
f 1749 1777 1750
f 1750 1777 1778
f 1750 1778 1751
f 1751 1778 1779
f 1751 1779 1752
f 1752 1779 1780
f 1752 1780 1753
f 1753 1780 1781
f 1753 1781 1754
f 1754 1781 1782
f 1754 1782 1755
f 1755 1782 1783
f 1755 1783 1756
f 1756 1783 1784
f 1756 1784 1757
f 1757 1784 1785
f 1757 1785 1758
f 1758 1785 1786
f 1758 1786 1759
f 1759 1786 1787
f 1759 1787 1760
f 1760 1787 1788
f 1760 1788 1761
f 1761 1788 1789
f 1761 1789 1762
f 1762 1789 1790
f 1762 1790 1763
f 1763 1790 1791
f 1763 1791 1764
f 1764 1791 1792
f 1764 1792 1765
f 1765 1792 1793
f 1765 1793 1738
f 1738 1793 1766
f 1766 1794 1767
f 1767 1794 1795
f 1767 1795 1768
f 1768 1795 1796
f 1768 1796 1769
f 1769 1796 1797
f 1769 1797 1770
f 1770 1797 1798
f 1770 1798 1771
f 1771 1798 1799
f 1771 1799 1772
f 1772 1799 1800
f 1772 1800 1773
f 1773 1800 1801
f 1773 1801 1774
f 1774 1801 1802
f 1774 1802 1775
f 1775 1802 1803
f 1775 1803 1776
f 1776 1803 1804
f 1776 1804 1777
f 1777 1804 1805
f 1777 1805 1778
f 1778 1805 1806
f 1778 1806 1779
f 1779 1806 1807
f 1779 1807 1780
f 1780 1807 1808
f 1780 1808 1781
f 1781 1808 1809
f 1781 1809 1782
f 1782 1809 1810
f 1782 1810 1783
f 1783 1810 1811
f 1783 1811 1784
f 1784 1811 1812
f 1784 1812 1785
f 1785 1812 1813
f 1785 1813 1786
f 1786 1813 1814
f 1786 1814 1787
f 1787 1814 1815
f 1787 1815 1788
f 1788 1815 1816
f 1788 1816 1789
f 1789 1816 1817
f 1789 1817 1790
f 1790 1817 1818
f 1790 1818 1791
f 1791 1818 1819
f 1791 1819 1792
f 1792 1819 1820
f 1792 1820 1793
f 1793 1820 1821
f 1793 1821 1766
f 1766 1821 1794
f 1794 1822 1795
f 1795 1822 1823
f 1795 1823 1796
f 1796 1823 1824
f 1796 1824 1797
f 1797 1824 1825
f 1797 1825 1798
f 1798 1825 1826
f 1798 1826 1799
f 1799 1826 1827
f 1799 1827 1800
f 1800 1827 1828
f 1800 1828 1801
f 1801 1828 1829
f 1801 1829 1802
f 1802 1829 1830
f 1802 1830 1803
f 1803 1830 1831
f 1803 1831 1804
f 1804 1831 1832
f 1804 1832 1805
f 1805 1832 1833
f 1805 1833 1806
f 1806 1833 1834
f 1806 1834 1807
f 1807 1834 1835
f 1807 1835 1808
f 1808 1835 1836
f 1808 1836 1809
f 1809 1836 1837
f 1809 1837 1810
f 1810 1837 1838
f 1810 1838 1811
f 1811 1838 1839
f 1811 1839 1812
f 1812 1839 1840
f 1812 1840 1813
f 1813 1840 1841
f 1813 1841 1814
f 1814 1841 1842
f 1814 1842 1815
f 1815 1842 1843
f 1815 1843 1816
f 1816 1843 1844
f 1816 1844 1817
f 1817 1844 1845
f 1817 1845 1818
f 1818 1845 1846
f 1818 1846 1819
f 1819 1846 1847
f 1819 1847 1820
f 1820 1847 1848
f 1820 1848 1821
f 1821 1848 1849
f 1821 1849 1794
f 1794 1849 1822
f 1822 1850 1823
f 1823 1850 1851
f 1823 1851 1824
f 1824 1851 1852
f 1824 1852 1825
f 1825 1852 1853
f 1825 1853 1826
f 1826 1853 1854
f 1826 1854 1827
f 1827 1854 1855
f 1827 1855 1828
f 1828 1855 1856
f 1828 1856 1829
f 1829 1856 1857
f 1829 1857 1830
f 1830 1857 1858
f 1830 1858 1831
f 1831 1858 1859
f 1831 1859 1832
f 1832 1859 1860
f 1832 1860 1833
f 1833 1860 1861
f 1833 1861 1834
f 1834 1861 1862
f 1834 1862 1835
f 1835 1862 1863
f 1835 1863 1836
f 1836 1863 1864
f 1836 1864 1837
f 1837 1864 1865
f 1837 1865 1838
f 1838 1865 1866
f 1838 1866 1839
f 1839 1866 1867
f 1839 1867 1840
f 1840 1867 1868
f 1840 1868 1841
f 1841 1868 1869
f 1841 1869 1842
f 1842 1869 1870
f 1842 1870 1843
f 1843 1870 1871
f 1843 1871 1844
f 1844 1871 1872
f 1844 1872 1845
f 1845 1872 1873
f 1845 1873 1846
f 1846 1873 1874
f 1846 1874 1847
f 1847 1874 1875
f 1847 1875 1848
f 1848 1875 1876
f 1848 1876 1849
f 1849 1876 1877
f 1849 1877 1822
f 1822 1877 1850
f 1850 1878 1851
f 1851 1878 1879
f 1851 1879 1852
f 1852 1879 1880
f 1852 1880 1853
f 1853 1880 1881
f 1853 1881 1854
f 1854 1881 1882
f 1854 1882 1855
f 1855 1882 1883
f 1855 1883 1856
f 1856 1883 1884
f 1856 1884 1857
f 1857 1884 1885
f 1857 1885 1858
f 1858 1885 1886
f 1858 1886 1859
f 1859 1886 1887
f 1859 1887 1860
f 1860 1887 1888
f 1860 1888 1861
f 1861 1888 1889
f 1861 1889 1862
f 1862 1889 1890
f 1862 1890 1863
f 1863 1890 1891
f 1863 1891 1864
f 1864 1891 1892
f 1864 1892 1865
f 1865 1892 1893
f 1865 1893 1866
f 1866 1893 1894
f 1866 1894 1867
f 1867 1894 1895
f 1867 1895 1868
f 1868 1895 1896
f 1868 1896 1869
f 1869 1896 1897
f 1869 1897 1870
f 1870 1897 1898
f 1870 1898 1871
f 1871 1898 1899
f 1871 1899 1872
f 1872 1899 1900
f 1872 1900 1873
f 1873 1900 1901
f 1873 1901 1874
f 1874 1901 1902
f 1874 1902 1875
f 1875 1902 1903
f 1875 1903 1876
f 1876 1903 1904
f 1876 1904 1877
f 1877 1904 1905
f 1877 1905 1850
f 1850 1905 1878
f 1878 1906 1879
f 1879 1906 1907
f 1879 1907 1880
f 1880 1907 1908
f 1880 1908 1881
f 1881 1908 1909
f 1881 1909 1882
f 1882 1909 1910
f 1882 1910 1883
f 1883 1910 1911
f 1883 1911 1884
f 1884 1911 1912
f 1884 1912 1885
f 1885 1912 1913
f 1885 1913 1886
f 1886 1913 1914
f 1886 1914 1887
f 1887 1914 1915
f 1887 1915 1888
f 1888 1915 1916
f 1888 1916 1889
f 1889 1916 1917
f 1889 1917 1890
f 1890 1917 1918
f 1890 1918 1891
f 1891 1918 1919
f 1891 1919 1892
f 1892 1919 1920
f 1892 1920 1893
f 1893 1920 1921
f 1893 1921 1894
f 1894 1921 1922
f 1894 1922 1895
f 1895 1922 1923
f 1895 1923 1896
f 1896 1923 1924
f 1896 1924 1897
f 1897 1924 1925
f 1897 1925 1898
f 1898 1925 1926
f 1898 1926 1899
f 1899 1926 1927
f 1899 1927 1900
f 1900 1927 1928
f 1900 1928 1901
f 1901 1928 1929
f 1901 1929 1902
f 1902 1929 1930
f 1902 1930 1903
f 1903 1930 1931
f 1903 1931 1904
f 1904 1931 1932
f 1904 1932 1905
f 1905 1932 1933
f 1905 1933 1878
f 1878 1933 1906
f 1906 1934 1907
f 1907 1934 1935
f 1907 1935 1908
f 1908 1935 1936
f 1908 1936 1909
f 1909 1936 1937
f 1909 1937 1910
f 1910 1937 1938
f 1910 1938 1911
f 1911 1938 1939
f 1911 1939 1912
f 1912 1939 1940
f 1912 1940 1913
f 1913 1940 1941
f 1913 1941 1914
f 1914 1941 1942
f 1914 1942 1915
f 1915 1942 1943
f 1915 1943 1916
f 1916 1943 1944
f 1916 1944 1917
f 1917 1944 1945
f 1917 1945 1918
f 1918 1945 1946
f 1918 1946 1919
f 1919 1946 1947
f 1919 1947 1920
f 1920 1947 1948
f 1920 1948 1921
f 1921 1948 1949
f 1921 1949 1922
f 1922 1949 1950
f 1922 1950 1923
f 1923 1950 1951
f 1923 1951 1924
f 1924 1951 1952
f 1924 1952 1925
f 1925 1952 1953
f 1925 1953 1926
f 1926 1953 1954
f 1926 1954 1927
f 1927 1954 1955
f 1927 1955 1928
f 1928 1955 1956
f 1928 1956 1929
f 1929 1956 1957
f 1929 1957 1930
f 1930 1957 1958
f 1930 1958 1931
f 1931 1958 1959
f 1931 1959 1932
f 1932 1959 1960
f 1932 1960 1933
f 1933 1960 1961
f 1933 1961 1906
f 1906 1961 1934
f 1962 1935 1934
f 1962 1936 1935
f 1962 1937 1936
f 1962 1938 1937
f 1962 1939 1938
f 1962 1940 1939
f 1962 1941 1940
f 1962 1942 1941
f 1962 1943 1942
f 1962 1944 1943
f 1962 1945 1944
f 1962 1946 1945
f 1962 1947 1946
f 1962 1948 1947
f 1962 1949 1948
f 1962 1950 1949
f 1962 1951 1950
f 1962 1952 1951
f 1962 1953 1952
f 1962 1954 1953
f 1962 1955 1954
f 1962 1956 1955
f 1962 1957 1956
f 1962 1958 1957
f 1962 1959 1958
f 1962 1960 1959
f 1962 1961 1960
f 1962 1934 1961
f 1963 1964 1965
f 1963 1965 1966
f 1963 1966 1967
f 1963 1967 1968
f 1963 1968 1969
f 1963 1969 1970
f 1963 1970 1971
f 1963 1971 1972
f 1963 1972 1973
f 1963 1973 1974
f 1963 1974 1975
f 1963 1975 1976
f 1963 1976 1977
f 1963 1977 1978
f 1963 1978 1979
f 1963 1979 1980
f 1963 1980 1981
f 1963 1981 1982
f 1963 1982 1983
f 1963 1983 1984
f 1963 1984 1985
f 1963 1985 1986
f 1963 1986 1987
f 1963 1987 1988
f 1963 1988 1989
f 1963 1989 1990
f 1963 1990 1991
f 1963 1991 1964
f 1964 1992 1965
f 1965 1992 1993
f 1965 1993 1966
f 1966 1993 1994
f 1966 1994 1967
f 1967 1994 1995
f 1967 1995 1968
f 1968 1995 1996
f 1968 1996 1969
f 1969 1996 1997
f 1969 1997 1970
f 1970 1997 1998
f 1970 1998 1971
f 1971 1998 1999
f 1971 1999 1972
f 1972 1999 2000
f 1972 2000 1973
f 1973 2000 2001
f 1973 2001 1974
f 1974 2001 2002
f 1974 2002 1975
f 1975 2002 2003
f 1975 2003 1976
f 1976 2003 2004
f 1976 2004 1977
f 1977 2004 2005
f 1977 2005 1978
f 1978 2005 2006
f 1978 2006 1979
f 1979 2006 2007
f 1979 2007 1980
f 1980 2007 2008
f 1980 2008 1981
f 1981 2008 2009
f 1981 2009 1982
f 1982 2009 2010
f 1982 2010 1983
f 1983 2010 2011
f 1983 2011 1984
f 1984 2011 2012
f 1984 2012 1985
f 1985 2012 2013
f 1985 2013 1986
f 1986 2013 2014
f 1986 2014 1987
f 1987 2014 2015
f 1987 2015 1988
f 1988 2015 2016
f 1988 2016 1989
f 1989 2016 2017
f 1989 2017 1990
f 1990 2017 2018
f 1990 2018 1991
f 1991 2018 2019
f 1991 2019 1964
f 1964 2019 1992
f 1992 2020 1993
f 1993 2020 2021
f 1993 2021 1994
f 1994 2021 2022
f 1994 2022 1995
f 1995 2022 2023
f 1995 2023 1996
f 1996 2023 2024
f 1996 2024 1997
f 1997 2024 2025
f 1997 2025 1998
f 1998 2025 2026
f 1998 2026 1999
f 1999 2026 2027
f 1999 2027 2000
f 2000 2027 2028
f 2000 2028 2001
f 2001 2028 2029
f 2001 2029 2002
f 2002 2029 2030
f 2002 2030 2003
f 2003 2030 2031
f 2003 2031 2004
f 2004 2031 2032
f 2004 2032 2005
f 2005 2032 2033
f 2005 2033 2006
f 2006 2033 2034
f 2006 2034 2007
f 2007 2034 2035
f 2007 2035 2008
f 2008 2035 2036
f 2008 2036 2009
f 2009 2036 2037
f 2009 2037 2010
f 2010 2037 2038
f 2010 2038 2011
f 2011 2038 2039
f 2011 2039 2012
f 2012 2039 2040
f 2012 2040 2013
f 2013 2040 2041
f 2013 2041 2014
f 2014 2041 2042
f 2014 2042 2015
f 2015 2042 2043
f 2015 2043 2016
f 2016 2043 2044
f 2016 2044 2017
f 2017 2044 2045
f 2017 2045 2018
f 2018 2045 2046
f 2018 2046 2019
f 2019 2046 2047
f 2019 2047 1992
f 1992 2047 2020
f 2020 2048 2021
f 2021 2048 2049
f 2021 2049 2022
f 2022 2049 2050
f 2022 2050 2023
f 2023 2050 2051
f 2023 2051 2024
f 2024 2051 2052
f 2024 2052 2025
f 2025 2052 2053
f 2025 2053 2026
f 2026 2053 2054
f 2026 2054 2027
f 2027 2054 2055
f 2027 2055 2028
f 2028 2055 2056
f 2028 2056 2029
f 2029 2056 2057
f 2029 2057 2030
f 2030 2057 2058
f 2030 2058 2031
f 2031 2058 2059
f 2031 2059 2032
f 2032 2059 2060
f 2032 2060 2033
f 2033 2060 2061
f 2033 2061 2034
f 2034 2061 2062
f 2034 2062 2035
f 2035 2062 2063
f 2035 2063 2036
f 2036 2063 2064
f 2036 2064 2037
f 2037 2064 2065
f 2037 2065 2038
f 2038 2065 2066
f 2038 2066 2039
f 2039 2066 2067
f 2039 2067 2040
f 2040 2067 2068
f 2040 2068 2041
f 2041 2068 2069
f 2041 2069 2042
f 2042 2069 2070
f 2042 2070 2043
f 2043 2070 2071
f 2043 2071 2044
f 2044 2071 2072
f 2044 2072 2045
f 2045 2072 2073
f 2045 2073 2046
f 2046 2073 2074
f 2046 2074 2047
f 2047 2074 2075
f 2047 2075 2020
f 2020 2075 2048
f 2048 2076 2049
f 2049 2076 2077
f 2049 2077 2050
f 2050 2077 2078
f 2050 2078 2051
f 2051 2078 2079
f 2051 2079 2052
f 2052 2079 2080
f 2052 2080 2053
f 2053 2080 2081
f 2053 2081 2054
f 2054 2081 2082
f 2054 2082 2055
f 2055 2082 2083
f 2055 2083 2056
f 2056 2083 2084
f 2056 2084 2057
f 2057 2084 2085
f 2057 2085 2058
f 2058 2085 2086
f 2058 2086 2059
f 2059 2086 2087
f 2059 2087 2060
f 2060 2087 2088
f 2060 2088 2061
f 2061 2088 2089
f 2061 2089 2062
f 2062 2089 2090
f 2062 2090 2063
f 2063 2090 2091
f 2063 2091 2064
f 2064 2091 2092
f 2064 2092 2065
f 2065 2092 2093
f 2065 2093 2066
f 2066 2093 2094
f 2066 2094 2067
f 2067 2094 2095
f 2067 2095 2068
f 2068 2095 2096
f 2068 2096 2069
f 2069 2096 2097
f 2069 2097 2070
f 2070 2097 2098
f 2070 2098 2071
f 2071 2098 2099
f 2071 2099 2072
f 2072 2099 2100
f 2072 2100 2073
f 2073 2100 2101
f 2073 2101 2074
f 2074 2101 2102
f 2074 2102 2075
f 2075 2102 2103
f 2075 2103 2048
f 2048 2103 2076
f 2076 2104 2077
f 2077 2104 2105
f 2077 2105 2078
f 2078 2105 2106
f 2078 2106 2079
f 2079 2106 2107
f 2079 2107 2080
f 2080 2107 2108
f 2080 2108 2081
f 2081 2108 2109
f 2081 2109 2082
f 2082 2109 2110
f 2082 2110 2083
f 2083 2110 2111
f 2083 2111 2084
f 2084 2111 2112
f 2084 2112 2085
f 2085 2112 2113
f 2085 2113 2086
f 2086 2113 2114
f 2086 2114 2087
f 2087 2114 2115
f 2087 2115 2088
f 2088 2115 2116
f 2088 2116 2089
f 2089 2116 2117
f 2089 2117 2090
f 2090 2117 2118
f 2090 2118 2091
f 2091 2118 2119
f 2091 2119 2092
f 2092 2119 2120
f 2092 2120 2093
f 2093 2120 2121
f 2093 2121 2094
f 2094 2121 2122
f 2094 2122 2095
f 2095 2122 2123
f 2095 2123 2096
f 2096 2123 2124
f 2096 2124 2097
f 2097 2124 2125
f 2097 2125 2098
f 2098 2125 2126
f 2098 2126 2099
f 2099 2126 2127
f 2099 2127 2100
f 2100 2127 2128
f 2100 2128 2101
f 2101 2128 2129
f 2101 2129 2102
f 2102 2129 2130
f 2102 2130 2103
f 2103 2130 2131
f 2103 2131 2076
f 2076 2131 2104
f 2104 2132 2105
f 2105 2132 2133
f 2105 2133 2106
f 2106 2133 2134
f 2106 2134 2107
f 2107 2134 2135
f 2107 2135 2108
f 2108 2135 2136
f 2108 2136 2109
f 2109 2136 2137
f 2109 2137 2110
f 2110 2137 2138
f 2110 2138 2111
f 2111 2138 2139
f 2111 2139 2112
f 2112 2139 2140
f 2112 2140 2113
f 2113 2140 2141
f 2113 2141 2114
f 2114 2141 2142
f 2114 2142 2115
f 2115 2142 2143
f 2115 2143 2116
f 2116 2143 2144
f 2116 2144 2117
f 2117 2144 2145
f 2117 2145 2118
f 2118 2145 2146
f 2118 2146 2119
f 2119 2146 2147
f 2119 2147 2120
f 2120 2147 2148
f 2120 2148 2121
f 2121 2148 2149
f 2121 2149 2122
f 2122 2149 2150
f 2122 2150 2123
f 2123 2150 2151
f 2123 2151 2124
f 2124 2151 2152
f 2124 2152 2125
f 2125 2152 2153
f 2125 2153 2126
f 2126 2153 2154
f 2126 2154 2127
f 2127 2154 2155
f 2127 2155 2128
f 2128 2155 2156
f 2128 2156 2129
f 2129 2156 2157
f 2129 2157 2130
f 2130 2157 2158
f 2130 2158 2131
f 2131 2158 2159
f 2131 2159 2104
f 2104 2159 2132
f 2132 2160 2133
f 2133 2160 2161
f 2133 2161 2134
f 2134 2161 2162
f 2134 2162 2135
f 2135 2162 2163
f 2135 2163 2136
f 2136 2163 2164
f 2136 2164 2137
f 2137 2164 2165
f 2137 2165 2138
f 2138 2165 2166
f 2138 2166 2139
f 2139 2166 2167
f 2139 2167 2140
f 2140 2167 2168
f 2140 2168 2141
f 2141 2168 2169
f 2141 2169 2142
f 2142 2169 2170
f 2142 2170 2143
f 2143 2170 2171
f 2143 2171 2144
f 2144 2171 2172
f 2144 2172 2145
f 2145 2172 2173
f 2145 2173 2146
f 2146 2173 2174
f 2146 2174 2147
f 2147 2174 2175
f 2147 2175 2148
f 2148 2175 2176
f 2148 2176 2149
f 2149 2176 2177
f 2149 2177 2150
f 2150 2177 2178
f 2150 2178 2151
f 2151 2178 2179
f 2151 2179 2152
f 2152 2179 2180
f 2152 2180 2153
f 2153 2180 2181
f 2153 2181 2154
f 2154 2181 2182
f 2154 2182 2155
f 2155 2182 2183
f 2155 2183 2156
f 2156 2183 2184
f 2156 2184 2157
f 2157 2184 2185
f 2157 2185 2158
f 2158 2185 2186
f 2158 2186 2159
f 2159 2186 2187
f 2159 2187 2132
f 2132 2187 2160
f 2160 2188 2161
f 2161 2188 2189
f 2161 2189 2162
f 2162 2189 2190
f 2162 2190 2163
f 2163 2190 2191
f 2163 2191 2164
f 2164 2191 2192
f 2164 2192 2165
f 2165 2192 2193
f 2165 2193 2166
f 2166 2193 2194
f 2166 2194 2167
f 2167 2194 2195
f 2167 2195 2168
f 2168 2195 2196
f 2168 2196 2169
f 2169 2196 2197
f 2169 2197 2170
f 2170 2197 2198
f 2170 2198 2171
f 2171 2198 2199
f 2171 2199 2172
f 2172 2199 2200
f 2172 2200 2173
f 2173 2200 2201
f 2173 2201 2174
f 2174 2201 2202
f 2174 2202 2175
f 2175 2202 2203
f 2175 2203 2176
f 2176 2203 2204
f 2176 2204 2177
f 2177 2204 2205
f 2177 2205 2178
f 2178 2205 2206
f 2178 2206 2179
f 2179 2206 2207
f 2179 2207 2180
f 2180 2207 2208
f 2180 2208 2181
f 2181 2208 2209
f 2181 2209 2182
f 2182 2209 2210
f 2182 2210 2183
f 2183 2210 2211
f 2183 2211 2184
f 2184 2211 2212
f 2184 2212 2185
f 2185 2212 2213
f 2185 2213 2186
f 2186 2213 2214
f 2186 2214 2187
f 2187 2214 2215
f 2187 2215 2160
f 2160 2215 2188
f 2188 2216 2189
f 2189 2216 2217
f 2189 2217 2190
f 2190 2217 2218
f 2190 2218 2191
f 2191 2218 2219
f 2191 2219 2192
f 2192 2219 2220
f 2192 2220 2193
f 2193 2220 2221
f 2193 2221 2194
f 2194 2221 2222
f 2194 2222 2195
f 2195 2222 2223
f 2195 2223 2196
f 2196 2223 2224
f 2196 2224 2197
f 2197 2224 2225
f 2197 2225 2198
f 2198 2225 2226
f 2198 2226 2199
f 2199 2226 2227
f 2199 2227 2200
f 2200 2227 2228
f 2200 2228 2201
f 2201 2228 2229
f 2201 2229 2202
f 2202 2229 2230
f 2202 2230 2203
f 2203 2230 2231
f 2203 2231 2204
f 2204 2231 2232
f 2204 2232 2205
f 2205 2232 2233
f 2205 2233 2206
f 2206 2233 2234
f 2206 2234 2207
f 2207 2234 2235
f 2207 2235 2208
f 2208 2235 2236
f 2208 2236 2209
f 2209 2236 2237
f 2209 2237 2210
f 2210 2237 2238
f 2210 2238 2211
f 2211 2238 2239
f 2211 2239 2212
f 2212 2239 2240
f 2212 2240 2213
f 2213 2240 2241
f 2213 2241 2214
f 2214 2241 2242
f 2214 2242 2215
f 2215 2242 2243
f 2215 2243 2188
f 2188 2243 2216
f 2216 2244 2217
f 2217 2244 2245
f 2217 2245 2218
f 2218 2245 2246
f 2218 2246 2219
f 2219 2246 2247
f 2219 2247 2220
f 2220 2247 2248
f 2220 2248 2221
f 2221 2248 2249
f 2221 2249 2222
f 2222 2249 2250
f 2222 2250 2223
f 2223 2250 2251
f 2223 2251 2224
f 2224 2251 2252
f 2224 2252 2225
f 2225 2252 2253
f 2225 2253 2226
f 2226 2253 2254
f 2226 2254 2227
f 2227 2254 2255
f 2227 2255 2228
f 2228 2255 2256
f 2228 2256 2229
f 2229 2256 2257
f 2229 2257 2230
f 2230 2257 2258
f 2230 2258 2231
f 2231 2258 2259
f 2231 2259 2232
f 2232 2259 2260
f 2232 2260 2233
f 2233 2260 2261
f 2233 2261 2234
f 2234 2261 2262
f 2234 2262 2235
f 2235 2262 2263
f 2235 2263 2236
f 2236 2263 2264
f 2236 2264 2237
f 2237 2264 2265
f 2237 2265 2238
f 2238 2265 2266
f 2238 2266 2239
f 2239 2266 2267
f 2239 2267 2240
f 2240 2267 2268
f 2240 2268 2241
f 2241 2268 2269
f 2241 2269 2242
f 2242 2269 2270
f 2242 2270 2243
f 2243 2270 2271
f 2243 2271 2216
f 2216 2271 2244
f 2244 2272 2245
f 2245 2272 2273
f 2245 2273 2246
f 2246 2273 2274
f 2246 2274 2247
f 2247 2274 2275
f 2247 2275 2248
f 2248 2275 2276
f 2248 2276 2249
f 2249 2276 2277
f 2249 2277 2250
f 2250 2277 2278
f 2250 2278 2251
f 2251 2278 2279
f 2251 2279 2252
f 2252 2279 2280
f 2252 2280 2253
f 2253 2280 2281
f 2253 2281 2254
f 2254 2281 2282
f 2254 2282 2255
f 2255 2282 2283
f 2255 2283 2256
f 2256 2283 2284
f 2256 2284 2257
f 2257 2284 2285
f 2257 2285 2258
f 2258 2285 2286
f 2258 2286 2259
f 2259 2286 2287
f 2259 2287 2260
f 2260 2287 2288
f 2260 2288 2261
f 2261 2288 2289
f 2261 2289 2262
f 2262 2289 2290
f 2262 2290 2263
f 2263 2290 2291
f 2263 2291 2264
f 2264 2291 2292
f 2264 2292 2265
f 2265 2292 2293
f 2265 2293 2266
f 2266 2293 2294
f 2266 2294 2267
f 2267 2294 2295
f 2267 2295 2268
f 2268 2295 2296
f 2268 2296 2269
f 2269 2296 2297
f 2269 2297 2270
f 2270 2297 2298
f 2270 2298 2271
f 2271 2298 2299
f 2271 2299 2244
f 2244 2299 2272
f 2300 2273 2272
f 2300 2274 2273
f 2300 2275 2274
f 2300 2276 2275
f 2300 2277 2276
f 2300 2278 2277
f 2300 2279 2278
f 2300 2280 2279
f 2300 2281 2280
f 2300 2282 2281
f 2300 2283 2282
f 2300 2284 2283
f 2300 2285 2284
f 2300 2286 2285
f 2300 2287 2286
f 2300 2288 2287
f 2300 2289 2288
f 2300 2290 2289
f 2300 2291 2290
f 2300 2292 2291
f 2300 2293 2292
f 2300 2294 2293
f 2300 2295 2294
f 2300 2296 2295
f 2300 2297 2296
f 2300 2298 2297
f 2300 2299 2298
f 2300 2272 2299
f 2301 2302 2303
f 2301 2303 2304
f 2301 2304 2305
f 2301 2305 2306
f 2301 2306 2307
f 2301 2307 2308
f 2301 2308 2309
f 2301 2309 2310
f 2301 2310 2311
f 2301 2311 2312
f 2301 2312 2313
f 2301 2313 2314
f 2301 2314 2315
f 2301 2315 2316
f 2301 2316 2317
f 2301 2317 2318
f 2301 2318 2319
f 2301 2319 2320
f 2301 2320 2321
f 2301 2321 2322
f 2301 2322 2323
f 2301 2323 2324
f 2301 2324 2325
f 2301 2325 2326
f 2301 2326 2327
f 2301 2327 2328
f 2301 2328 2329
f 2301 2329 2302
f 2302 2330 2303
f 2303 2330 2331
f 2303 2331 2304
f 2304 2331 2332
f 2304 2332 2305
f 2305 2332 2333
f 2305 2333 2306
f 2306 2333 2334
f 2306 2334 2307
f 2307 2334 2335
f 2307 2335 2308
f 2308 2335 2336
f 2308 2336 2309
f 2309 2336 2337
f 2309 2337 2310
f 2310 2337 2338
f 2310 2338 2311
f 2311 2338 2339
f 2311 2339 2312
f 2312 2339 2340
f 2312 2340 2313
f 2313 2340 2341
f 2313 2341 2314
f 2314 2341 2342
f 2314 2342 2315
f 2315 2342 2343
f 2315 2343 2316
f 2316 2343 2344
f 2316 2344 2317
f 2317 2344 2345
f 2317 2345 2318
f 2318 2345 2346
f 2318 2346 2319
f 2319 2346 2347
f 2319 2347 2320
f 2320 2347 2348
f 2320 2348 2321
f 2321 2348 2349
f 2321 2349 2322
f 2322 2349 2350
f 2322 2350 2323
f 2323 2350 2351
f 2323 2351 2324
f 2324 2351 2352
f 2324 2352 2325
f 2325 2352 2353
f 2325 2353 2326
f 2326 2353 2354
f 2326 2354 2327
f 2327 2354 2355
f 2327 2355 2328
f 2328 2355 2356
f 2328 2356 2329
f 2329 2356 2357
f 2329 2357 2302
f 2302 2357 2330
f 2330 2358 2331
f 2331 2358 2359
f 2331 2359 2332
f 2332 2359 2360
f 2332 2360 2333
f 2333 2360 2361
f 2333 2361 2334
f 2334 2361 2362
f 2334 2362 2335
f 2335 2362 2363
f 2335 2363 2336
f 2336 2363 2364
f 2336 2364 2337
f 2337 2364 2365
f 2337 2365 2338
f 2338 2365 2366
f 2338 2366 2339
f 2339 2366 2367
f 2339 2367 2340
f 2340 2367 2368
f 2340 2368 2341
f 2341 2368 2369
f 2341 2369 2342
f 2342 2369 2370
f 2342 2370 2343
f 2343 2370 2371
f 2343 2371 2344
f 2344 2371 2372
f 2344 2372 2345
f 2345 2372 2373
f 2345 2373 2346
f 2346 2373 2374
f 2346 2374 2347
f 2347 2374 2375
f 2347 2375 2348
f 2348 2375 2376
f 2348 2376 2349
f 2349 2376 2377
f 2349 2377 2350
f 2350 2377 2378
f 2350 2378 2351
f 2351 2378 2379
f 2351 2379 2352
f 2352 2379 2380
f 2352 2380 2353
f 2353 2380 2381
f 2353 2381 2354
f 2354 2381 2382
f 2354 2382 2355
f 2355 2382 2383
f 2355 2383 2356
f 2356 2383 2384
f 2356 2384 2357
f 2357 2384 2385
f 2357 2385 2330
f 2330 2385 2358
f 2358 2386 2359
f 2359 2386 2387
f 2359 2387 2360
f 2360 2387 2388
f 2360 2388 2361
f 2361 2388 2389
f 2361 2389 2362
f 2362 2389 2390
f 2362 2390 2363
f 2363 2390 2391
f 2363 2391 2364
f 2364 2391 2392
f 2364 2392 2365
f 2365 2392 2393
f 2365 2393 2366
f 2366 2393 2394
f 2366 2394 2367
f 2367 2394 2395
f 2367 2395 2368
f 2368 2395 2396
f 2368 2396 2369
f 2369 2396 2397
f 2369 2397 2370
f 2370 2397 2398
f 2370 2398 2371
f 2371 2398 2399
f 2371 2399 2372
f 2372 2399 2400
f 2372 2400 2373
f 2373 2400 2401
f 2373 2401 2374
f 2374 2401 2402
f 2374 2402 2375
f 2375 2402 2403
f 2375 2403 2376
f 2376 2403 2404
f 2376 2404 2377
f 2377 2404 2405
f 2377 2405 2378
f 2378 2405 2406
f 2378 2406 2379
f 2379 2406 2407
f 2379 2407 2380
f 2380 2407 2408
f 2380 2408 2381
f 2381 2408 2409
f 2381 2409 2382
f 2382 2409 2410
f 2382 2410 2383
f 2383 2410 2411
f 2383 2411 2384
f 2384 2411 2412
f 2384 2412 2385
f 2385 2412 2413
f 2385 2413 2358
f 2358 2413 2386
f 2386 2414 2387
f 2387 2414 2415
f 2387 2415 2388
f 2388 2415 2416
f 2388 2416 2389
f 2389 2416 2417
f 2389 2417 2390
f 2390 2417 2418
f 2390 2418 2391
f 2391 2418 2419
f 2391 2419 2392
f 2392 2419 2420
f 2392 2420 2393
f 2393 2420 2421
f 2393 2421 2394
f 2394 2421 2422
f 2394 2422 2395
f 2395 2422 2423
f 2395 2423 2396
f 2396 2423 2424
f 2396 2424 2397
f 2397 2424 2425
f 2397 2425 2398
f 2398 2425 2426
f 2398 2426 2399
f 2399 2426 2427
f 2399 2427 2400
f 2400 2427 2428
f 2400 2428 2401
f 2401 2428 2429
f 2401 2429 2402
f 2402 2429 2430
f 2402 2430 2403
f 2403 2430 2431
f 2403 2431 2404
f 2404 2431 2432
f 2404 2432 2405
f 2405 2432 2433
f 2405 2433 2406
f 2406 2433 2434
f 2406 2434 2407
f 2407 2434 2435
f 2407 2435 2408
f 2408 2435 2436
f 2408 2436 2409
f 2409 2436 2437
f 2409 2437 2410
f 2410 2437 2438
f 2410 2438 2411
f 2411 2438 2439
f 2411 2439 2412
f 2412 2439 2440
f 2412 2440 2413
f 2413 2440 2441
f 2413 2441 2386
f 2386 2441 2414
f 2414 2442 2415
f 2415 2442 2443
f 2415 2443 2416
f 2416 2443 2444
f 2416 2444 2417
f 2417 2444 2445
f 2417 2445 2418
f 2418 2445 2446
f 2418 2446 2419
f 2419 2446 2447
f 2419 2447 2420
f 2420 2447 2448
f 2420 2448 2421
f 2421 2448 2449
f 2421 2449 2422
f 2422 2449 2450
f 2422 2450 2423
f 2423 2450 2451
f 2423 2451 2424
f 2424 2451 2452
f 2424 2452 2425
f 2425 2452 2453
f 2425 2453 2426
f 2426 2453 2454
f 2426 2454 2427
f 2427 2454 2455
f 2427 2455 2428
f 2428 2455 2456
f 2428 2456 2429
f 2429 2456 2457
f 2429 2457 2430
f 2430 2457 2458
f 2430 2458 2431
f 2431 2458 2459
f 2431 2459 2432
f 2432 2459 2460
f 2432 2460 2433
f 2433 2460 2461
f 2433 2461 2434
f 2434 2461 2462
f 2434 2462 2435
f 2435 2462 2463
f 2435 2463 2436
f 2436 2463 2464
f 2436 2464 2437
f 2437 2464 2465
f 2437 2465 2438
f 2438 2465 2466
f 2438 2466 2439
f 2439 2466 2467
f 2439 2467 2440
f 2440 2467 2468
f 2440 2468 2441
f 2441 2468 2469
f 2441 2469 2414
f 2414 2469 2442
f 2442 2470 2443
f 2443 2470 2471
f 2443 2471 2444
f 2444 2471 2472
f 2444 2472 2445
f 2445 2472 2473
f 2445 2473 2446
f 2446 2473 2474
f 2446 2474 2447
f 2447 2474 2475
f 2447 2475 2448
f 2448 2475 2476
f 2448 2476 2449
f 2449 2476 2477
f 2449 2477 2450
f 2450 2477 2478
f 2450 2478 2451
f 2451 2478 2479
f 2451 2479 2452
f 2452 2479 2480
f 2452 2480 2453
f 2453 2480 2481
f 2453 2481 2454
f 2454 2481 2482
f 2454 2482 2455
f 2455 2482 2483
f 2455 2483 2456
f 2456 2483 2484
f 2456 2484 2457
f 2457 2484 2485
f 2457 2485 2458
f 2458 2485 2486
f 2458 2486 2459
f 2459 2486 2487
f 2459 2487 2460
f 2460 2487 2488
f 2460 2488 2461
f 2461 2488 2489
f 2461 2489 2462
f 2462 2489 2490
f 2462 2490 2463
f 2463 2490 2491
f 2463 2491 2464
f 2464 2491 2492
f 2464 2492 2465
f 2465 2492 2493
f 2465 2493 2466
f 2466 2493 2494
f 2466 2494 2467
f 2467 2494 2495
f 2467 2495 2468
f 2468 2495 2496
f 2468 2496 2469
f 2469 2496 2497
f 2469 2497 2442
f 2442 2497 2470
f 2470 2498 2471
f 2471 2498 2499
f 2471 2499 2472
f 2472 2499 2500
f 2472 2500 2473
f 2473 2500 2501
f 2473 2501 2474
f 2474 2501 2502
f 2474 2502 2475
f 2475 2502 2503
f 2475 2503 2476
f 2476 2503 2504
f 2476 2504 2477
f 2477 2504 2505
f 2477 2505 2478
f 2478 2505 2506
f 2478 2506 2479
f 2479 2506 2507
f 2479 2507 2480
f 2480 2507 2508
f 2480 2508 2481
f 2481 2508 2509
f 2481 2509 2482
f 2482 2509 2510
f 2482 2510 2483
f 2483 2510 2511
f 2483 2511 2484
f 2484 2511 2512
f 2484 2512 2485
f 2485 2512 2513
f 2485 2513 2486
f 2486 2513 2514
f 2486 2514 2487
f 2487 2514 2515
f 2487 2515 2488
f 2488 2515 2516
f 2488 2516 2489
f 2489 2516 2517
f 2489 2517 2490
f 2490 2517 2518
f 2490 2518 2491
f 2491 2518 2519
f 2491 2519 2492
f 2492 2519 2520
f 2492 2520 2493
f 2493 2520 2521
f 2493 2521 2494
f 2494 2521 2522
f 2494 2522 2495
f 2495 2522 2523
f 2495 2523 2496
f 2496 2523 2524
f 2496 2524 2497
f 2497 2524 2525
f 2497 2525 2470
f 2470 2525 2498
f 2498 2526 2499
f 2499 2526 2527
f 2499 2527 2500
f 2500 2527 2528
f 2500 2528 2501
f 2501 2528 2529
f 2501 2529 2502
f 2502 2529 2530
f 2502 2530 2503
f 2503 2530 2531
f 2503 2531 2504
f 2504 2531 2532
f 2504 2532 2505
f 2505 2532 2533
f 2505 2533 2506
f 2506 2533 2534
f 2506 2534 2507
f 2507 2534 2535
f 2507 2535 2508
f 2508 2535 2536
f 2508 2536 2509
f 2509 2536 2537
f 2509 2537 2510
f 2510 2537 2538
f 2510 2538 2511
f 2511 2538 2539
f 2511 2539 2512
f 2512 2539 2540
f 2512 2540 2513
f 2513 2540 2541
f 2513 2541 2514
f 2514 2541 2542
f 2514 2542 2515
f 2515 2542 2543
f 2515 2543 2516
f 2516 2543 2544
f 2516 2544 2517
f 2517 2544 2545
f 2517 2545 2518
f 2518 2545 2546
f 2518 2546 2519
f 2519 2546 2547
f 2519 2547 2520
f 2520 2547 2548
f 2520 2548 2521
f 2521 2548 2549
f 2521 2549 2522
f 2522 2549 2550
f 2522 2550 2523
f 2523 2550 2551
f 2523 2551 2524
f 2524 2551 2552
f 2524 2552 2525
f 2525 2552 2553
f 2525 2553 2498
f 2498 2553 2526
f 2526 2554 2527
f 2527 2554 2555
f 2527 2555 2528
f 2528 2555 2556
f 2528 2556 2529
f 2529 2556 2557
f 2529 2557 2530
f 2530 2557 2558
f 2530 2558 2531
f 2531 2558 2559
f 2531 2559 2532
f 2532 2559 2560
f 2532 2560 2533
f 2533 2560 2561
f 2533 2561 2534
f 2534 2561 2562
f 2534 2562 2535
f 2535 2562 2563
f 2535 2563 2536
f 2536 2563 2564
f 2536 2564 2537
f 2537 2564 2565
f 2537 2565 2538
f 2538 2565 2566
f 2538 2566 2539
f 2539 2566 2567
f 2539 2567 2540
f 2540 2567 2568
f 2540 2568 2541
f 2541 2568 2569
f 2541 2569 2542
f 2542 2569 2570
f 2542 2570 2543
f 2543 2570 2571
f 2543 2571 2544
f 2544 2571 2572
f 2544 2572 2545
f 2545 2572 2573
f 2545 2573 2546
f 2546 2573 2574
f 2546 2574 2547
f 2547 2574 2575
f 2547 2575 2548
f 2548 2575 2576
f 2548 2576 2549
f 2549 2576 2577
f 2549 2577 2550
f 2550 2577 2578
f 2550 2578 2551
f 2551 2578 2579
f 2551 2579 2552
f 2552 2579 2580
f 2552 2580 2553
f 2553 2580 2581
f 2553 2581 2526
f 2526 2581 2554
f 2554 2582 2555
f 2555 2582 2583
f 2555 2583 2556
f 2556 2583 2584
f 2556 2584 2557
f 2557 2584 2585
f 2557 2585 2558
f 2558 2585 2586
f 2558 2586 2559
f 2559 2586 2587
f 2559 2587 2560
f 2560 2587 2588
f 2560 2588 2561
f 2561 2588 2589
f 2561 2589 2562
f 2562 2589 2590
f 2562 2590 2563
f 2563 2590 2591
f 2563 2591 2564
f 2564 2591 2592
f 2564 2592 2565
f 2565 2592 2593
f 2565 2593 2566
f 2566 2593 2594
f 2566 2594 2567
f 2567 2594 2595
f 2567 2595 2568
f 2568 2595 2596
f 2568 2596 2569
f 2569 2596 2597
f 2569 2597 2570
f 2570 2597 2598
f 2570 2598 2571
f 2571 2598 2599
f 2571 2599 2572
f 2572 2599 2600
f 2572 2600 2573
f 2573 2600 2601
f 2573 2601 2574
f 2574 2601 2602
f 2574 2602 2575
f 2575 2602 2603
f 2575 2603 2576
f 2576 2603 2604
f 2576 2604 2577
f 2577 2604 2605
f 2577 2605 2578
f 2578 2605 2606
f 2578 2606 2579
f 2579 2606 2607
f 2579 2607 2580
f 2580 2607 2608
f 2580 2608 2581
f 2581 2608 2609
f 2581 2609 2554
f 2554 2609 2582
f 2582 2610 2583
f 2583 2610 2611
f 2583 2611 2584
f 2584 2611 2612
f 2584 2612 2585
f 2585 2612 2613
f 2585 2613 2586
f 2586 2613 2614
f 2586 2614 2587
f 2587 2614 2615
f 2587 2615 2588
f 2588 2615 2616
f 2588 2616 2589
f 2589 2616 2617
f 2589 2617 2590
f 2590 2617 2618
f 2590 2618 2591
f 2591 2618 2619
f 2591 2619 2592
f 2592 2619 2620
f 2592 2620 2593
f 2593 2620 2621
f 2593 2621 2594
f 2594 2621 2622
f 2594 2622 2595
f 2595 2622 2623
f 2595 2623 2596
f 2596 2623 2624
f 2596 2624 2597
f 2597 2624 2625
f 2597 2625 2598
f 2598 2625 2626
f 2598 2626 2599
f 2599 2626 2627
f 2599 2627 2600
f 2600 2627 2628
f 2600 2628 2601
f 2601 2628 2629
f 2601 2629 2602
f 2602 2629 2630
f 2602 2630 2603
f 2603 2630 2631
f 2603 2631 2604
f 2604 2631 2632
f 2604 2632 2605
f 2605 2632 2633
f 2605 2633 2606
f 2606 2633 2634
f 2606 2634 2607
f 2607 2634 2635
f 2607 2635 2608
f 2608 2635 2636
f 2608 2636 2609
f 2609 2636 2637
f 2609 2637 2582
f 2582 2637 2610
f 2638 2611 2610
f 2638 2612 2611
f 2638 2613 2612
f 2638 2614 2613
f 2638 2615 2614
f 2638 2616 2615
f 2638 2617 2616
f 2638 2618 2617
f 2638 2619 2618
f 2638 2620 2619
f 2638 2621 2620
f 2638 2622 2621
f 2638 2623 2622
f 2638 2624 2623
f 2638 2625 2624
f 2638 2626 2625
f 2638 2627 2626
f 2638 2628 2627
f 2638 2629 2628
f 2638 2630 2629
f 2638 2631 2630
f 2638 2632 2631
f 2638 2633 2632
f 2638 2634 2633
f 2638 2635 2634
f 2638 2636 2635
f 2638 2637 2636
f 2638 2610 2637
f 2639 2640 2641
f 2639 2641 2642
f 2639 2642 2643
f 2639 2643 2644
f 2639 2644 2645
f 2639 2645 2646
f 2639 2646 2647
f 2639 2647 2648
f 2639 2648 2649
f 2639 2649 2650
f 2639 2650 2651
f 2639 2651 2652
f 2639 2652 2653
f 2639 2653 2654
f 2639 2654 2655
f 2639 2655 2656
f 2639 2656 2657
f 2639 2657 2658
f 2639 2658 2659
f 2639 2659 2660
f 2639 2660 2661
f 2639 2661 2662
f 2639 2662 2663
f 2639 2663 2664
f 2639 2664 2665
f 2639 2665 2666
f 2639 2666 2667
f 2639 2667 2640
f 2640 2668 2641
f 2641 2668 2669
f 2641 2669 2642
f 2642 2669 2670
f 2642 2670 2643
f 2643 2670 2671
f 2643 2671 2644
f 2644 2671 2672
f 2644 2672 2645
f 2645 2672 2673
f 2645 2673 2646
f 2646 2673 2674
f 2646 2674 2647
f 2647 2674 2675
f 2647 2675 2648
f 2648 2675 2676
f 2648 2676 2649
f 2649 2676 2677
f 2649 2677 2650
f 2650 2677 2678
f 2650 2678 2651
f 2651 2678 2679
f 2651 2679 2652
f 2652 2679 2680
f 2652 2680 2653
f 2653 2680 2681
f 2653 2681 2654
f 2654 2681 2682
f 2654 2682 2655
f 2655 2682 2683
f 2655 2683 2656
f 2656 2683 2684
f 2656 2684 2657
f 2657 2684 2685
f 2657 2685 2658
f 2658 2685 2686
f 2658 2686 2659
f 2659 2686 2687
f 2659 2687 2660
f 2660 2687 2688
f 2660 2688 2661
f 2661 2688 2689
f 2661 2689 2662
f 2662 2689 2690
f 2662 2690 2663
f 2663 2690 2691
f 2663 2691 2664
f 2664 2691 2692
f 2664 2692 2665
f 2665 2692 2693
f 2665 2693 2666
f 2666 2693 2694
f 2666 2694 2667
f 2667 2694 2695
f 2667 2695 2640
f 2640 2695 2668
f 2668 2696 2669
f 2669 2696 2697
f 2669 2697 2670
f 2670 2697 2698
f 2670 2698 2671
f 2671 2698 2699
f 2671 2699 2672
f 2672 2699 2700
f 2672 2700 2673
f 2673 2700 2701
f 2673 2701 2674
f 2674 2701 2702
f 2674 2702 2675
f 2675 2702 2703
f 2675 2703 2676
f 2676 2703 2704
f 2676 2704 2677
f 2677 2704 2705
f 2677 2705 2678
f 2678 2705 2706
f 2678 2706 2679
f 2679 2706 2707
f 2679 2707 2680
f 2680 2707 2708
f 2680 2708 2681
f 2681 2708 2709
f 2681 2709 2682
f 2682 2709 2710
f 2682 2710 2683
f 2683 2710 2711
f 2683 2711 2684
f 2684 2711 2712
f 2684 2712 2685
f 2685 2712 2713
f 2685 2713 2686
f 2686 2713 2714
f 2686 2714 2687
f 2687 2714 2715
f 2687 2715 2688
f 2688 2715 2716
f 2688 2716 2689
f 2689 2716 2717
f 2689 2717 2690
f 2690 2717 2718
f 2690 2718 2691
f 2691 2718 2719
f 2691 2719 2692
f 2692 2719 2720
f 2692 2720 2693
f 2693 2720 2721
f 2693 2721 2694
f 2694 2721 2722
f 2694 2722 2695
f 2695 2722 2723
f 2695 2723 2668
f 2668 2723 2696
f 2696 2724 2697
f 2697 2724 2725
f 2697 2725 2698
f 2698 2725 2726
f 2698 2726 2699
f 2699 2726 2727
f 2699 2727 2700
f 2700 2727 2728
f 2700 2728 2701
f 2701 2728 2729
f 2701 2729 2702
f 2702 2729 2730
f 2702 2730 2703
f 2703 2730 2731
f 2703 2731 2704
f 2704 2731 2732
f 2704 2732 2705
f 2705 2732 2733
f 2705 2733 2706
f 2706 2733 2734
f 2706 2734 2707
f 2707 2734 2735
f 2707 2735 2708
f 2708 2735 2736
f 2708 2736 2709
f 2709 2736 2737
f 2709 2737 2710
f 2710 2737 2738
f 2710 2738 2711
f 2711 2738 2739
f 2711 2739 2712
f 2712 2739 2740
f 2712 2740 2713
f 2713 2740 2741
f 2713 2741 2714
f 2714 2741 2742
f 2714 2742 2715
f 2715 2742 2743
f 2715 2743 2716
f 2716 2743 2744
f 2716 2744 2717
f 2717 2744 2745
f 2717 2745 2718
f 2718 2745 2746
f 2718 2746 2719
f 2719 2746 2747
f 2719 2747 2720
f 2720 2747 2748
f 2720 2748 2721
f 2721 2748 2749
f 2721 2749 2722
f 2722 2749 2750
f 2722 2750 2723
f 2723 2750 2751
f 2723 2751 2696
f 2696 2751 2724
f 2724 2752 2725
f 2725 2752 2753
f 2725 2753 2726
f 2726 2753 2754
f 2726 2754 2727
f 2727 2754 2755
f 2727 2755 2728
f 2728 2755 2756
f 2728 2756 2729
f 2729 2756 2757
f 2729 2757 2730
f 2730 2757 2758
f 2730 2758 2731
f 2731 2758 2759
f 2731 2759 2732
f 2732 2759 2760
f 2732 2760 2733
f 2733 2760 2761
f 2733 2761 2734
f 2734 2761 2762
f 2734 2762 2735
f 2735 2762 2763
f 2735 2763 2736
f 2736 2763 2764
f 2736 2764 2737
f 2737 2764 2765
f 2737 2765 2738
f 2738 2765 2766
f 2738 2766 2739
f 2739 2766 2767
f 2739 2767 2740
f 2740 2767 2768
f 2740 2768 2741
f 2741 2768 2769
f 2741 2769 2742
f 2742 2769 2770
f 2742 2770 2743
f 2743 2770 2771
f 2743 2771 2744
f 2744 2771 2772
f 2744 2772 2745
f 2745 2772 2773
f 2745 2773 2746
f 2746 2773 2774
f 2746 2774 2747
f 2747 2774 2775
f 2747 2775 2748
f 2748 2775 2776
f 2748 2776 2749
f 2749 2776 2777
f 2749 2777 2750
f 2750 2777 2778
f 2750 2778 2751
f 2751 2778 2779
f 2751 2779 2724
f 2724 2779 2752
f 2752 2780 2753
f 2753 2780 2781
f 2753 2781 2754
f 2754 2781 2782
f 2754 2782 2755
f 2755 2782 2783
f 2755 2783 2756
f 2756 2783 2784
f 2756 2784 2757
f 2757 2784 2785
f 2757 2785 2758
f 2758 2785 2786
f 2758 2786 2759
f 2759 2786 2787
f 2759 2787 2760
f 2760 2787 2788
f 2760 2788 2761
f 2761 2788 2789
f 2761 2789 2762
f 2762 2789 2790
f 2762 2790 2763
f 2763 2790 2791
f 2763 2791 2764
f 2764 2791 2792
f 2764 2792 2765
f 2765 2792 2793
f 2765 2793 2766
f 2766 2793 2794
f 2766 2794 2767
f 2767 2794 2795
f 2767 2795 2768
f 2768 2795 2796
f 2768 2796 2769
f 2769 2796 2797
f 2769 2797 2770
f 2770 2797 2798
f 2770 2798 2771
f 2771 2798 2799
f 2771 2799 2772
f 2772 2799 2800
f 2772 2800 2773
f 2773 2800 2801
f 2773 2801 2774
f 2774 2801 2802
f 2774 2802 2775
f 2775 2802 2803
f 2775 2803 2776
f 2776 2803 2804
f 2776 2804 2777
f 2777 2804 2805
f 2777 2805 2778
f 2778 2805 2806
f 2778 2806 2779
f 2779 2806 2807
f 2779 2807 2752
f 2752 2807 2780
f 2780 2808 2781
f 2781 2808 2809
f 2781 2809 2782
f 2782 2809 2810
f 2782 2810 2783
f 2783 2810 2811
f 2783 2811 2784
f 2784 2811 2812
f 2784 2812 2785
f 2785 2812 2813
f 2785 2813 2786
f 2786 2813 2814
f 2786 2814 2787
f 2787 2814 2815
f 2787 2815 2788
f 2788 2815 2816
f 2788 2816 2789
f 2789 2816 2817
f 2789 2817 2790
f 2790 2817 2818
f 2790 2818 2791
f 2791 2818 2819
f 2791 2819 2792
f 2792 2819 2820
f 2792 2820 2793
f 2793 2820 2821
f 2793 2821 2794
f 2794 2821 2822
f 2794 2822 2795
f 2795 2822 2823
f 2795 2823 2796
f 2796 2823 2824
f 2796 2824 2797
f 2797 2824 2825
f 2797 2825 2798
f 2798 2825 2826
f 2798 2826 2799
f 2799 2826 2827
f 2799 2827 2800
f 2800 2827 2828
f 2800 2828 2801
f 2801 2828 2829
f 2801 2829 2802
f 2802 2829 2830
f 2802 2830 2803
f 2803 2830 2831
f 2803 2831 2804
f 2804 2831 2832
f 2804 2832 2805
f 2805 2832 2833
f 2805 2833 2806
f 2806 2833 2834
f 2806 2834 2807
f 2807 2834 2835
f 2807 2835 2780
f 2780 2835 2808
f 2808 2836 2809
f 2809 2836 2837
f 2809 2837 2810
f 2810 2837 2838
f 2810 2838 2811
f 2811 2838 2839
f 2811 2839 2812
f 2812 2839 2840
f 2812 2840 2813
f 2813 2840 2841
f 2813 2841 2814
f 2814 2841 2842
f 2814 2842 2815
f 2815 2842 2843
f 2815 2843 2816
f 2816 2843 2844
f 2816 2844 2817
f 2817 2844 2845
f 2817 2845 2818
f 2818 2845 2846
f 2818 2846 2819
f 2819 2846 2847
f 2819 2847 2820
f 2820 2847 2848
f 2820 2848 2821
f 2821 2848 2849
f 2821 2849 2822
f 2822 2849 2850
f 2822 2850 2823
f 2823 2850 2851
f 2823 2851 2824
f 2824 2851 2852
f 2824 2852 2825
f 2825 2852 2853
f 2825 2853 2826
f 2826 2853 2854
f 2826 2854 2827
f 2827 2854 2855
f 2827 2855 2828
f 2828 2855 2856
f 2828 2856 2829
f 2829 2856 2857
f 2829 2857 2830
f 2830 2857 2858
f 2830 2858 2831
f 2831 2858 2859
f 2831 2859 2832
f 2832 2859 2860
f 2832 2860 2833
f 2833 2860 2861
f 2833 2861 2834
f 2834 2861 2862
f 2834 2862 2835
f 2835 2862 2863
f 2835 2863 2808
f 2808 2863 2836
f 2836 2864 2837
f 2837 2864 2865
f 2837 2865 2838
f 2838 2865 2866
f 2838 2866 2839
f 2839 2866 2867
f 2839 2867 2840
f 2840 2867 2868
f 2840 2868 2841
f 2841 2868 2869
f 2841 2869 2842
f 2842 2869 2870
f 2842 2870 2843
f 2843 2870 2871
f 2843 2871 2844
f 2844 2871 2872
f 2844 2872 2845
f 2845 2872 2873
f 2845 2873 2846
f 2846 2873 2874
f 2846 2874 2847
f 2847 2874 2875
f 2847 2875 2848
f 2848 2875 2876
f 2848 2876 2849
f 2849 2876 2877
f 2849 2877 2850
f 2850 2877 2878
f 2850 2878 2851
f 2851 2878 2879
f 2851 2879 2852
f 2852 2879 2880
f 2852 2880 2853
f 2853 2880 2881
f 2853 2881 2854
f 2854 2881 2882
f 2854 2882 2855
f 2855 2882 2883
f 2855 2883 2856
f 2856 2883 2884
f 2856 2884 2857
f 2857 2884 2885
f 2857 2885 2858
f 2858 2885 2886
f 2858 2886 2859
f 2859 2886 2887
f 2859 2887 2860
f 2860 2887 2888
f 2860 2888 2861
f 2861 2888 2889
f 2861 2889 2862
f 2862 2889 2890
f 2862 2890 2863
f 2863 2890 2891
f 2863 2891 2836
f 2836 2891 2864
f 2864 2892 2865
f 2865 2892 2893
f 2865 2893 2866
f 2866 2893 2894
f 2866 2894 2867
f 2867 2894 2895
f 2867 2895 2868
f 2868 2895 2896
f 2868 2896 2869
f 2869 2896 2897
f 2869 2897 2870
f 2870 2897 2898
f 2870 2898 2871
f 2871 2898 2899
f 2871 2899 2872
f 2872 2899 2900
f 2872 2900 2873
f 2873 2900 2901
f 2873 2901 2874
f 2874 2901 2902
f 2874 2902 2875
f 2875 2902 2903
f 2875 2903 2876
f 2876 2903 2904
f 2876 2904 2877
f 2877 2904 2905
f 2877 2905 2878
f 2878 2905 2906
f 2878 2906 2879
f 2879 2906 2907
f 2879 2907 2880
f 2880 2907 2908
f 2880 2908 2881
f 2881 2908 2909
f 2881 2909 2882
f 2882 2909 2910
f 2882 2910 2883
f 2883 2910 2911
f 2883 2911 2884
f 2884 2911 2912
f 2884 2912 2885
f 2885 2912 2913
f 2885 2913 2886
f 2886 2913 2914
f 2886 2914 2887
f 2887 2914 2915
f 2887 2915 2888
f 2888 2915 2916
f 2888 2916 2889
f 2889 2916 2917
f 2889 2917 2890
f 2890 2917 2918
f 2890 2918 2891
f 2891 2918 2919
f 2891 2919 2864
f 2864 2919 2892
f 2892 2920 2893
f 2893 2920 2921
f 2893 2921 2894
f 2894 2921 2922
f 2894 2922 2895
f 2895 2922 2923
f 2895 2923 2896
f 2896 2923 2924
f 2896 2924 2897
f 2897 2924 2925
f 2897 2925 2898
f 2898 2925 2926
f 2898 2926 2899
f 2899 2926 2927
f 2899 2927 2900
f 2900 2927 2928
f 2900 2928 2901
f 2901 2928 2929
f 2901 2929 2902
f 2902 2929 2930
f 2902 2930 2903
f 2903 2930 2931
f 2903 2931 2904
f 2904 2931 2932
f 2904 2932 2905
f 2905 2932 2933
f 2905 2933 2906
f 2906 2933 2934
f 2906 2934 2907
f 2907 2934 2935
f 2907 2935 2908
f 2908 2935 2936
f 2908 2936 2909
f 2909 2936 2937
f 2909 2937 2910
f 2910 2937 2938
f 2910 2938 2911
f 2911 2938 2939
f 2911 2939 2912
f 2912 2939 2940
f 2912 2940 2913
f 2913 2940 2941
f 2913 2941 2914
f 2914 2941 2942
f 2914 2942 2915
f 2915 2942 2943
f 2915 2943 2916
f 2916 2943 2944
f 2916 2944 2917
f 2917 2944 2945
f 2917 2945 2918
f 2918 2945 2946
f 2918 2946 2919
f 2919 2946 2947
f 2919 2947 2892
f 2892 2947 2920
f 2920 2948 2921
f 2921 2948 2949
f 2921 2949 2922
f 2922 2949 2950
f 2922 2950 2923
f 2923 2950 2951
f 2923 2951 2924
f 2924 2951 2952
f 2924 2952 2925
f 2925 2952 2953
f 2925 2953 2926
f 2926 2953 2954
f 2926 2954 2927
f 2927 2954 2955
f 2927 2955 2928
f 2928 2955 2956
f 2928 2956 2929
f 2929 2956 2957
f 2929 2957 2930
f 2930 2957 2958
f 2930 2958 2931
f 2931 2958 2959
f 2931 2959 2932
f 2932 2959 2960
f 2932 2960 2933
f 2933 2960 2961
f 2933 2961 2934
f 2934 2961 2962
f 2934 2962 2935
f 2935 2962 2963
f 2935 2963 2936
f 2936 2963 2964
f 2936 2964 2937
f 2937 2964 2965
f 2937 2965 2938
f 2938 2965 2966
f 2938 2966 2939
f 2939 2966 2967
f 2939 2967 2940
f 2940 2967 2968
f 2940 2968 2941
f 2941 2968 2969
f 2941 2969 2942
f 2942 2969 2970
f 2942 2970 2943
f 2943 2970 2971
f 2943 2971 2944
f 2944 2971 2972
f 2944 2972 2945
f 2945 2972 2973
f 2945 2973 2946
f 2946 2973 2974
f 2946 2974 2947
f 2947 2974 2975
f 2947 2975 2920
f 2920 2975 2948
f 2976 2949 2948
f 2976 2950 2949
f 2976 2951 2950
f 2976 2952 2951
f 2976 2953 2952
f 2976 2954 2953
f 2976 2955 2954
f 2976 2956 2955
f 2976 2957 2956
f 2976 2958 2957
f 2976 2959 2958
f 2976 2960 2959
f 2976 2961 2960
f 2976 2962 2961
f 2976 2963 2962
f 2976 2964 2963
f 2976 2965 2964
f 2976 2966 2965
f 2976 2967 2966
f 2976 2968 2967
f 2976 2969 2968
f 2976 2970 2969
f 2976 2971 2970
f 2976 2972 2971
f 2976 2973 2972
f 2976 2974 2973
f 2976 2975 2974
f 2976 2948 2975
f 2977 2978 2979
f 2977 2979 2980
f 2977 2980 2981
f 2977 2981 2982
f 2977 2982 2983
f 2977 2983 2984
f 2977 2984 2985
f 2977 2985 2986
f 2977 2986 2987
f 2977 2987 2988
f 2977 2988 2989
f 2977 2989 2990
f 2977 2990 2991
f 2977 2991 2992
f 2977 2992 2993
f 2977 2993 2994
f 2977 2994 2995
f 2977 2995 2996
f 2977 2996 2997
f 2977 2997 2998
f 2977 2998 2999
f 2977 2999 3000
f 2977 3000 3001
f 2977 3001 3002
f 2977 3002 3003
f 2977 3003 3004
f 2977 3004 3005
f 2977 3005 2978
f 2978 3006 2979
f 2979 3006 3007
f 2979 3007 2980
f 2980 3007 3008
f 2980 3008 2981
f 2981 3008 3009
f 2981 3009 2982
f 2982 3009 3010
f 2982 3010 2983
f 2983 3010 3011
f 2983 3011 2984
f 2984 3011 3012
f 2984 3012 2985
f 2985 3012 3013
f 2985 3013 2986
f 2986 3013 3014
f 2986 3014 2987
f 2987 3014 3015
f 2987 3015 2988
f 2988 3015 3016
f 2988 3016 2989
f 2989 3016 3017
f 2989 3017 2990
f 2990 3017 3018
f 2990 3018 2991
f 2991 3018 3019
f 2991 3019 2992
f 2992 3019 3020
f 2992 3020 2993
f 2993 3020 3021
f 2993 3021 2994
f 2994 3021 3022
f 2994 3022 2995
f 2995 3022 3023
f 2995 3023 2996
f 2996 3023 3024
f 2996 3024 2997
f 2997 3024 3025
f 2997 3025 2998
f 2998 3025 3026
f 2998 3026 2999
f 2999 3026 3027
f 2999 3027 3000
f 3000 3027 3028
f 3000 3028 3001
f 3001 3028 3029
f 3001 3029 3002
f 3002 3029 3030
f 3002 3030 3003
f 3003 3030 3031
f 3003 3031 3004
f 3004 3031 3032
f 3004 3032 3005
f 3005 3032 3033
f 3005 3033 2978
f 2978 3033 3006
f 3006 3034 3007
f 3007 3034 3035
f 3007 3035 3008
f 3008 3035 3036
f 3008 3036 3009
f 3009 3036 3037
f 3009 3037 3010
f 3010 3037 3038
f 3010 3038 3011
f 3011 3038 3039
f 3011 3039 3012
f 3012 3039 3040
f 3012 3040 3013
f 3013 3040 3041
f 3013 3041 3014
f 3014 3041 3042
f 3014 3042 3015
f 3015 3042 3043
f 3015 3043 3016
f 3016 3043 3044
f 3016 3044 3017
f 3017 3044 3045
f 3017 3045 3018
f 3018 3045 3046
f 3018 3046 3019
f 3019 3046 3047
f 3019 3047 3020
f 3020 3047 3048
f 3020 3048 3021
f 3021 3048 3049
f 3021 3049 3022
f 3022 3049 3050
f 3022 3050 3023
f 3023 3050 3051
f 3023 3051 3024
f 3024 3051 3052
f 3024 3052 3025
f 3025 3052 3053
f 3025 3053 3026
f 3026 3053 3054
f 3026 3054 3027
f 3027 3054 3055
f 3027 3055 3028
f 3028 3055 3056
f 3028 3056 3029
f 3029 3056 3057
f 3029 3057 3030
f 3030 3057 3058
f 3030 3058 3031
f 3031 3058 3059
f 3031 3059 3032
f 3032 3059 3060
f 3032 3060 3033
f 3033 3060 3061
f 3033 3061 3006
f 3006 3061 3034
f 3034 3062 3035
f 3035 3062 3063
f 3035 3063 3036
f 3036 3063 3064
f 3036 3064 3037
f 3037 3064 3065
f 3037 3065 3038
f 3038 3065 3066
f 3038 3066 3039
f 3039 3066 3067
f 3039 3067 3040
f 3040 3067 3068
f 3040 3068 3041
f 3041 3068 3069
f 3041 3069 3042
f 3042 3069 3070
f 3042 3070 3043
f 3043 3070 3071
f 3043 3071 3044
f 3044 3071 3072
f 3044 3072 3045
f 3045 3072 3073
f 3045 3073 3046
f 3046 3073 3074
f 3046 3074 3047
f 3047 3074 3075
f 3047 3075 3048
f 3048 3075 3076
f 3048 3076 3049
f 3049 3076 3077
f 3049 3077 3050
f 3050 3077 3078
f 3050 3078 3051
f 3051 3078 3079
f 3051 3079 3052
f 3052 3079 3080
f 3052 3080 3053
f 3053 3080 3081
f 3053 3081 3054
f 3054 3081 3082
f 3054 3082 3055
f 3055 3082 3083
f 3055 3083 3056
f 3056 3083 3084
f 3056 3084 3057
f 3057 3084 3085
f 3057 3085 3058
f 3058 3085 3086
f 3058 3086 3059
f 3059 3086 3087
f 3059 3087 3060
f 3060 3087 3088
f 3060 3088 3061
f 3061 3088 3089
f 3061 3089 3034
f 3034 3089 3062
f 3062 3090 3063
f 3063 3090 3091
f 3063 3091 3064
f 3064 3091 3092
f 3064 3092 3065
f 3065 3092 3093
f 3065 3093 3066
f 3066 3093 3094
f 3066 3094 3067
f 3067 3094 3095
f 3067 3095 3068
f 3068 3095 3096
f 3068 3096 3069
f 3069 3096 3097
f 3069 3097 3070
f 3070 3097 3098
f 3070 3098 3071
f 3071 3098 3099
f 3071 3099 3072
f 3072 3099 3100
f 3072 3100 3073
f 3073 3100 3101
f 3073 3101 3074
f 3074 3101 3102
f 3074 3102 3075
f 3075 3102 3103
f 3075 3103 3076
f 3076 3103 3104
f 3076 3104 3077
f 3077 3104 3105
f 3077 3105 3078
f 3078 3105 3106
f 3078 3106 3079
f 3079 3106 3107
f 3079 3107 3080
f 3080 3107 3108
f 3080 3108 3081
f 3081 3108 3109
f 3081 3109 3082
f 3082 3109 3110
f 3082 3110 3083
f 3083 3110 3111
f 3083 3111 3084
f 3084 3111 3112
f 3084 3112 3085
f 3085 3112 3113
f 3085 3113 3086
f 3086 3113 3114
f 3086 3114 3087
f 3087 3114 3115
f 3087 3115 3088
f 3088 3115 3116
f 3088 3116 3089
f 3089 3116 3117
f 3089 3117 3062
f 3062 3117 3090
f 3090 3118 3091
f 3091 3118 3119
f 3091 3119 3092
f 3092 3119 3120
f 3092 3120 3093
f 3093 3120 3121
f 3093 3121 3094
f 3094 3121 3122
f 3094 3122 3095
f 3095 3122 3123
f 3095 3123 3096
f 3096 3123 3124
f 3096 3124 3097
f 3097 3124 3125
f 3097 3125 3098
f 3098 3125 3126
f 3098 3126 3099
f 3099 3126 3127
f 3099 3127 3100
f 3100 3127 3128
f 3100 3128 3101
f 3101 3128 3129
f 3101 3129 3102
f 3102 3129 3130
f 3102 3130 3103
f 3103 3130 3131
f 3103 3131 3104
f 3104 3131 3132
f 3104 3132 3105
f 3105 3132 3133
f 3105 3133 3106
f 3106 3133 3134
f 3106 3134 3107
f 3107 3134 3135
f 3107 3135 3108
f 3108 3135 3136
f 3108 3136 3109
f 3109 3136 3137
f 3109 3137 3110
f 3110 3137 3138
f 3110 3138 3111
f 3111 3138 3139
f 3111 3139 3112
f 3112 3139 3140
f 3112 3140 3113
f 3113 3140 3141
f 3113 3141 3114
f 3114 3141 3142
f 3114 3142 3115
f 3115 3142 3143
f 3115 3143 3116
f 3116 3143 3144
f 3116 3144 3117
f 3117 3144 3145
f 3117 3145 3090
f 3090 3145 3118
f 3118 3146 3119
f 3119 3146 3147
f 3119 3147 3120
f 3120 3147 3148
f 3120 3148 3121
f 3121 3148 3149
f 3121 3149 3122
f 3122 3149 3150
f 3122 3150 3123
f 3123 3150 3151
f 3123 3151 3124
f 3124 3151 3152
f 3124 3152 3125
f 3125 3152 3153
f 3125 3153 3126
f 3126 3153 3154
f 3126 3154 3127
f 3127 3154 3155
f 3127 3155 3128
f 3128 3155 3156
f 3128 3156 3129
f 3129 3156 3157
f 3129 3157 3130
f 3130 3157 3158
f 3130 3158 3131
f 3131 3158 3159
f 3131 3159 3132
f 3132 3159 3160
f 3132 3160 3133
f 3133 3160 3161
f 3133 3161 3134
f 3134 3161 3162
f 3134 3162 3135
f 3135 3162 3163
f 3135 3163 3136
f 3136 3163 3164
f 3136 3164 3137
f 3137 3164 3165
f 3137 3165 3138
f 3138 3165 3166
f 3138 3166 3139
f 3139 3166 3167
f 3139 3167 3140
f 3140 3167 3168
f 3140 3168 3141
f 3141 3168 3169
f 3141 3169 3142
f 3142 3169 3170
f 3142 3170 3143
f 3143 3170 3171
f 3143 3171 3144
f 3144 3171 3172
f 3144 3172 3145
f 3145 3172 3173
f 3145 3173 3118
f 3118 3173 3146
f 3146 3174 3147
f 3147 3174 3175
f 3147 3175 3148
f 3148 3175 3176
f 3148 3176 3149
f 3149 3176 3177
f 3149 3177 3150
f 3150 3177 3178
f 3150 3178 3151
f 3151 3178 3179
f 3151 3179 3152
f 3152 3179 3180
f 3152 3180 3153
f 3153 3180 3181
f 3153 3181 3154
f 3154 3181 3182
f 3154 3182 3155
f 3155 3182 3183
f 3155 3183 3156
f 3156 3183 3184
f 3156 3184 3157
f 3157 3184 3185
f 3157 3185 3158
f 3158 3185 3186
f 3158 3186 3159
f 3159 3186 3187
f 3159 3187 3160
f 3160 3187 3188
f 3160 3188 3161
f 3161 3188 3189
f 3161 3189 3162
f 3162 3189 3190
f 3162 3190 3163
f 3163 3190 3191
f 3163 3191 3164
f 3164 3191 3192
f 3164 3192 3165
f 3165 3192 3193
f 3165 3193 3166
f 3166 3193 3194
f 3166 3194 3167
f 3167 3194 3195
f 3167 3195 3168
f 3168 3195 3196
f 3168 3196 3169
f 3169 3196 3197
f 3169 3197 3170
f 3170 3197 3198
f 3170 3198 3171
f 3171 3198 3199
f 3171 3199 3172
f 3172 3199 3200
f 3172 3200 3173
f 3173 3200 3201
f 3173 3201 3146
f 3146 3201 3174
f 3174 3202 3175
f 3175 3202 3203
f 3175 3203 3176
f 3176 3203 3204
f 3176 3204 3177
f 3177 3204 3205
f 3177 3205 3178
f 3178 3205 3206
f 3178 3206 3179
f 3179 3206 3207
f 3179 3207 3180
f 3180 3207 3208
f 3180 3208 3181
f 3181 3208 3209
f 3181 3209 3182
f 3182 3209 3210
f 3182 3210 3183
f 3183 3210 3211
f 3183 3211 3184
f 3184 3211 3212
f 3184 3212 3185
f 3185 3212 3213
f 3185 3213 3186
f 3186 3213 3214
f 3186 3214 3187
f 3187 3214 3215
f 3187 3215 3188
f 3188 3215 3216
f 3188 3216 3189
f 3189 3216 3217
f 3189 3217 3190
f 3190 3217 3218
f 3190 3218 3191
f 3191 3218 3219
f 3191 3219 3192
f 3192 3219 3220
f 3192 3220 3193
f 3193 3220 3221
f 3193 3221 3194
f 3194 3221 3222
f 3194 3222 3195
f 3195 3222 3223
f 3195 3223 3196
f 3196 3223 3224
f 3196 3224 3197
f 3197 3224 3225
f 3197 3225 3198
f 3198 3225 3226
f 3198 3226 3199
f 3199 3226 3227
f 3199 3227 3200
f 3200 3227 3228
f 3200 3228 3201
f 3201 3228 3229
f 3201 3229 3174
f 3174 3229 3202
f 3202 3230 3203
f 3203 3230 3231
f 3203 3231 3204
f 3204 3231 3232
f 3204 3232 3205
f 3205 3232 3233
f 3205 3233 3206
f 3206 3233 3234
f 3206 3234 3207
f 3207 3234 3235
f 3207 3235 3208
f 3208 3235 3236
f 3208 3236 3209
f 3209 3236 3237
f 3209 3237 3210
f 3210 3237 3238
f 3210 3238 3211
f 3211 3238 3239
f 3211 3239 3212
f 3212 3239 3240
f 3212 3240 3213
f 3213 3240 3241
f 3213 3241 3214
f 3214 3241 3242
f 3214 3242 3215
f 3215 3242 3243
f 3215 3243 3216
f 3216 3243 3244
f 3216 3244 3217
f 3217 3244 3245
f 3217 3245 3218
f 3218 3245 3246
f 3218 3246 3219
f 3219 3246 3247
f 3219 3247 3220
f 3220 3247 3248
f 3220 3248 3221
f 3221 3248 3249
f 3221 3249 3222
f 3222 3249 3250
f 3222 3250 3223
f 3223 3250 3251
f 3223 3251 3224
f 3224 3251 3252
f 3224 3252 3225
f 3225 3252 3253
f 3225 3253 3226
f 3226 3253 3254
f 3226 3254 3227
f 3227 3254 3255
f 3227 3255 3228
f 3228 3255 3256
f 3228 3256 3229
f 3229 3256 3257
f 3229 3257 3202
f 3202 3257 3230
f 3230 3258 3231
f 3231 3258 3259
f 3231 3259 3232
f 3232 3259 3260
f 3232 3260 3233
f 3233 3260 3261
f 3233 3261 3234
f 3234 3261 3262
f 3234 3262 3235
f 3235 3262 3263
f 3235 3263 3236
f 3236 3263 3264
f 3236 3264 3237
f 3237 3264 3265
f 3237 3265 3238
f 3238 3265 3266
f 3238 3266 3239
f 3239 3266 3267
f 3239 3267 3240
f 3240 3267 3268
f 3240 3268 3241
f 3241 3268 3269
f 3241 3269 3242
f 3242 3269 3270
f 3242 3270 3243
f 3243 3270 3271
f 3243 3271 3244
f 3244 3271 3272
f 3244 3272 3245
f 3245 3272 3273
f 3245 3273 3246
f 3246 3273 3274
f 3246 3274 3247
f 3247 3274 3275
f 3247 3275 3248
f 3248 3275 3276
f 3248 3276 3249
f 3249 3276 3277
f 3249 3277 3250
f 3250 3277 3278
f 3250 3278 3251
f 3251 3278 3279
f 3251 3279 3252
f 3252 3279 3280
f 3252 3280 3253
f 3253 3280 3281
f 3253 3281 3254
f 3254 3281 3282
f 3254 3282 3255
f 3255 3282 3283
f 3255 3283 3256
f 3256 3283 3284
f 3256 3284 3257
f 3257 3284 3285
f 3257 3285 3230
f 3230 3285 3258
f 3258 3286 3259
f 3259 3286 3287
f 3259 3287 3260
f 3260 3287 3288
f 3260 3288 3261
f 3261 3288 3289
f 3261 3289 3262
f 3262 3289 3290
f 3262 3290 3263
f 3263 3290 3291
f 3263 3291 3264
f 3264 3291 3292
f 3264 3292 3265
f 3265 3292 3293
f 3265 3293 3266
f 3266 3293 3294
f 3266 3294 3267
f 3267 3294 3295
f 3267 3295 3268
f 3268 3295 3296
f 3268 3296 3269
f 3269 3296 3297
f 3269 3297 3270
f 3270 3297 3298
f 3270 3298 3271
f 3271 3298 3299
f 3271 3299 3272
f 3272 3299 3300
f 3272 3300 3273
f 3273 3300 3301
f 3273 3301 3274
f 3274 3301 3302
f 3274 3302 3275
f 3275 3302 3303
f 3275 3303 3276
f 3276 3303 3304
f 3276 3304 3277
f 3277 3304 3305
f 3277 3305 3278
f 3278 3305 3306
f 3278 3306 3279
f 3279 3306 3307
f 3279 3307 3280
f 3280 3307 3308
f 3280 3308 3281
f 3281 3308 3309
f 3281 3309 3282
f 3282 3309 3310
f 3282 3310 3283
f 3283 3310 3311
f 3283 3311 3284
f 3284 3311 3312
f 3284 3312 3285
f 3285 3312 3313
f 3285 3313 3258
f 3258 3313 3286
f 3314 3287 3286
f 3314 3288 3287
f 3314 3289 3288
f 3314 3290 3289
f 3314 3291 3290
f 3314 3292 3291
f 3314 3293 3292
f 3314 3294 3293
f 3314 3295 3294
f 3314 3296 3295
f 3314 3297 3296
f 3314 3298 3297
f 3314 3299 3298
f 3314 3300 3299
f 3314 3301 3300
f 3314 3302 3301
f 3314 3303 3302
f 3314 3304 3303
f 3314 3305 3304
f 3314 3306 3305
f 3314 3307 3306
f 3314 3308 3307
f 3314 3309 3308
f 3314 3310 3309
f 3314 3311 3310
f 3314 3312 3311
f 3314 3313 3312
f 3314 3286 3313
f 3315 3316 3317
f 3315 3317 3318
f 3315 3318 3319
f 3315 3319 3320
f 3315 3320 3321
f 3315 3321 3322
f 3315 3322 3323
f 3315 3323 3324
f 3315 3324 3325
f 3315 3325 3326
f 3315 3326 3327
f 3315 3327 3328
f 3315 3328 3329
f 3315 3329 3330
f 3315 3330 3331
f 3315 3331 3332
f 3315 3332 3333
f 3315 3333 3334
f 3315 3334 3335
f 3315 3335 3336
f 3315 3336 3337
f 3315 3337 3338
f 3315 3338 3339
f 3315 3339 3340
f 3315 3340 3341
f 3315 3341 3342
f 3315 3342 3343
f 3315 3343 3316
f 3316 3344 3317
f 3317 3344 3345
f 3317 3345 3318
f 3318 3345 3346
f 3318 3346 3319
f 3319 3346 3347
f 3319 3347 3320
f 3320 3347 3348
f 3320 3348 3321
f 3321 3348 3349
f 3321 3349 3322
f 3322 3349 3350
f 3322 3350 3323
f 3323 3350 3351
f 3323 3351 3324
f 3324 3351 3352
f 3324 3352 3325
f 3325 3352 3353
f 3325 3353 3326
f 3326 3353 3354
f 3326 3354 3327
f 3327 3354 3355
f 3327 3355 3328
f 3328 3355 3356
f 3328 3356 3329
f 3329 3356 3357
f 3329 3357 3330
f 3330 3357 3358
f 3330 3358 3331
f 3331 3358 3359
f 3331 3359 3332
f 3332 3359 3360
f 3332 3360 3333
f 3333 3360 3361
f 3333 3361 3334
f 3334 3361 3362
f 3334 3362 3335
f 3335 3362 3363
f 3335 3363 3336
f 3336 3363 3364
f 3336 3364 3337
f 3337 3364 3365
f 3337 3365 3338
f 3338 3365 3366
f 3338 3366 3339
f 3339 3366 3367
f 3339 3367 3340
f 3340 3367 3368
f 3340 3368 3341
f 3341 3368 3369
f 3341 3369 3342
f 3342 3369 3370
f 3342 3370 3343
f 3343 3370 3371
f 3343 3371 3316
f 3316 3371 3344
f 3344 3372 3345
f 3345 3372 3373
f 3345 3373 3346
f 3346 3373 3374
f 3346 3374 3347
f 3347 3374 3375
f 3347 3375 3348
f 3348 3375 3376
f 3348 3376 3349
f 3349 3376 3377
f 3349 3377 3350
f 3350 3377 3378
f 3350 3378 3351
f 3351 3378 3379
f 3351 3379 3352
f 3352 3379 3380
f 3352 3380 3353
f 3353 3380 3381
f 3353 3381 3354
f 3354 3381 3382
f 3354 3382 3355
f 3355 3382 3383
f 3355 3383 3356
f 3356 3383 3384
f 3356 3384 3357
f 3357 3384 3385
f 3357 3385 3358
f 3358 3385 3386
f 3358 3386 3359
f 3359 3386 3387
f 3359 3387 3360
f 3360 3387 3388
f 3360 3388 3361
f 3361 3388 3389
f 3361 3389 3362
f 3362 3389 3390
f 3362 3390 3363
f 3363 3390 3391
f 3363 3391 3364
f 3364 3391 3392
f 3364 3392 3365
f 3365 3392 3393
f 3365 3393 3366
f 3366 3393 3394
f 3366 3394 3367
f 3367 3394 3395
f 3367 3395 3368
f 3368 3395 3396
f 3368 3396 3369
f 3369 3396 3397
f 3369 3397 3370
f 3370 3397 3398
f 3370 3398 3371
f 3371 3398 3399
f 3371 3399 3344
f 3344 3399 3372
f 3372 3400 3373
f 3373 3400 3401
f 3373 3401 3374
f 3374 3401 3402
f 3374 3402 3375
f 3375 3402 3403
f 3375 3403 3376
f 3376 3403 3404
f 3376 3404 3377
f 3377 3404 3405
f 3377 3405 3378
f 3378 3405 3406
f 3378 3406 3379
f 3379 3406 3407
f 3379 3407 3380
f 3380 3407 3408
f 3380 3408 3381
f 3381 3408 3409
f 3381 3409 3382
f 3382 3409 3410
f 3382 3410 3383
f 3383 3410 3411
f 3383 3411 3384
f 3384 3411 3412
f 3384 3412 3385
f 3385 3412 3413
f 3385 3413 3386
f 3386 3413 3414
f 3386 3414 3387
f 3387 3414 3415
f 3387 3415 3388
f 3388 3415 3416
f 3388 3416 3389
f 3389 3416 3417
f 3389 3417 3390
f 3390 3417 3418
f 3390 3418 3391
f 3391 3418 3419
f 3391 3419 3392
f 3392 3419 3420
f 3392 3420 3393
f 3393 3420 3421
f 3393 3421 3394
f 3394 3421 3422
f 3394 3422 3395
f 3395 3422 3423
f 3395 3423 3396
f 3396 3423 3424
f 3396 3424 3397
f 3397 3424 3425
f 3397 3425 3398
f 3398 3425 3426
f 3398 3426 3399
f 3399 3426 3427
f 3399 3427 3372
f 3372 3427 3400
f 3400 3428 3401
f 3401 3428 3429
f 3401 3429 3402
f 3402 3429 3430
f 3402 3430 3403
f 3403 3430 3431
f 3403 3431 3404
f 3404 3431 3432
f 3404 3432 3405
f 3405 3432 3433
f 3405 3433 3406
f 3406 3433 3434
f 3406 3434 3407
f 3407 3434 3435
f 3407 3435 3408
f 3408 3435 3436
f 3408 3436 3409
f 3409 3436 3437
f 3409 3437 3410
f 3410 3437 3438
f 3410 3438 3411
f 3411 3438 3439
f 3411 3439 3412
f 3412 3439 3440
f 3412 3440 3413
f 3413 3440 3441
f 3413 3441 3414
f 3414 3441 3442
f 3414 3442 3415
f 3415 3442 3443
f 3415 3443 3416
f 3416 3443 3444
f 3416 3444 3417
f 3417 3444 3445
f 3417 3445 3418
f 3418 3445 3446
f 3418 3446 3419
f 3419 3446 3447
f 3419 3447 3420
f 3420 3447 3448
f 3420 3448 3421
f 3421 3448 3449
f 3421 3449 3422
f 3422 3449 3450
f 3422 3450 3423
f 3423 3450 3451
f 3423 3451 3424
f 3424 3451 3452
f 3424 3452 3425
f 3425 3452 3453
f 3425 3453 3426
f 3426 3453 3454
f 3426 3454 3427
f 3427 3454 3455
f 3427 3455 3400
f 3400 3455 3428
f 3428 3456 3429
f 3429 3456 3457
f 3429 3457 3430
f 3430 3457 3458
f 3430 3458 3431
f 3431 3458 3459
f 3431 3459 3432
f 3432 3459 3460
f 3432 3460 3433
f 3433 3460 3461
f 3433 3461 3434
f 3434 3461 3462
f 3434 3462 3435
f 3435 3462 3463
f 3435 3463 3436
f 3436 3463 3464
f 3436 3464 3437
f 3437 3464 3465
f 3437 3465 3438
f 3438 3465 3466
f 3438 3466 3439
f 3439 3466 3467
f 3439 3467 3440
f 3440 3467 3468
f 3440 3468 3441
f 3441 3468 3469
f 3441 3469 3442
f 3442 3469 3470
f 3442 3470 3443
f 3443 3470 3471
f 3443 3471 3444
f 3444 3471 3472
f 3444 3472 3445
f 3445 3472 3473
f 3445 3473 3446
f 3446 3473 3474
f 3446 3474 3447
f 3447 3474 3475
f 3447 3475 3448
f 3448 3475 3476
f 3448 3476 3449
f 3449 3476 3477
f 3449 3477 3450
f 3450 3477 3478
f 3450 3478 3451
f 3451 3478 3479
f 3451 3479 3452
f 3452 3479 3480
f 3452 3480 3453
f 3453 3480 3481
f 3453 3481 3454
f 3454 3481 3482
f 3454 3482 3455
f 3455 3482 3483
f 3455 3483 3428
f 3428 3483 3456
f 3456 3484 3457
f 3457 3484 3485
f 3457 3485 3458
f 3458 3485 3486
f 3458 3486 3459
f 3459 3486 3487
f 3459 3487 3460
f 3460 3487 3488
f 3460 3488 3461
f 3461 3488 3489
f 3461 3489 3462
f 3462 3489 3490
f 3462 3490 3463
f 3463 3490 3491
f 3463 3491 3464
f 3464 3491 3492
f 3464 3492 3465
f 3465 3492 3493
f 3465 3493 3466
f 3466 3493 3494
f 3466 3494 3467
f 3467 3494 3495
f 3467 3495 3468
f 3468 3495 3496
f 3468 3496 3469
f 3469 3496 3497
f 3469 3497 3470
f 3470 3497 3498
f 3470 3498 3471
f 3471 3498 3499
f 3471 3499 3472
f 3472 3499 3500
f 3472 3500 3473
f 3473 3500 3501
f 3473 3501 3474
f 3474 3501 3502
f 3474 3502 3475
f 3475 3502 3503
f 3475 3503 3476
f 3476 3503 3504
f 3476 3504 3477
f 3477 3504 3505
f 3477 3505 3478
f 3478 3505 3506
f 3478 3506 3479
f 3479 3506 3507
f 3479 3507 3480
f 3480 3507 3508
f 3480 3508 3481
f 3481 3508 3509
f 3481 3509 3482
f 3482 3509 3510
f 3482 3510 3483
f 3483 3510 3511
f 3483 3511 3456
f 3456 3511 3484
f 3484 3512 3485
f 3485 3512 3513
f 3485 3513 3486
f 3486 3513 3514
f 3486 3514 3487
f 3487 3514 3515
f 3487 3515 3488
f 3488 3515 3516
f 3488 3516 3489
f 3489 3516 3517
f 3489 3517 3490
f 3490 3517 3518
f 3490 3518 3491
f 3491 3518 3519
f 3491 3519 3492
f 3492 3519 3520
f 3492 3520 3493
f 3493 3520 3521
f 3493 3521 3494
f 3494 3521 3522
f 3494 3522 3495
f 3495 3522 3523
f 3495 3523 3496
f 3496 3523 3524
f 3496 3524 3497
f 3497 3524 3525
f 3497 3525 3498
f 3498 3525 3526
f 3498 3526 3499
f 3499 3526 3527
f 3499 3527 3500
f 3500 3527 3528
f 3500 3528 3501
f 3501 3528 3529
f 3501 3529 3502
f 3502 3529 3530
f 3502 3530 3503
f 3503 3530 3531
f 3503 3531 3504
f 3504 3531 3532
f 3504 3532 3505
f 3505 3532 3533
f 3505 3533 3506
f 3506 3533 3534
f 3506 3534 3507
f 3507 3534 3535
f 3507 3535 3508
f 3508 3535 3536
f 3508 3536 3509
f 3509 3536 3537
f 3509 3537 3510
f 3510 3537 3538
f 3510 3538 3511
f 3511 3538 3539
f 3511 3539 3484
f 3484 3539 3512
f 3512 3540 3513
f 3513 3540 3541
f 3513 3541 3514
f 3514 3541 3542
f 3514 3542 3515
f 3515 3542 3543
f 3515 3543 3516
f 3516 3543 3544
f 3516 3544 3517
f 3517 3544 3545
f 3517 3545 3518
f 3518 3545 3546
f 3518 3546 3519
f 3519 3546 3547
f 3519 3547 3520
f 3520 3547 3548
f 3520 3548 3521
f 3521 3548 3549
f 3521 3549 3522
f 3522 3549 3550
f 3522 3550 3523
f 3523 3550 3551
f 3523 3551 3524
f 3524 3551 3552
f 3524 3552 3525
f 3525 3552 3553
f 3525 3553 3526
f 3526 3553 3554
f 3526 3554 3527
f 3527 3554 3555
f 3527 3555 3528
f 3528 3555 3556
f 3528 3556 3529
f 3529 3556 3557
f 3529 3557 3530
f 3530 3557 3558
f 3530 3558 3531
f 3531 3558 3559
f 3531 3559 3532
f 3532 3559 3560
f 3532 3560 3533
f 3533 3560 3561
f 3533 3561 3534
f 3534 3561 3562
f 3534 3562 3535
f 3535 3562 3563
f 3535 3563 3536
f 3536 3563 3564
f 3536 3564 3537
f 3537 3564 3565
f 3537 3565 3538
f 3538 3565 3566
f 3538 3566 3539
f 3539 3566 3567
f 3539 3567 3512
f 3512 3567 3540
f 3540 3568 3541
f 3541 3568 3569
f 3541 3569 3542
f 3542 3569 3570
f 3542 3570 3543
f 3543 3570 3571
f 3543 3571 3544
f 3544 3571 3572
f 3544 3572 3545
f 3545 3572 3573
f 3545 3573 3546
f 3546 3573 3574
f 3546 3574 3547
f 3547 3574 3575
f 3547 3575 3548
f 3548 3575 3576
f 3548 3576 3549
f 3549 3576 3577
f 3549 3577 3550
f 3550 3577 3578
f 3550 3578 3551
f 3551 3578 3579
f 3551 3579 3552
f 3552 3579 3580
f 3552 3580 3553
f 3553 3580 3581
f 3553 3581 3554
f 3554 3581 3582
f 3554 3582 3555
f 3555 3582 3583
f 3555 3583 3556
f 3556 3583 3584
f 3556 3584 3557
f 3557 3584 3585
f 3557 3585 3558
f 3558 3585 3586
f 3558 3586 3559
f 3559 3586 3587
f 3559 3587 3560
f 3560 3587 3588
f 3560 3588 3561
f 3561 3588 3589
f 3561 3589 3562
f 3562 3589 3590
f 3562 3590 3563
f 3563 3590 3591
f 3563 3591 3564
f 3564 3591 3592
f 3564 3592 3565
f 3565 3592 3593
f 3565 3593 3566
f 3566 3593 3594
f 3566 3594 3567
f 3567 3594 3595
f 3567 3595 3540
f 3540 3595 3568
f 3568 3596 3569
f 3569 3596 3597
f 3569 3597 3570
f 3570 3597 3598
f 3570 3598 3571
f 3571 3598 3599
f 3571 3599 3572
f 3572 3599 3600
f 3572 3600 3573
f 3573 3600 3601
f 3573 3601 3574
f 3574 3601 3602
f 3574 3602 3575
f 3575 3602 3603
f 3575 3603 3576
f 3576 3603 3604
f 3576 3604 3577
f 3577 3604 3605
f 3577 3605 3578
f 3578 3605 3606
f 3578 3606 3579
f 3579 3606 3607
f 3579 3607 3580
f 3580 3607 3608
f 3580 3608 3581
f 3581 3608 3609
f 3581 3609 3582
f 3582 3609 3610
f 3582 3610 3583
f 3583 3610 3611
f 3583 3611 3584
f 3584 3611 3612
f 3584 3612 3585
f 3585 3612 3613
f 3585 3613 3586
f 3586 3613 3614
f 3586 3614 3587
f 3587 3614 3615
f 3587 3615 3588
f 3588 3615 3616
f 3588 3616 3589
f 3589 3616 3617
f 3589 3617 3590
f 3590 3617 3618
f 3590 3618 3591
f 3591 3618 3619
f 3591 3619 3592
f 3592 3619 3620
f 3592 3620 3593
f 3593 3620 3621
f 3593 3621 3594
f 3594 3621 3622
f 3594 3622 3595
f 3595 3622 3623
f 3595 3623 3568
f 3568 3623 3596
f 3596 3624 3597
f 3597 3624 3625
f 3597 3625 3598
f 3598 3625 3626
f 3598 3626 3599
f 3599 3626 3627
f 3599 3627 3600
f 3600 3627 3628
f 3600 3628 3601
f 3601 3628 3629
f 3601 3629 3602
f 3602 3629 3630
f 3602 3630 3603
f 3603 3630 3631
f 3603 3631 3604
f 3604 3631 3632
f 3604 3632 3605
f 3605 3632 3633
f 3605 3633 3606
f 3606 3633 3634
f 3606 3634 3607
f 3607 3634 3635
f 3607 3635 3608
f 3608 3635 3636
f 3608 3636 3609
f 3609 3636 3637
f 3609 3637 3610
f 3610 3637 3638
f 3610 3638 3611
f 3611 3638 3639
f 3611 3639 3612
f 3612 3639 3640
f 3612 3640 3613
f 3613 3640 3641
f 3613 3641 3614
f 3614 3641 3642
f 3614 3642 3615
f 3615 3642 3643
f 3615 3643 3616
f 3616 3643 3644
f 3616 3644 3617
f 3617 3644 3645
f 3617 3645 3618
f 3618 3645 3646
f 3618 3646 3619
f 3619 3646 3647
f 3619 3647 3620
f 3620 3647 3648
f 3620 3648 3621
f 3621 3648 3649
f 3621 3649 3622
f 3622 3649 3650
f 3622 3650 3623
f 3623 3650 3651
f 3623 3651 3596
f 3596 3651 3624
f 3652 3625 3624
f 3652 3626 3625
f 3652 3627 3626
f 3652 3628 3627
f 3652 3629 3628
f 3652 3630 3629
f 3652 3631 3630
f 3652 3632 3631
f 3652 3633 3632
f 3652 3634 3633
f 3652 3635 3634
f 3652 3636 3635
f 3652 3637 3636
f 3652 3638 3637
f 3652 3639 3638
f 3652 3640 3639
f 3652 3641 3640
f 3652 3642 3641
f 3652 3643 3642
f 3652 3644 3643
f 3652 3645 3644
f 3652 3646 3645
f 3652 3647 3646
f 3652 3648 3647
f 3652 3649 3648
f 3652 3650 3649
f 3652 3651 3650
f 3652 3624 3651
