# Cube de base + 6 excroissances spheriques type dome a base circulaire.
# Les domes sont volontairement peu enfonces pour rendre visible la demarcation du contour.
# Modele de test pour detection de contours / sharp edges.
v 35.000000 -35.000000 -35.000000
v 35.000000 -35.000000 -28.000000
v 35.000000 -35.000000 -21.000000
v 35.000000 -35.000000 -14.000000
v 35.000000 -35.000000 -7.000000
v 35.000000 -35.000000 0.000000
v 35.000000 -35.000000 7.000000
v 35.000000 -35.000000 14.000000
v 35.000000 -35.000000 21.000000
v 35.000000 -35.000000 28.000000
v 35.000000 -35.000000 35.000000
v 35.000000 -28.000000 -35.000000
v 35.000000 -28.000000 -28.000000
v 35.000000 -28.000000 -21.000000
v 35.000000 -28.000000 -14.000000
v 35.000000 -28.000000 -7.000000
v 35.000000 -28.000000 0.000000
v 35.000000 -28.000000 7.000000
v 35.000000 -28.000000 14.000000
v 35.000000 -28.000000 21.000000
v 35.000000 -28.000000 28.000000
v 35.000000 -28.000000 35.000000
v 35.000000 -21.000000 -35.000000
v 35.000000 -21.000000 -28.000000
v 35.000000 -21.000000 -21.000000
v 35.000000 -21.000000 -14.000000
v 35.000000 -21.000000 -7.000000
v 35.000000 -21.000000 0.000000
v 35.000000 -21.000000 7.000000
v 35.000000 -21.000000 14.000000
v 35.000000 -21.000000 21.000000
v 35.000000 -21.000000 28.000000
v 35.000000 -21.000000 35.000000
v 35.000000 -14.000000 -35.000000
v 35.000000 -14.000000 -28.000000
v 35.000000 -14.000000 -21.000000
v 35.000000 -14.000000 -14.000000
v 35.000000 -14.000000 -7.000000
v 35.000000 -14.000000 0.000000
v 35.000000 -14.000000 7.000000
v 35.000000 -14.000000 14.000000
v 35.000000 -14.000000 21.000000
v 35.000000 -14.000000 28.000000
v 35.000000 -14.000000 35.000000
v 35.000000 -7.000000 -35.000000
v 35.000000 -7.000000 -28.000000
v 35.000000 -7.000000 -21.000000
v 35.000000 -7.000000 -14.000000
v 35.000000 -7.000000 -7.000000
v 35.000000 -7.000000 0.000000
v 35.000000 -7.000000 7.000000
v 35.000000 -7.000000 14.000000
v 35.000000 -7.000000 21.000000
v 35.000000 -7.000000 28.000000
v 35.000000 -7.000000 35.000000
v 35.000000 0.000000 -35.000000
v 35.000000 0.000000 -28.000000
v 35.000000 0.000000 -21.000000
v 35.000000 0.000000 -14.000000
v 35.000000 0.000000 -7.000000
v 35.000000 0.000000 0.000000
v 35.000000 0.000000 7.000000
v 35.000000 0.000000 14.000000
v 35.000000 0.000000 21.000000
v 35.000000 0.000000 28.000000
v 35.000000 0.000000 35.000000
v 35.000000 7.000000 -35.000000
v 35.000000 7.000000 -28.000000
v 35.000000 7.000000 -21.000000
v 35.000000 7.000000 -14.000000
v 35.000000 7.000000 -7.000000
v 35.000000 7.000000 0.000000
v 35.000000 7.000000 7.000000
v 35.000000 7.000000 14.000000
v 35.000000 7.000000 21.000000
v 35.000000 7.000000 28.000000
v 35.000000 7.000000 35.000000
v 35.000000 14.000000 -35.000000
v 35.000000 14.000000 -28.000000
v 35.000000 14.000000 -21.000000
v 35.000000 14.000000 -14.000000
v 35.000000 14.000000 -7.000000
v 35.000000 14.000000 0.000000
v 35.000000 14.000000 7.000000
v 35.000000 14.000000 14.000000
v 35.000000 14.000000 21.000000
v 35.000000 14.000000 28.000000
v 35.000000 14.000000 35.000000
v 35.000000 21.000000 -35.000000
v 35.000000 21.000000 -28.000000
v 35.000000 21.000000 -21.000000
v 35.000000 21.000000 -14.000000
v 35.000000 21.000000 -7.000000
v 35.000000 21.000000 0.000000
v 35.000000 21.000000 7.000000
v 35.000000 21.000000 14.000000
v 35.000000 21.000000 21.000000
v 35.000000 21.000000 28.000000
v 35.000000 21.000000 35.000000
v 35.000000 28.000000 -35.000000
v 35.000000 28.000000 -28.000000
v 35.000000 28.000000 -21.000000
v 35.000000 28.000000 -14.000000
v 35.000000 28.000000 -7.000000
v 35.000000 28.000000 0.000000
v 35.000000 28.000000 7.000000
v 35.000000 28.000000 14.000000
v 35.000000 28.000000 21.000000
v 35.000000 28.000000 28.000000
v 35.000000 28.000000 35.000000
v 35.000000 35.000000 -35.000000
v 35.000000 35.000000 -28.000000
v 35.000000 35.000000 -21.000000
v 35.000000 35.000000 -14.000000
v 35.000000 35.000000 -7.000000
v 35.000000 35.000000 0.000000
v 35.000000 35.000000 7.000000
v 35.000000 35.000000 14.000000
v 35.000000 35.000000 21.000000
v 35.000000 35.000000 28.000000
v 35.000000 35.000000 35.000000
v -35.000000 -35.000000 -35.000000
v -35.000000 -28.000000 -35.000000
v -35.000000 -21.000000 -35.000000
v -35.000000 -14.000000 -35.000000
v -35.000000 -7.000000 -35.000000
v -35.000000 0.000000 -35.000000
v -35.000000 7.000000 -35.000000
v -35.000000 14.000000 -35.000000
v -35.000000 21.000000 -35.000000
v -35.000000 28.000000 -35.000000
v -35.000000 35.000000 -35.000000
v -35.000000 -35.000000 -28.000000
v -35.000000 -28.000000 -28.000000
v -35.000000 -21.000000 -28.000000
v -35.000000 -14.000000 -28.000000
v -35.000000 -7.000000 -28.000000
v -35.000000 0.000000 -28.000000
v -35.000000 7.000000 -28.000000
v -35.000000 14.000000 -28.000000
v -35.000000 21.000000 -28.000000
v -35.000000 28.000000 -28.000000
v -35.000000 35.000000 -28.000000
v -35.000000 -35.000000 -21.000000
v -35.000000 -28.000000 -21.000000
v -35.000000 -21.000000 -21.000000
v -35.000000 -14.000000 -21.000000
v -35.000000 -7.000000 -21.000000
v -35.000000 0.000000 -21.000000
v -35.000000 7.000000 -21.000000
v -35.000000 14.000000 -21.000000
v -35.000000 21.000000 -21.000000
v -35.000000 28.000000 -21.000000
v -35.000000 35.000000 -21.000000
v -35.000000 -35.000000 -14.000000
v -35.000000 -28.000000 -14.000000
v -35.000000 -21.000000 -14.000000
v -35.000000 -14.000000 -14.000000
v -35.000000 -7.000000 -14.000000
v -35.000000 0.000000 -14.000000
v -35.000000 7.000000 -14.000000
v -35.000000 14.000000 -14.000000
v -35.000000 21.000000 -14.000000
v -35.000000 28.000000 -14.000000
v -35.000000 35.000000 -14.000000
v -35.000000 -35.000000 -7.000000
v -35.000000 -28.000000 -7.000000
v -35.000000 -21.000000 -7.000000
v -35.000000 -14.000000 -7.000000
v -35.000000 -7.000000 -7.000000
v -35.000000 0.000000 -7.000000
v -35.000000 7.000000 -7.000000
v -35.000000 14.000000 -7.000000
v -35.000000 21.000000 -7.000000
v -35.000000 28.000000 -7.000000
v -35.000000 35.000000 -7.000000
v -35.000000 -35.000000 0.000000
v -35.000000 -28.000000 0.000000
v -35.000000 -21.000000 0.000000
v -35.000000 -14.000000 0.000000
v -35.000000 -7.000000 0.000000
v -35.000000 0.000000 0.000000
v -35.000000 7.000000 0.000000
v -35.000000 14.000000 0.000000
v -35.000000 21.000000 0.000000
v -35.000000 28.000000 0.000000
v -35.000000 35.000000 0.000000
v -35.000000 -35.000000 7.000000
v -35.000000 -28.000000 7.000000
v -35.000000 -21.000000 7.000000
v -35.000000 -14.000000 7.000000
v -35.000000 -7.000000 7.000000
v -35.000000 0.000000 7.000000
v -35.000000 7.000000 7.000000
v -35.000000 14.000000 7.000000
v -35.000000 21.000000 7.000000
v -35.000000 28.000000 7.000000
v -35.000000 35.000000 7.000000
v -35.000000 -35.000000 14.000000
v -35.000000 -28.000000 14.000000
v -35.000000 -21.000000 14.000000
v -35.000000 -14.000000 14.000000
v -35.000000 -7.000000 14.000000
v -35.000000 0.000000 14.000000
v -35.000000 7.000000 14.000000
v -35.000000 14.000000 14.000000
v -35.000000 21.000000 14.000000
v -35.000000 28.000000 14.000000
v -35.000000 35.000000 14.000000
v -35.000000 -35.000000 21.000000
v -35.000000 -28.000000 21.000000
v -35.000000 -21.000000 21.000000
v -35.000000 -14.000000 21.000000
v -35.000000 -7.000000 21.000000
v -35.000000 0.000000 21.000000
v -35.000000 7.000000 21.000000
v -35.000000 14.000000 21.000000
v -35.000000 21.000000 21.000000
v -35.000000 28.000000 21.000000
v -35.000000 35.000000 21.000000
v -35.000000 -35.000000 28.000000
v -35.000000 -28.000000 28.000000
v -35.000000 -21.000000 28.000000
v -35.000000 -14.000000 28.000000
v -35.000000 -7.000000 28.000000
v -35.000000 0.000000 28.000000
v -35.000000 7.000000 28.000000
v -35.000000 14.000000 28.000000
v -35.000000 21.000000 28.000000
v -35.000000 28.000000 28.000000
v -35.000000 35.000000 28.000000
v -35.000000 -35.000000 35.000000
v -35.000000 -28.000000 35.000000
v -35.000000 -21.000000 35.000000
v -35.000000 -14.000000 35.000000
v -35.000000 -7.000000 35.000000
v -35.000000 0.000000 35.000000
v -35.000000 7.000000 35.000000
v -35.000000 14.000000 35.000000
v -35.000000 21.000000 35.000000
v -35.000000 28.000000 35.000000
v -35.000000 35.000000 35.000000
v -35.000000 35.000000 -35.000000
v -35.000000 35.000000 -28.000000
v -35.000000 35.000000 -21.000000
v -35.000000 35.000000 -14.000000
v -35.000000 35.000000 -7.000000
v -35.000000 35.000000 0.000000
v -35.000000 35.000000 7.000000
v -35.000000 35.000000 14.000000
v -35.000000 35.000000 21.000000
v -35.000000 35.000000 28.000000
v -35.000000 35.000000 35.000000
v -28.000000 35.000000 -35.000000
v -28.000000 35.000000 -28.000000
v -28.000000 35.000000 -21.000000
v -28.000000 35.000000 -14.000000
v -28.000000 35.000000 -7.000000
v -28.000000 35.000000 0.000000
v -28.000000 35.000000 7.000000
v -28.000000 35.000000 14.000000
v -28.000000 35.000000 21.000000
v -28.000000 35.000000 28.000000
v -28.000000 35.000000 35.000000
v -21.000000 35.000000 -35.000000
v -21.000000 35.000000 -28.000000
v -21.000000 35.000000 -21.000000
v -21.000000 35.000000 -14.000000
v -21.000000 35.000000 -7.000000
v -21.000000 35.000000 0.000000
v -21.000000 35.000000 7.000000
v -21.000000 35.000000 14.000000
v -21.000000 35.000000 21.000000
v -21.000000 35.000000 28.000000
v -21.000000 35.000000 35.000000
v -14.000000 35.000000 -35.000000
v -14.000000 35.000000 -28.000000
v -14.000000 35.000000 -21.000000
v -14.000000 35.000000 -14.000000
v -14.000000 35.000000 -7.000000
v -14.000000 35.000000 0.000000
v -14.000000 35.000000 7.000000
v -14.000000 35.000000 14.000000
v -14.000000 35.000000 21.000000
v -14.000000 35.000000 28.000000
v -14.000000 35.000000 35.000000
v -7.000000 35.000000 -35.000000
v -7.000000 35.000000 -28.000000
v -7.000000 35.000000 -21.000000
v -7.000000 35.000000 -14.000000
v -7.000000 35.000000 -7.000000
v -7.000000 35.000000 0.000000
v -7.000000 35.000000 7.000000
v -7.000000 35.000000 14.000000
v -7.000000 35.000000 21.000000
v -7.000000 35.000000 28.000000
v -7.000000 35.000000 35.000000
v 0.000000 35.000000 -35.000000
v 0.000000 35.000000 -28.000000
v 0.000000 35.000000 -21.000000
v 0.000000 35.000000 -14.000000
v 0.000000 35.000000 -7.000000
v 0.000000 35.000000 0.000000
v 0.000000 35.000000 7.000000
v 0.000000 35.000000 14.000000
v 0.000000 35.000000 21.000000
v 0.000000 35.000000 28.000000
v 0.000000 35.000000 35.000000
v 7.000000 35.000000 -35.000000
v 7.000000 35.000000 -28.000000
v 7.000000 35.000000 -21.000000
v 7.000000 35.000000 -14.000000
v 7.000000 35.000000 -7.000000
v 7.000000 35.000000 0.000000
v 7.000000 35.000000 7.000000
v 7.000000 35.000000 14.000000
v 7.000000 35.000000 21.000000
v 7.000000 35.000000 28.000000
v 7.000000 35.000000 35.000000
v 14.000000 35.000000 -35.000000
v 14.000000 35.000000 -28.000000
v 14.000000 35.000000 -21.000000
v 14.000000 35.000000 -14.000000
v 14.000000 35.000000 -7.000000
v 14.000000 35.000000 0.000000
v 14.000000 35.000000 7.000000
v 14.000000 35.000000 14.000000
v 14.000000 35.000000 21.000000
v 14.000000 35.000000 28.000000
v 14.000000 35.000000 35.000000
v 21.000000 35.000000 -35.000000
v 21.000000 35.000000 -28.000000
v 21.000000 35.000000 -21.000000
v 21.000000 35.000000 -14.000000
v 21.000000 35.000000 -7.000000
v 21.000000 35.000000 0.000000
v 21.000000 35.000000 7.000000
v 21.000000 35.000000 14.000000
v 21.000000 35.000000 21.000000
v 21.000000 35.000000 28.000000
v 21.000000 35.000000 35.000000
v 28.000000 35.000000 -35.000000
v 28.000000 35.000000 -28.000000
v 28.000000 35.000000 -21.000000
v 28.000000 35.000000 -14.000000
v 28.000000 35.000000 -7.000000
v 28.000000 35.000000 0.000000
v 28.000000 35.000000 7.000000
v 28.000000 35.000000 14.000000
v 28.000000 35.000000 21.000000
v 28.000000 35.000000 28.000000
v 28.000000 35.000000 35.000000
v 35.000000 35.000000 -35.000000
v 35.000000 35.000000 -28.000000
v 35.000000 35.000000 -21.000000
v 35.000000 35.000000 -14.000000
v 35.000000 35.000000 -7.000000
v 35.000000 35.000000 0.000000
v 35.000000 35.000000 7.000000
v 35.000000 35.000000 14.000000
v 35.000000 35.000000 21.000000
v 35.000000 35.000000 28.000000
v 35.000000 35.000000 35.000000
v -35.000000 -35.000000 -35.000000
v -28.000000 -35.000000 -35.000000
v -21.000000 -35.000000 -35.000000
v -14.000000 -35.000000 -35.000000
v -7.000000 -35.000000 -35.000000
v 0.000000 -35.000000 -35.000000
v 7.000000 -35.000000 -35.000000
v 14.000000 -35.000000 -35.000000
v 21.000000 -35.000000 -35.000000
v 28.000000 -35.000000 -35.000000
v 35.000000 -35.000000 -35.000000
v -35.000000 -35.000000 -28.000000
v -28.000000 -35.000000 -28.000000
v -21.000000 -35.000000 -28.000000
v -14.000000 -35.000000 -28.000000
v -7.000000 -35.000000 -28.000000
v 0.000000 -35.000000 -28.000000
v 7.000000 -35.000000 -28.000000
v 14.000000 -35.000000 -28.000000
v 21.000000 -35.000000 -28.000000
v 28.000000 -35.000000 -28.000000
v 35.000000 -35.000000 -28.000000
v -35.000000 -35.000000 -21.000000
v -28.000000 -35.000000 -21.000000
v -21.000000 -35.000000 -21.000000
v -14.000000 -35.000000 -21.000000
v -7.000000 -35.000000 -21.000000
v 0.000000 -35.000000 -21.000000
v 7.000000 -35.000000 -21.000000
v 14.000000 -35.000000 -21.000000
v 21.000000 -35.000000 -21.000000
v 28.000000 -35.000000 -21.000000
v 35.000000 -35.000000 -21.000000
v -35.000000 -35.000000 -14.000000
v -28.000000 -35.000000 -14.000000
v -21.000000 -35.000000 -14.000000
v -14.000000 -35.000000 -14.000000
v -7.000000 -35.000000 -14.000000
v 0.000000 -35.000000 -14.000000
v 7.000000 -35.000000 -14.000000
v 14.000000 -35.000000 -14.000000
v 21.000000 -35.000000 -14.000000
v 28.000000 -35.000000 -14.000000
v 35.000000 -35.000000 -14.000000
v -35.000000 -35.000000 -7.000000
v -28.000000 -35.000000 -7.000000
v -21.000000 -35.000000 -7.000000
v -14.000000 -35.000000 -7.000000
v -7.000000 -35.000000 -7.000000
v 0.000000 -35.000000 -7.000000
v 7.000000 -35.000000 -7.000000
v 14.000000 -35.000000 -7.000000
v 21.000000 -35.000000 -7.000000
v 28.000000 -35.000000 -7.000000
v 35.000000 -35.000000 -7.000000
v -35.000000 -35.000000 0.000000
v -28.000000 -35.000000 0.000000
v -21.000000 -35.000000 0.000000
v -14.000000 -35.000000 0.000000
v -7.000000 -35.000000 0.000000
v 0.000000 -35.000000 0.000000
v 7.000000 -35.000000 0.000000
v 14.000000 -35.000000 0.000000
v 21.000000 -35.000000 0.000000
v 28.000000 -35.000000 0.000000
v 35.000000 -35.000000 0.000000
v -35.000000 -35.000000 7.000000
v -28.000000 -35.000000 7.000000
v -21.000000 -35.000000 7.000000
v -14.000000 -35.000000 7.000000
v -7.000000 -35.000000 7.000000
v 0.000000 -35.000000 7.000000
v 7.000000 -35.000000 7.000000
v 14.000000 -35.000000 7.000000
v 21.000000 -35.000000 7.000000
v 28.000000 -35.000000 7.000000
v 35.000000 -35.000000 7.000000
v -35.000000 -35.000000 14.000000
v -28.000000 -35.000000 14.000000
v -21.000000 -35.000000 14.000000
v -14.000000 -35.000000 14.000000
v -7.000000 -35.000000 14.000000
v 0.000000 -35.000000 14.000000
v 7.000000 -35.000000 14.000000
v 14.000000 -35.000000 14.000000
v 21.000000 -35.000000 14.000000
v 28.000000 -35.000000 14.000000
v 35.000000 -35.000000 14.000000
v -35.000000 -35.000000 21.000000
v -28.000000 -35.000000 21.000000
v -21.000000 -35.000000 21.000000
v -14.000000 -35.000000 21.000000
v -7.000000 -35.000000 21.000000
v 0.000000 -35.000000 21.000000
v 7.000000 -35.000000 21.000000
v 14.000000 -35.000000 21.000000
v 21.000000 -35.000000 21.000000
v 28.000000 -35.000000 21.000000
v 35.000000 -35.000000 21.000000
v -35.000000 -35.000000 28.000000
v -28.000000 -35.000000 28.000000
v -21.000000 -35.000000 28.000000
v -14.000000 -35.000000 28.000000
v -7.000000 -35.000000 28.000000
v 0.000000 -35.000000 28.000000
v 7.000000 -35.000000 28.000000
v 14.000000 -35.000000 28.000000
v 21.000000 -35.000000 28.000000
v 28.000000 -35.000000 28.000000
v 35.000000 -35.000000 28.000000
v -35.000000 -35.000000 35.000000
v -28.000000 -35.000000 35.000000
v -21.000000 -35.000000 35.000000
v -14.000000 -35.000000 35.000000
v -7.000000 -35.000000 35.000000
v 0.000000 -35.000000 35.000000
v 7.000000 -35.000000 35.000000
v 14.000000 -35.000000 35.000000
v 21.000000 -35.000000 35.000000
v 28.000000 -35.000000 35.000000
v 35.000000 -35.000000 35.000000
v -35.000000 -35.000000 35.000000
v -35.000000 -28.000000 35.000000
v -35.000000 -21.000000 35.000000
v -35.000000 -14.000000 35.000000
v -35.000000 -7.000000 35.000000
v -35.000000 0.000000 35.000000
v -35.000000 7.000000 35.000000
v -35.000000 14.000000 35.000000
v -35.000000 21.000000 35.000000
v -35.000000 28.000000 35.000000
v -35.000000 35.000000 35.000000
v -28.000000 -35.000000 35.000000
v -28.000000 -28.000000 35.000000
v -28.000000 -21.000000 35.000000
v -28.000000 -14.000000 35.000000
v -28.000000 -7.000000 35.000000
v -28.000000 0.000000 35.000000
v -28.000000 7.000000 35.000000
v -28.000000 14.000000 35.000000
v -28.000000 21.000000 35.000000
v -28.000000 28.000000 35.000000
v -28.000000 35.000000 35.000000
v -21.000000 -35.000000 35.000000
v -21.000000 -28.000000 35.000000
v -21.000000 -21.000000 35.000000
v -21.000000 -14.000000 35.000000
v -21.000000 -7.000000 35.000000
v -21.000000 0.000000 35.000000
v -21.000000 7.000000 35.000000
v -21.000000 14.000000 35.000000
v -21.000000 21.000000 35.000000
v -21.000000 28.000000 35.000000
v -21.000000 35.000000 35.000000
v -14.000000 -35.000000 35.000000
v -14.000000 -28.000000 35.000000
v -14.000000 -21.000000 35.000000
v -14.000000 -14.000000 35.000000
v -14.000000 -7.000000 35.000000
v -14.000000 0.000000 35.000000
v -14.000000 7.000000 35.000000
v -14.000000 14.000000 35.000000
v -14.000000 21.000000 35.000000
v -14.000000 28.000000 35.000000
v -14.000000 35.000000 35.000000
v -7.000000 -35.000000 35.000000
v -7.000000 -28.000000 35.000000
v -7.000000 -21.000000 35.000000
v -7.000000 -14.000000 35.000000
v -7.000000 -7.000000 35.000000
v -7.000000 0.000000 35.000000
v -7.000000 7.000000 35.000000
v -7.000000 14.000000 35.000000
v -7.000000 21.000000 35.000000
v -7.000000 28.000000 35.000000
v -7.000000 35.000000 35.000000
v 0.000000 -35.000000 35.000000
v 0.000000 -28.000000 35.000000
v 0.000000 -21.000000 35.000000
v 0.000000 -14.000000 35.000000
v 0.000000 -7.000000 35.000000
v 0.000000 0.000000 35.000000
v 0.000000 7.000000 35.000000
v 0.000000 14.000000 35.000000
v 0.000000 21.000000 35.000000
v 0.000000 28.000000 35.000000
v 0.000000 35.000000 35.000000
v 7.000000 -35.000000 35.000000
v 7.000000 -28.000000 35.000000
v 7.000000 -21.000000 35.000000
v 7.000000 -14.000000 35.000000
v 7.000000 -7.000000 35.000000
v 7.000000 0.000000 35.000000
v 7.000000 7.000000 35.000000
v 7.000000 14.000000 35.000000
v 7.000000 21.000000 35.000000
v 7.000000 28.000000 35.000000
v 7.000000 35.000000 35.000000
v 14.000000 -35.000000 35.000000
v 14.000000 -28.000000 35.000000
v 14.000000 -21.000000 35.000000
v 14.000000 -14.000000 35.000000
v 14.000000 -7.000000 35.000000
v 14.000000 0.000000 35.000000
v 14.000000 7.000000 35.000000
v 14.000000 14.000000 35.000000
v 14.000000 21.000000 35.000000
v 14.000000 28.000000 35.000000
v 14.000000 35.000000 35.000000
v 21.000000 -35.000000 35.000000
v 21.000000 -28.000000 35.000000
v 21.000000 -21.000000 35.000000
v 21.000000 -14.000000 35.000000
v 21.000000 -7.000000 35.000000
v 21.000000 0.000000 35.000000
v 21.000000 7.000000 35.000000
v 21.000000 14.000000 35.000000
v 21.000000 21.000000 35.000000
v 21.000000 28.000000 35.000000
v 21.000000 35.000000 35.000000
v 28.000000 -35.000000 35.000000
v 28.000000 -28.000000 35.000000
v 28.000000 -21.000000 35.000000
v 28.000000 -14.000000 35.000000
v 28.000000 -7.000000 35.000000
v 28.000000 0.000000 35.000000
v 28.000000 7.000000 35.000000
v 28.000000 14.000000 35.000000
v 28.000000 21.000000 35.000000
v 28.000000 28.000000 35.000000
v 28.000000 35.000000 35.000000
v 35.000000 -35.000000 35.000000
v 35.000000 -28.000000 35.000000
v 35.000000 -21.000000 35.000000
v 35.000000 -14.000000 35.000000
v 35.000000 -7.000000 35.000000
v 35.000000 0.000000 35.000000
v 35.000000 7.000000 35.000000
v 35.000000 14.000000 35.000000
v 35.000000 21.000000 35.000000
v 35.000000 28.000000 35.000000
v 35.000000 35.000000 35.000000
v -35.000000 -35.000000 -35.000000
v -28.000000 -35.000000 -35.000000
v -21.000000 -35.000000 -35.000000
v -14.000000 -35.000000 -35.000000
v -7.000000 -35.000000 -35.000000
v 0.000000 -35.000000 -35.000000
v 7.000000 -35.000000 -35.000000
v 14.000000 -35.000000 -35.000000
v 21.000000 -35.000000 -35.000000
v 28.000000 -35.000000 -35.000000
v 35.000000 -35.000000 -35.000000
v -35.000000 -28.000000 -35.000000
v -28.000000 -28.000000 -35.000000
v -21.000000 -28.000000 -35.000000
v -14.000000 -28.000000 -35.000000
v -7.000000 -28.000000 -35.000000
v 0.000000 -28.000000 -35.000000
v 7.000000 -28.000000 -35.000000
v 14.000000 -28.000000 -35.000000
v 21.000000 -28.000000 -35.000000
v 28.000000 -28.000000 -35.000000
v 35.000000 -28.000000 -35.000000
v -35.000000 -21.000000 -35.000000
v -28.000000 -21.000000 -35.000000
v -21.000000 -21.000000 -35.000000
v -14.000000 -21.000000 -35.000000
v -7.000000 -21.000000 -35.000000
v 0.000000 -21.000000 -35.000000
v 7.000000 -21.000000 -35.000000
v 14.000000 -21.000000 -35.000000
v 21.000000 -21.000000 -35.000000
v 28.000000 -21.000000 -35.000000
v 35.000000 -21.000000 -35.000000
v -35.000000 -14.000000 -35.000000
v -28.000000 -14.000000 -35.000000
v -21.000000 -14.000000 -35.000000
v -14.000000 -14.000000 -35.000000
v -7.000000 -14.000000 -35.000000
v 0.000000 -14.000000 -35.000000
v 7.000000 -14.000000 -35.000000
v 14.000000 -14.000000 -35.000000
v 21.000000 -14.000000 -35.000000
v 28.000000 -14.000000 -35.000000
v 35.000000 -14.000000 -35.000000
v -35.000000 -7.000000 -35.000000
v -28.000000 -7.000000 -35.000000
v -21.000000 -7.000000 -35.000000
v -14.000000 -7.000000 -35.000000
v -7.000000 -7.000000 -35.000000
v 0.000000 -7.000000 -35.000000
v 7.000000 -7.000000 -35.000000
v 14.000000 -7.000000 -35.000000
v 21.000000 -7.000000 -35.000000
v 28.000000 -7.000000 -35.000000
v 35.000000 -7.000000 -35.000000
v -35.000000 0.000000 -35.000000
v -28.000000 0.000000 -35.000000
v -21.000000 0.000000 -35.000000
v -14.000000 0.000000 -35.000000
v -7.000000 0.000000 -35.000000
v 0.000000 0.000000 -35.000000
v 7.000000 0.000000 -35.000000
v 14.000000 0.000000 -35.000000
v 21.000000 0.000000 -35.000000
v 28.000000 0.000000 -35.000000
v 35.000000 0.000000 -35.000000
v -35.000000 7.000000 -35.000000
v -28.000000 7.000000 -35.000000
v -21.000000 7.000000 -35.000000
v -14.000000 7.000000 -35.000000
v -7.000000 7.000000 -35.000000
v 0.000000 7.000000 -35.000000
v 7.000000 7.000000 -35.000000
v 14.000000 7.000000 -35.000000
v 21.000000 7.000000 -35.000000
v 28.000000 7.000000 -35.000000
v 35.000000 7.000000 -35.000000
v -35.000000 14.000000 -35.000000
v -28.000000 14.000000 -35.000000
v -21.000000 14.000000 -35.000000
v -14.000000 14.000000 -35.000000
v -7.000000 14.000000 -35.000000
v 0.000000 14.000000 -35.000000
v 7.000000 14.000000 -35.000000
v 14.000000 14.000000 -35.000000
v 21.000000 14.000000 -35.000000
v 28.000000 14.000000 -35.000000
v 35.000000 14.000000 -35.000000
v -35.000000 21.000000 -35.000000
v -28.000000 21.000000 -35.000000
v -21.000000 21.000000 -35.000000
v -14.000000 21.000000 -35.000000
v -7.000000 21.000000 -35.000000
v 0.000000 21.000000 -35.000000
v 7.000000 21.000000 -35.000000
v 14.000000 21.000000 -35.000000
v 21.000000 21.000000 -35.000000
v 28.000000 21.000000 -35.000000
v 35.000000 21.000000 -35.000000
v -35.000000 28.000000 -35.000000
v -28.000000 28.000000 -35.000000
v -21.000000 28.000000 -35.000000
v -14.000000 28.000000 -35.000000
v -7.000000 28.000000 -35.000000
v 0.000000 28.000000 -35.000000
v 7.000000 28.000000 -35.000000
v 14.000000 28.000000 -35.000000
v 21.000000 28.000000 -35.000000
v 28.000000 28.000000 -35.000000
v 35.000000 28.000000 -35.000000
v -35.000000 35.000000 -35.000000
v -28.000000 35.000000 -35.000000
v -21.000000 35.000000 -35.000000
v -14.000000 35.000000 -35.000000
v -7.000000 35.000000 -35.000000
v 0.000000 35.000000 -35.000000
v 7.000000 35.000000 -35.000000
v 14.000000 35.000000 -35.000000
v 21.000000 35.000000 -35.000000
v 28.000000 35.000000 -35.000000
v 35.000000 35.000000 -35.000000
v 48.900000 0.000000 0.000000
v 48.767650 0.000000 1.580230
v 48.767650 -0.351634 1.540611
v 48.767650 -0.685636 1.423738
v 48.767650 -0.985257 1.235474
v 48.767650 -1.235474 0.985257
v 48.767650 -1.423738 0.685636
v 48.767650 -1.540611 0.351634
v 48.767650 -1.580230 0.000000
v 48.767650 -1.540611 -0.351634
v 48.767650 -1.423738 -0.685636
v 48.767650 -1.235474 -0.985257
v 48.767650 -0.985257 -1.235474
v 48.767650 -0.685636 -1.423738
v 48.767650 -0.351634 -1.540611
v 48.767650 -0.000000 -1.580230
v 48.767650 0.351634 -1.540611
v 48.767650 0.685636 -1.423738
v 48.767650 0.985257 -1.235474
v 48.767650 1.235474 -0.985257
v 48.767650 1.423738 -0.685636
v 48.767650 1.540611 -0.351634
v 48.767650 1.580230 -0.000000
v 48.767650 1.540611 0.351634
v 48.767650 1.423738 0.685636
v 48.767650 1.235474 0.985257
v 48.767650 0.985257 1.235474
v 48.767650 0.685636 1.423738
v 48.767650 0.351634 1.540611
v 48.374289 0.000000 3.116431
v 48.374289 -0.693471 3.038295
v 48.374289 -1.352169 2.807807
v 48.374289 -1.943063 2.436523
v 48.374289 -2.436523 1.943063
v 48.374289 -2.807807 1.352169
v 48.374289 -3.038295 0.693471
v 48.374289 -3.116431 0.000000
v 48.374289 -3.038295 -0.693471
v 48.374289 -2.807807 -1.352169
v 48.374289 -2.436523 -1.943063
v 48.374289 -1.943063 -2.436523
v 48.374289 -1.352169 -2.807807
v 48.374289 -0.693471 -3.038295
v 48.374289 -0.000000 -3.116431
v 48.374289 0.693471 -3.038295
v 48.374289 1.352169 -2.807807
v 48.374289 1.943063 -2.436523
v 48.374289 2.436523 -1.943063
v 48.374289 2.807807 -1.352169
v 48.374289 3.038295 -0.693471
v 48.374289 3.116431 -0.000000
v 48.374289 3.038295 0.693471
v 48.374289 2.807807 1.352169
v 48.374289 2.436523 1.943063
v 48.374289 1.943063 2.436523
v 48.374289 1.352169 2.807807
v 48.374289 0.693471 3.038295
v 47.730876 0.000000 4.565797
v 47.730876 -1.015985 4.451323
v 47.730876 -1.981025 4.113641
v 47.730876 -2.846728 3.569684
v 47.730876 -3.569684 2.846728
v 47.730876 -4.113641 1.981025
v 47.730876 -4.451323 1.015985
v 47.730876 -4.565797 0.000000
v 47.730876 -4.451323 -1.015985
v 47.730876 -4.113641 -1.981025
v 47.730876 -3.569684 -2.846728
v 47.730876 -2.846728 -3.569684
v 47.730876 -1.981025 -4.113641
v 47.730876 -1.015985 -4.451323
v 47.730876 -0.000000 -4.565797
v 47.730876 1.015985 -4.451323
v 47.730876 1.981025 -4.113641
v 47.730876 2.846728 -3.569684
v 47.730876 3.569684 -2.846728
v 47.730876 4.113641 -1.981025
v 47.730876 4.451323 -1.015985
v 47.730876 4.565797 -0.000000
v 47.730876 4.451323 1.015985
v 47.730876 4.113641 1.981025
v 47.730876 3.569684 2.846728
v 47.730876 2.846728 3.569684
v 47.730876 1.981025 4.113641
v 47.730876 1.015985 4.451323
v 46.855339 0.000000 5.887947
v 46.855339 -1.310191 5.740324
v 46.855339 -2.554684 5.304857
v 46.855339 -3.671075 4.603382
v 46.855339 -4.603382 3.671075
v 46.855339 -5.304857 2.554684
v 46.855339 -5.740324 1.310191
v 46.855339 -5.887947 0.000000
v 46.855339 -5.740324 -1.310191
v 46.855339 -5.304857 -2.554684
v 46.855339 -4.603382 -3.671075
v 46.855339 -3.671075 -4.603382
v 46.855339 -2.554684 -5.304857
v 46.855339 -1.310191 -5.740324
v 46.855339 -0.000000 -5.887947
v 46.855339 1.310191 -5.740324
v 46.855339 2.554684 -5.304857
v 46.855339 3.671075 -4.603382
v 46.855339 4.603382 -3.671075
v 46.855339 5.304857 -2.554684
v 46.855339 5.740324 -1.310191
v 46.855339 5.887947 -0.000000
v 46.855339 5.740324 1.310191
v 46.855339 5.304857 2.554684
v 46.855339 4.603382 3.671075
v 46.855339 3.671075 4.603382
v 46.855339 2.554684 5.304857
v 46.855339 1.310191 5.740324
v 45.772073 0.000000 7.046040
v 45.772073 -1.567891 6.869381
v 45.772073 -3.057162 6.348263
v 45.772073 -4.393134 5.508816
v 45.772073 -5.508816 4.393134
v 45.772073 -6.348263 3.057162
v 45.772073 -6.869381 1.567891
v 45.772073 -7.046040 0.000000
v 45.772073 -6.869381 -1.567891
v 45.772073 -6.348263 -3.057162
v 45.772073 -5.508816 -4.393134
v 45.772073 -4.393134 -5.508816
v 45.772073 -3.057162 -6.348263
v 45.772073 -1.567891 -6.869381
v 45.772073 -0.000000 -7.046040
v 45.772073 1.567891 -6.869381
v 45.772073 3.057162 -6.348263
v 45.772073 4.393134 -5.508816
v 45.772073 5.508816 -4.393134
v 45.772073 6.348263 -3.057162
v 45.772073 6.869381 -1.567891
v 45.772073 7.046040 -0.000000
v 45.772073 6.869381 1.567891
v 45.772073 6.348263 3.057162
v 45.772073 5.508816 4.393134
v 45.772073 4.393134 5.508816
v 45.772073 3.057162 6.348263
v 45.772073 1.567891 6.869381
v 44.511262 0.000000 8.007809
v 44.511262 -1.781905 7.807036
v 44.511262 -3.474458 7.214786
v 44.511262 -4.992787 6.260757
v 44.511262 -6.260757 4.992787
v 44.511262 -7.214786 3.474458
v 44.511262 -7.807036 1.781905
v 44.511262 -8.007809 0.000000
v 44.511262 -7.807036 -1.781905
v 44.511262 -7.214786 -3.474458
v 44.511262 -6.260757 -4.992787
v 44.511262 -4.992787 -6.260757
v 44.511262 -3.474458 -7.214786
v 44.511262 -1.781905 -7.807036
v 44.511262 -0.000000 -8.007809
v 44.511262 1.781905 -7.807036
v 44.511262 3.474458 -7.214786
v 44.511262 4.992787 -6.260757
v 44.511262 6.260757 -4.992787
v 44.511262 7.214786 -3.474458
v 44.511262 7.807036 -1.781905
v 44.511262 8.007809 -0.000000
v 44.511262 7.807036 1.781905
v 44.511262 7.214786 3.474458
v 44.511262 6.260757 4.992787
v 44.511262 4.992787 6.260757
v 44.511262 3.474458 7.214786
v 44.511262 1.781905 7.807036
v 43.108035 0.000000 8.746455
v 43.108035 -1.946269 8.527163
v 43.108035 -3.794945 7.880284
v 43.108035 -5.453326 6.838254
v 43.108035 -6.838254 5.453326
v 43.108035 -7.880284 3.794945
v 43.108035 -8.527163 1.946269
v 43.108035 -8.746455 0.000000
v 43.108035 -8.527163 -1.946269
v 43.108035 -7.880284 -3.794945
v 43.108035 -6.838254 -5.453326
v 43.108035 -5.453326 -6.838254
v 43.108035 -3.794945 -7.880284
v 43.108035 -1.946269 -8.527163
v 43.108035 -0.000000 -8.746455
v 43.108035 1.946269 -8.527163
v 43.108035 3.794945 -7.880284
v 43.108035 5.453326 -6.838254
v 43.108035 6.838254 -5.453326
v 43.108035 7.880284 -3.794945
v 43.108035 8.527163 -1.946269
v 43.108035 8.746455 -0.000000
v 43.108035 8.527163 1.946269
v 43.108035 7.880284 3.794945
v 43.108035 6.838254 5.453326
v 43.108035 5.453326 6.838254
v 43.108035 3.794945 7.880284
v 43.108035 1.946269 8.527163
v 41.601491 0.000000 9.241398
v 41.601491 -2.056405 9.009697
v 41.601491 -4.009692 8.326212
v 41.601491 -5.761917 7.225216
v 41.601491 -7.225216 5.761917
v 41.601491 -8.326212 4.009692
v 41.601491 -9.009697 2.056405
v 41.601491 -9.241398 0.000000
v 41.601491 -9.009697 -2.056405
v 41.601491 -8.326212 -4.009692
v 41.601491 -7.225216 -5.761917
v 41.601491 -5.761917 -7.225216
v 41.601491 -4.009692 -8.326212
v 41.601491 -2.056405 -9.009697
v 41.601491 -0.000000 -9.241398
v 41.601491 2.056405 -9.009697
v 41.601491 4.009692 -8.326212
v 41.601491 5.761917 -7.225216
v 41.601491 7.225216 -5.761917
v 41.601491 8.326212 -4.009692
v 41.601491 9.009697 -2.056405
v 41.601491 9.241398 -0.000000
v 41.601491 9.009697 2.056405
v 41.601491 8.326212 4.009692
v 41.601491 7.225216 5.761917
v 41.601491 5.761917 7.225216
v 41.601491 4.009692 8.326212
v 41.601491 2.056405 9.009697
v 40.033606 0.000000 9.478847
v 40.033606 -2.109242 9.241193
v 40.033606 -4.112718 8.540146
v 40.033606 -5.909965 7.410861
v 40.033606 -7.410861 5.909965
v 40.033606 -8.540146 4.112718
v 40.033606 -9.241193 2.109242
v 40.033606 -9.478847 0.000000
v 40.033606 -9.241193 -2.109242
v 40.033606 -8.540146 -4.112718
v 40.033606 -7.410861 -5.909965
v 40.033606 -5.909965 -7.410861
v 40.033606 -4.112718 -8.540146
v 40.033606 -2.109242 -9.241193
v 40.033606 -0.000000 -9.478847
v 40.033606 2.109242 -9.241193
v 40.033606 4.112718 -8.540146
v 40.033606 5.909965 -7.410861
v 40.033606 7.410861 -5.909965
v 40.033606 8.540146 -4.112718
v 40.033606 9.241193 -2.109242
v 40.033606 9.478847 -0.000000
v 40.033606 9.241193 2.109242
v 40.033606 8.540146 4.112718
v 40.033606 7.410861 5.909965
v 40.033606 5.909965 7.410861
v 40.033606 4.112718 8.540146
v 40.033606 2.109242 9.241193
v 38.448067 0.000000 9.452186
v 38.448067 -2.103309 9.215200
v 38.448067 -4.101150 8.516126
v 38.448067 -5.893342 7.390017
v 38.448067 -7.390017 5.893342
v 38.448067 -8.516126 4.101150
v 38.448067 -9.215200 2.103309
v 38.448067 -9.452186 0.000000
v 38.448067 -9.215200 -2.103309
v 38.448067 -8.516126 -4.101150
v 38.448067 -7.390017 -5.893342
v 38.448067 -5.893342 -7.390017
v 38.448067 -4.101150 -8.516126
v 38.448067 -2.103309 -9.215200
v 38.448067 -0.000000 -9.452186
v 38.448067 2.103309 -9.215200
v 38.448067 4.101150 -8.516126
v 38.448067 5.893342 -7.390017
v 38.448067 7.390017 -5.893342
v 38.448067 8.516126 -4.101150
v 38.448067 9.215200 -2.103309
v 38.448067 9.452186 -0.000000
v 38.448067 9.215200 2.103309
v 38.448067 8.516126 4.101150
v 38.448067 7.390017 5.893342
v 38.448067 5.893342 7.390017
v 38.448067 4.101150 8.516126
v 38.448067 2.103309 9.215200
v 36.889052 0.000000 9.162158
v 36.889052 -2.038772 8.932444
v 36.889052 -3.975311 8.254819
v 36.889052 -5.712512 7.163264
v 36.889052 -7.163264 5.712512
v 36.889052 -8.254819 3.975311
v 36.889052 -8.932444 2.038772
v 36.889052 -9.162158 0.000000
v 36.889052 -8.932444 -2.038772
v 36.889052 -8.254819 -3.975311
v 36.889052 -7.163264 -5.712512
v 36.889052 -5.712512 -7.163264
v 36.889052 -3.975311 -8.254819
v 36.889052 -2.038772 -8.932444
v 36.889052 -0.000000 -9.162158
v 36.889052 2.038772 -8.932444
v 36.889052 3.975311 -8.254819
v 36.889052 5.712512 -7.163264
v 36.889052 7.163264 -5.712512
v 36.889052 8.254819 -3.975311
v 36.889052 8.932444 -2.038772
v 36.889052 9.162158 -0.000000
v 36.889052 8.932444 2.038772
v 36.889052 8.254819 3.975311
v 36.889052 7.163264 5.712512
v 36.889052 5.712512 7.163264
v 36.889052 3.975311 8.254819
v 36.889052 2.038772 8.932444
v 35.400000 0.000000 8.616844
v 35.400000 -1.917428 8.400802
v 35.400000 -3.738708 7.763508
v 35.400000 -5.372514 6.736920
v 35.400000 -6.736920 5.372514
v 35.400000 -7.763508 3.738708
v 35.400000 -8.400802 1.917428
v 35.400000 -8.616844 0.000000
v 35.400000 -8.400802 -1.917428
v 35.400000 -7.763508 -3.738708
v 35.400000 -6.736920 -5.372514
v 35.400000 -5.372514 -6.736920
v 35.400000 -3.738708 -7.763508
v 35.400000 -1.917428 -8.400802
v 35.400000 -0.000000 -8.616844
v 35.400000 1.917428 -8.400802
v 35.400000 3.738708 -7.763508
v 35.400000 5.372514 -6.736920
v 35.400000 6.736920 -5.372514
v 35.400000 7.763508 -3.738708
v 35.400000 8.400802 -1.917428
v 35.400000 8.616844 -0.000000
v 35.400000 8.400802 1.917428
v 35.400000 7.763508 3.738708
v 35.400000 6.736920 5.372514
v 35.400000 5.372514 6.736920
v 35.400000 3.738708 7.763508
v 35.400000 1.917428 8.400802
v 35.400000 0.000000 0.000000
v -48.900000 0.000000 0.000000
v -48.767650 0.000000 -1.580230
v -48.767650 -0.351634 -1.540611
v -48.767650 -0.685636 -1.423738
v -48.767650 -0.985257 -1.235474
v -48.767650 -1.235474 -0.985257
v -48.767650 -1.423738 -0.685636
v -48.767650 -1.540611 -0.351634
v -48.767650 -1.580230 -0.000000
v -48.767650 -1.540611 0.351634
v -48.767650 -1.423738 0.685636
v -48.767650 -1.235474 0.985257
v -48.767650 -0.985257 1.235474
v -48.767650 -0.685636 1.423738
v -48.767650 -0.351634 1.540611
v -48.767650 -0.000000 1.580230
v -48.767650 0.351634 1.540611
v -48.767650 0.685636 1.423738
v -48.767650 0.985257 1.235474
v -48.767650 1.235474 0.985257
v -48.767650 1.423738 0.685636
v -48.767650 1.540611 0.351634
v -48.767650 1.580230 0.000000
v -48.767650 1.540611 -0.351634
v -48.767650 1.423738 -0.685636
v -48.767650 1.235474 -0.985257
v -48.767650 0.985257 -1.235474
v -48.767650 0.685636 -1.423738
v -48.767650 0.351634 -1.540611
v -48.374289 0.000000 -3.116431
v -48.374289 -0.693471 -3.038295
v -48.374289 -1.352169 -2.807807
v -48.374289 -1.943063 -2.436523
v -48.374289 -2.436523 -1.943063
v -48.374289 -2.807807 -1.352169
v -48.374289 -3.038295 -0.693471
v -48.374289 -3.116431 -0.000000
v -48.374289 -3.038295 0.693471
v -48.374289 -2.807807 1.352169
v -48.374289 -2.436523 1.943063
v -48.374289 -1.943063 2.436523
v -48.374289 -1.352169 2.807807
v -48.374289 -0.693471 3.038295
v -48.374289 -0.000000 3.116431
v -48.374289 0.693471 3.038295
v -48.374289 1.352169 2.807807
v -48.374289 1.943063 2.436523
v -48.374289 2.436523 1.943063
v -48.374289 2.807807 1.352169
v -48.374289 3.038295 0.693471
v -48.374289 3.116431 0.000000
v -48.374289 3.038295 -0.693471
v -48.374289 2.807807 -1.352169
v -48.374289 2.436523 -1.943063
v -48.374289 1.943063 -2.436523
v -48.374289 1.352169 -2.807807
v -48.374289 0.693471 -3.038295
v -47.730876 0.000000 -4.565797
v -47.730876 -1.015985 -4.451323
v -47.730876 -1.981025 -4.113641
v -47.730876 -2.846728 -3.569684
v -47.730876 -3.569684 -2.846728
v -47.730876 -4.113641 -1.981025
v -47.730876 -4.451323 -1.015985
v -47.730876 -4.565797 -0.000000
v -47.730876 -4.451323 1.015985
v -47.730876 -4.113641 1.981025
v -47.730876 -3.569684 2.846728
v -47.730876 -2.846728 3.569684
v -47.730876 -1.981025 4.113641
v -47.730876 -1.015985 4.451323
v -47.730876 -0.000000 4.565797
v -47.730876 1.015985 4.451323
v -47.730876 1.981025 4.113641
v -47.730876 2.846728 3.569684
v -47.730876 3.569684 2.846728
v -47.730876 4.113641 1.981025
v -47.730876 4.451323 1.015985
v -47.730876 4.565797 0.000000
v -47.730876 4.451323 -1.015985
v -47.730876 4.113641 -1.981025
v -47.730876 3.569684 -2.846728
v -47.730876 2.846728 -3.569684
v -47.730876 1.981025 -4.113641
v -47.730876 1.015985 -4.451323
v -46.855339 0.000000 -5.887947
v -46.855339 -1.310191 -5.740324
v -46.855339 -2.554684 -5.304857
v -46.855339 -3.671075 -4.603382
v -46.855339 -4.603382 -3.671075
v -46.855339 -5.304857 -2.554684
v -46.855339 -5.740324 -1.310191
v -46.855339 -5.887947 -0.000000
v -46.855339 -5.740324 1.310191
v -46.855339 -5.304857 2.554684
v -46.855339 -4.603382 3.671075
v -46.855339 -3.671075 4.603382
v -46.855339 -2.554684 5.304857
v -46.855339 -1.310191 5.740324
v -46.855339 -0.000000 5.887947
v -46.855339 1.310191 5.740324
v -46.855339 2.554684 5.304857
v -46.855339 3.671075 4.603382
v -46.855339 4.603382 3.671075
v -46.855339 5.304857 2.554684
v -46.855339 5.740324 1.310191
v -46.855339 5.887947 0.000000
v -46.855339 5.740324 -1.310191
v -46.855339 5.304857 -2.554684
v -46.855339 4.603382 -3.671075
v -46.855339 3.671075 -4.603382
v -46.855339 2.554684 -5.304857
v -46.855339 1.310191 -5.740324
v -45.772073 0.000000 -7.046040
v -45.772073 -1.567891 -6.869381
v -45.772073 -3.057162 -6.348263
v -45.772073 -4.393134 -5.508816
v -45.772073 -5.508816 -4.393134
v -45.772073 -6.348263 -3.057162
v -45.772073 -6.869381 -1.567891
v -45.772073 -7.046040 -0.000000
v -45.772073 -6.869381 1.567891
v -45.772073 -6.348263 3.057162
v -45.772073 -5.508816 4.393134
v -45.772073 -4.393134 5.508816
v -45.772073 -3.057162 6.348263
v -45.772073 -1.567891 6.869381
v -45.772073 -0.000000 7.046040
v -45.772073 1.567891 6.869381
v -45.772073 3.057162 6.348263
v -45.772073 4.393134 5.508816
v -45.772073 5.508816 4.393134
v -45.772073 6.348263 3.057162
v -45.772073 6.869381 1.567891
v -45.772073 7.046040 0.000000
v -45.772073 6.869381 -1.567891
v -45.772073 6.348263 -3.057162
v -45.772073 5.508816 -4.393134
v -45.772073 4.393134 -5.508816
v -45.772073 3.057162 -6.348263
v -45.772073 1.567891 -6.869381
v -44.511262 0.000000 -8.007809
v -44.511262 -1.781905 -7.807036
v -44.511262 -3.474458 -7.214786
v -44.511262 -4.992787 -6.260757
v -44.511262 -6.260757 -4.992787
v -44.511262 -7.214786 -3.474458
v -44.511262 -7.807036 -1.781905
v -44.511262 -8.007809 -0.000000
v -44.511262 -7.807036 1.781905
v -44.511262 -7.214786 3.474458
v -44.511262 -6.260757 4.992787
v -44.511262 -4.992787 6.260757
v -44.511262 -3.474458 7.214786
v -44.511262 -1.781905 7.807036
v -44.511262 -0.000000 8.007809
v -44.511262 1.781905 7.807036
v -44.511262 3.474458 7.214786
v -44.511262 4.992787 6.260757
v -44.511262 6.260757 4.992787
v -44.511262 7.214786 3.474458
v -44.511262 7.807036 1.781905
v -44.511262 8.007809 0.000000
v -44.511262 7.807036 -1.781905
v -44.511262 7.214786 -3.474458
v -44.511262 6.260757 -4.992787
v -44.511262 4.992787 -6.260757
v -44.511262 3.474458 -7.214786
v -44.511262 1.781905 -7.807036
v -43.108035 0.000000 -8.746455
v -43.108035 -1.946269 -8.527163
v -43.108035 -3.794945 -7.880284
v -43.108035 -5.453326 -6.838254
v -43.108035 -6.838254 -5.453326
v -43.108035 -7.880284 -3.794945
v -43.108035 -8.527163 -1.946269
v -43.108035 -8.746455 -0.000000
v -43.108035 -8.527163 1.946269
v -43.108035 -7.880284 3.794945
v -43.108035 -6.838254 5.453326
v -43.108035 -5.453326 6.838254
v -43.108035 -3.794945 7.880284
v -43.108035 -1.946269 8.527163
v -43.108035 -0.000000 8.746455
v -43.108035 1.946269 8.527163
v -43.108035 3.794945 7.880284
v -43.108035 5.453326 6.838254
v -43.108035 6.838254 5.453326
v -43.108035 7.880284 3.794945
v -43.108035 8.527163 1.946269
v -43.108035 8.746455 0.000000
v -43.108035 8.527163 -1.946269
v -43.108035 7.880284 -3.794945
v -43.108035 6.838254 -5.453326
v -43.108035 5.453326 -6.838254
v -43.108035 3.794945 -7.880284
v -43.108035 1.946269 -8.527163
v -41.601491 0.000000 -9.241398
v -41.601491 -2.056405 -9.009697
v -41.601491 -4.009692 -8.326212
v -41.601491 -5.761917 -7.225216
v -41.601491 -7.225216 -5.761917
v -41.601491 -8.326212 -4.009692
v -41.601491 -9.009697 -2.056405
v -41.601491 -9.241398 -0.000000
v -41.601491 -9.009697 2.056405
v -41.601491 -8.326212 4.009692
v -41.601491 -7.225216 5.761917
v -41.601491 -5.761917 7.225216
v -41.601491 -4.009692 8.326212
v -41.601491 -2.056405 9.009697
v -41.601491 -0.000000 9.241398
v -41.601491 2.056405 9.009697
v -41.601491 4.009692 8.326212
v -41.601491 5.761917 7.225216
v -41.601491 7.225216 5.761917
v -41.601491 8.326212 4.009692
v -41.601491 9.009697 2.056405
v -41.601491 9.241398 0.000000
v -41.601491 9.009697 -2.056405
v -41.601491 8.326212 -4.009692
v -41.601491 7.225216 -5.761917
v -41.601491 5.761917 -7.225216
v -41.601491 4.009692 -8.326212
v -41.601491 2.056405 -9.009697
v -40.033606 0.000000 -9.478847
v -40.033606 -2.109242 -9.241193
v -40.033606 -4.112718 -8.540146
v -40.033606 -5.909965 -7.410861
v -40.033606 -7.410861 -5.909965
v -40.033606 -8.540146 -4.112718
v -40.033606 -9.241193 -2.109242
v -40.033606 -9.478847 -0.000000
v -40.033606 -9.241193 2.109242
v -40.033606 -8.540146 4.112718
v -40.033606 -7.410861 5.909965
v -40.033606 -5.909965 7.410861
v -40.033606 -4.112718 8.540146
v -40.033606 -2.109242 9.241193
v -40.033606 -0.000000 9.478847
v -40.033606 2.109242 9.241193
v -40.033606 4.112718 8.540146
v -40.033606 5.909965 7.410861
v -40.033606 7.410861 5.909965
v -40.033606 8.540146 4.112718
v -40.033606 9.241193 2.109242
v -40.033606 9.478847 0.000000
v -40.033606 9.241193 -2.109242
v -40.033606 8.540146 -4.112718
v -40.033606 7.410861 -5.909965
v -40.033606 5.909965 -7.410861
v -40.033606 4.112718 -8.540146
v -40.033606 2.109242 -9.241193
v -38.448067 0.000000 -9.452186
v -38.448067 -2.103309 -9.215200
v -38.448067 -4.101150 -8.516126
v -38.448067 -5.893342 -7.390017
v -38.448067 -7.390017 -5.893342
v -38.448067 -8.516126 -4.101150
v -38.448067 -9.215200 -2.103309
v -38.448067 -9.452186 -0.000000
v -38.448067 -9.215200 2.103309
v -38.448067 -8.516126 4.101150
v -38.448067 -7.390017 5.893342
v -38.448067 -5.893342 7.390017
v -38.448067 -4.101150 8.516126
v -38.448067 -2.103309 9.215200
v -38.448067 -0.000000 9.452186
v -38.448067 2.103309 9.215200
v -38.448067 4.101150 8.516126
v -38.448067 5.893342 7.390017
v -38.448067 7.390017 5.893342
v -38.448067 8.516126 4.101150
v -38.448067 9.215200 2.103309
v -38.448067 9.452186 0.000000
v -38.448067 9.215200 -2.103309
v -38.448067 8.516126 -4.101150
v -38.448067 7.390017 -5.893342
v -38.448067 5.893342 -7.390017
v -38.448067 4.101150 -8.516126
v -38.448067 2.103309 -9.215200
v -36.889052 0.000000 -9.162158
v -36.889052 -2.038772 -8.932444
v -36.889052 -3.975311 -8.254819
v -36.889052 -5.712512 -7.163264
v -36.889052 -7.163264 -5.712512
v -36.889052 -8.254819 -3.975311
v -36.889052 -8.932444 -2.038772
v -36.889052 -9.162158 -0.000000
v -36.889052 -8.932444 2.038772
v -36.889052 -8.254819 3.975311
v -36.889052 -7.163264 5.712512
v -36.889052 -5.712512 7.163264
v -36.889052 -3.975311 8.254819
v -36.889052 -2.038772 8.932444
v -36.889052 -0.000000 9.162158
v -36.889052 2.038772 8.932444
v -36.889052 3.975311 8.254819
v -36.889052 5.712512 7.163264
v -36.889052 7.163264 5.712512
v -36.889052 8.254819 3.975311
v -36.889052 8.932444 2.038772
v -36.889052 9.162158 0.000000
v -36.889052 8.932444 -2.038772
v -36.889052 8.254819 -3.975311
v -36.889052 7.163264 -5.712512
v -36.889052 5.712512 -7.163264
v -36.889052 3.975311 -8.254819
v -36.889052 2.038772 -8.932444
v -35.400000 0.000000 -8.616844
v -35.400000 -1.917428 -8.400802
v -35.400000 -3.738708 -7.763508
v -35.400000 -5.372514 -6.736920
v -35.400000 -6.736920 -5.372514
v -35.400000 -7.763508 -3.738708
v -35.400000 -8.400802 -1.917428
v -35.400000 -8.616844 -0.000000
v -35.400000 -8.400802 1.917428
v -35.400000 -7.763508 3.738708
v -35.400000 -6.736920 5.372514
v -35.400000 -5.372514 6.736920
v -35.400000 -3.738708 7.763508
v -35.400000 -1.917428 8.400802
v -35.400000 -0.000000 8.616844
v -35.400000 1.917428 8.400802
v -35.400000 3.738708 7.763508
v -35.400000 5.372514 6.736920
v -35.400000 6.736920 5.372514
v -35.400000 7.763508 3.738708
v -35.400000 8.400802 1.917428
v -35.400000 8.616844 0.000000
v -35.400000 8.400802 -1.917428
v -35.400000 7.763508 -3.738708
v -35.400000 6.736920 -5.372514
v -35.400000 5.372514 -6.736920
v -35.400000 3.738708 -7.763508
v -35.400000 1.917428 -8.400802
v -35.400000 0.000000 0.000000
v 0.000000 48.900000 0.000000
v 0.000000 48.767650 -1.580230
v -0.351634 48.767650 -1.540611
v -0.685636 48.767650 -1.423738
v -0.985257 48.767650 -1.235474
v -1.235474 48.767650 -0.985257
v -1.423738 48.767650 -0.685636
v -1.540611 48.767650 -0.351634
v -1.580230 48.767650 -0.000000
v -1.540611 48.767650 0.351634
v -1.423738 48.767650 0.685636
v -1.235474 48.767650 0.985257
v -0.985257 48.767650 1.235474
v -0.685636 48.767650 1.423738
v -0.351634 48.767650 1.540611
v -0.000000 48.767650 1.580230
v 0.351634 48.767650 1.540611
v 0.685636 48.767650 1.423738
v 0.985257 48.767650 1.235474
v 1.235474 48.767650 0.985257
v 1.423738 48.767650 0.685636
v 1.540611 48.767650 0.351634
v 1.580230 48.767650 0.000000
v 1.540611 48.767650 -0.351634
v 1.423738 48.767650 -0.685636
v 1.235474 48.767650 -0.985257
v 0.985257 48.767650 -1.235474
v 0.685636 48.767650 -1.423738
v 0.351634 48.767650 -1.540611
v 0.000000 48.374289 -3.116431
v -0.693471 48.374289 -3.038295
v -1.352169 48.374289 -2.807807
v -1.943063 48.374289 -2.436523
v -2.436523 48.374289 -1.943063
v -2.807807 48.374289 -1.352169
v -3.038295 48.374289 -0.693471
v -3.116431 48.374289 -0.000000
v -3.038295 48.374289 0.693471
v -2.807807 48.374289 1.352169
v -2.436523 48.374289 1.943063
v -1.943063 48.374289 2.436523
v -1.352169 48.374289 2.807807
v -0.693471 48.374289 3.038295
v -0.000000 48.374289 3.116431
v 0.693471 48.374289 3.038295
v 1.352169 48.374289 2.807807
v 1.943063 48.374289 2.436523
v 2.436523 48.374289 1.943063
v 2.807807 48.374289 1.352169
v 3.038295 48.374289 0.693471
v 3.116431 48.374289 0.000000
v 3.038295 48.374289 -0.693471
v 2.807807 48.374289 -1.352169
v 2.436523 48.374289 -1.943063
v 1.943063 48.374289 -2.436523
v 1.352169 48.374289 -2.807807
v 0.693471 48.374289 -3.038295
v 0.000000 47.730876 -4.565797
v -1.015985 47.730876 -4.451323
v -1.981025 47.730876 -4.113641
v -2.846728 47.730876 -3.569684
v -3.569684 47.730876 -2.846728
v -4.113641 47.730876 -1.981025
v -4.451323 47.730876 -1.015985
v -4.565797 47.730876 -0.000000
v -4.451323 47.730876 1.015985
v -4.113641 47.730876 1.981025
v -3.569684 47.730876 2.846728
v -2.846728 47.730876 3.569684
v -1.981025 47.730876 4.113641
v -1.015985 47.730876 4.451323
v -0.000000 47.730876 4.565797
v 1.015985 47.730876 4.451323
v 1.981025 47.730876 4.113641
v 2.846728 47.730876 3.569684
v 3.569684 47.730876 2.846728
v 4.113641 47.730876 1.981025
v 4.451323 47.730876 1.015985
v 4.565797 47.730876 0.000000
v 4.451323 47.730876 -1.015985
v 4.113641 47.730876 -1.981025
v 3.569684 47.730876 -2.846728
v 2.846728 47.730876 -3.569684
v 1.981025 47.730876 -4.113641
v 1.015985 47.730876 -4.451323
v 0.000000 46.855339 -5.887947
v -1.310191 46.855339 -5.740324
v -2.554684 46.855339 -5.304857
v -3.671075 46.855339 -4.603382
v -4.603382 46.855339 -3.671075
v -5.304857 46.855339 -2.554684
v -5.740324 46.855339 -1.310191
v -5.887947 46.855339 -0.000000
v -5.740324 46.855339 1.310191
v -5.304857 46.855339 2.554684
v -4.603382 46.855339 3.671075
v -3.671075 46.855339 4.603382
v -2.554684 46.855339 5.304857
v -1.310191 46.855339 5.740324
v -0.000000 46.855339 5.887947
v 1.310191 46.855339 5.740324
v 2.554684 46.855339 5.304857
v 3.671075 46.855339 4.603382
v 4.603382 46.855339 3.671075
v 5.304857 46.855339 2.554684
v 5.740324 46.855339 1.310191
v 5.887947 46.855339 0.000000
v 5.740324 46.855339 -1.310191
v 5.304857 46.855339 -2.554684
v 4.603382 46.855339 -3.671075
v 3.671075 46.855339 -4.603382
v 2.554684 46.855339 -5.304857
v 1.310191 46.855339 -5.740324
v 0.000000 45.772073 -7.046040
v -1.567891 45.772073 -6.869381
v -3.057162 45.772073 -6.348263
v -4.393134 45.772073 -5.508816
v -5.508816 45.772073 -4.393134
v -6.348263 45.772073 -3.057162
v -6.869381 45.772073 -1.567891
v -7.046040 45.772073 -0.000000
v -6.869381 45.772073 1.567891
v -6.348263 45.772073 3.057162
v -5.508816 45.772073 4.393134
v -4.393134 45.772073 5.508816
v -3.057162 45.772073 6.348263
v -1.567891 45.772073 6.869381
v -0.000000 45.772073 7.046040
v 1.567891 45.772073 6.869381
v 3.057162 45.772073 6.348263
v 4.393134 45.772073 5.508816
v 5.508816 45.772073 4.393134
v 6.348263 45.772073 3.057162
v 6.869381 45.772073 1.567891
v 7.046040 45.772073 0.000000
v 6.869381 45.772073 -1.567891
v 6.348263 45.772073 -3.057162
v 5.508816 45.772073 -4.393134
v 4.393134 45.772073 -5.508816
v 3.057162 45.772073 -6.348263
v 1.567891 45.772073 -6.869381
v 0.000000 44.511262 -8.007809
v -1.781905 44.511262 -7.807036
v -3.474458 44.511262 -7.214786
v -4.992787 44.511262 -6.260757
v -6.260757 44.511262 -4.992787
v -7.214786 44.511262 -3.474458
v -7.807036 44.511262 -1.781905
v -8.007809 44.511262 -0.000000
v -7.807036 44.511262 1.781905
v -7.214786 44.511262 3.474458
v -6.260757 44.511262 4.992787
v -4.992787 44.511262 6.260757
v -3.474458 44.511262 7.214786
v -1.781905 44.511262 7.807036
v -0.000000 44.511262 8.007809
v 1.781905 44.511262 7.807036
v 3.474458 44.511262 7.214786
v 4.992787 44.511262 6.260757
v 6.260757 44.511262 4.992787
v 7.214786 44.511262 3.474458
v 7.807036 44.511262 1.781905
v 8.007809 44.511262 0.000000
v 7.807036 44.511262 -1.781905
v 7.214786 44.511262 -3.474458
v 6.260757 44.511262 -4.992787
v 4.992787 44.511262 -6.260757
v 3.474458 44.511262 -7.214786
v 1.781905 44.511262 -7.807036
v 0.000000 43.108035 -8.746455
v -1.946269 43.108035 -8.527163
v -3.794945 43.108035 -7.880284
v -5.453326 43.108035 -6.838254
v -6.838254 43.108035 -5.453326
v -7.880284 43.108035 -3.794945
v -8.527163 43.108035 -1.946269
v -8.746455 43.108035 -0.000000
v -8.527163 43.108035 1.946269
v -7.880284 43.108035 3.794945
v -6.838254 43.108035 5.453326
v -5.453326 43.108035 6.838254
v -3.794945 43.108035 7.880284
v -1.946269 43.108035 8.527163
v -0.000000 43.108035 8.746455
v 1.946269 43.108035 8.527163
v 3.794945 43.108035 7.880284
v 5.453326 43.108035 6.838254
v 6.838254 43.108035 5.453326
v 7.880284 43.108035 3.794945
v 8.527163 43.108035 1.946269
v 8.746455 43.108035 0.000000
v 8.527163 43.108035 -1.946269
v 7.880284 43.108035 -3.794945
v 6.838254 43.108035 -5.453326
v 5.453326 43.108035 -6.838254
v 3.794945 43.108035 -7.880284
v 1.946269 43.108035 -8.527163
v 0.000000 41.601491 -9.241398
v -2.056405 41.601491 -9.009697
v -4.009692 41.601491 -8.326212
v -5.761917 41.601491 -7.225216
v -7.225216 41.601491 -5.761917
v -8.326212 41.601491 -4.009692
v -9.009697 41.601491 -2.056405
v -9.241398 41.601491 -0.000000
v -9.009697 41.601491 2.056405
v -8.326212 41.601491 4.009692
v -7.225216 41.601491 5.761917
v -5.761917 41.601491 7.225216
v -4.009692 41.601491 8.326212
v -2.056405 41.601491 9.009697
v -0.000000 41.601491 9.241398
v 2.056405 41.601491 9.009697
v 4.009692 41.601491 8.326212
v 5.761917 41.601491 7.225216
v 7.225216 41.601491 5.761917
v 8.326212 41.601491 4.009692
v 9.009697 41.601491 2.056405
v 9.241398 41.601491 0.000000
v 9.009697 41.601491 -2.056405
v 8.326212 41.601491 -4.009692
v 7.225216 41.601491 -5.761917
v 5.761917 41.601491 -7.225216
v 4.009692 41.601491 -8.326212
v 2.056405 41.601491 -9.009697
v 0.000000 40.033606 -9.478847
v -2.109242 40.033606 -9.241193
v -4.112718 40.033606 -8.540146
v -5.909965 40.033606 -7.410861
v -7.410861 40.033606 -5.909965
v -8.540146 40.033606 -4.112718
v -9.241193 40.033606 -2.109242
v -9.478847 40.033606 -0.000000
v -9.241193 40.033606 2.109242
v -8.540146 40.033606 4.112718
v -7.410861 40.033606 5.909965
v -5.909965 40.033606 7.410861
v -4.112718 40.033606 8.540146
v -2.109242 40.033606 9.241193
v -0.000000 40.033606 9.478847
v 2.109242 40.033606 9.241193
v 4.112718 40.033606 8.540146
v 5.909965 40.033606 7.410861
v 7.410861 40.033606 5.909965
v 8.540146 40.033606 4.112718
v 9.241193 40.033606 2.109242
v 9.478847 40.033606 0.000000
v 9.241193 40.033606 -2.109242
v 8.540146 40.033606 -4.112718
v 7.410861 40.033606 -5.909965
v 5.909965 40.033606 -7.410861
v 4.112718 40.033606 -8.540146
v 2.109242 40.033606 -9.241193
v 0.000000 38.448067 -9.452186
v -2.103309 38.448067 -9.215200
v -4.101150 38.448067 -8.516126
v -5.893342 38.448067 -7.390017
v -7.390017 38.448067 -5.893342
v -8.516126 38.448067 -4.101150
v -9.215200 38.448067 -2.103309
v -9.452186 38.448067 -0.000000
v -9.215200 38.448067 2.103309
v -8.516126 38.448067 4.101150
v -7.390017 38.448067 5.893342
v -5.893342 38.448067 7.390017
v -4.101150 38.448067 8.516126
v -2.103309 38.448067 9.215200
v -0.000000 38.448067 9.452186
v 2.103309 38.448067 9.215200
v 4.101150 38.448067 8.516126
v 5.893342 38.448067 7.390017
v 7.390017 38.448067 5.893342
v 8.516126 38.448067 4.101150
v 9.215200 38.448067 2.103309
v 9.452186 38.448067 0.000000
v 9.215200 38.448067 -2.103309
v 8.516126 38.448067 -4.101150
v 7.390017 38.448067 -5.893342
v 5.893342 38.448067 -7.390017
v 4.101150 38.448067 -8.516126
v 2.103309 38.448067 -9.215200
v 0.000000 36.889052 -9.162158
v -2.038772 36.889052 -8.932444
v -3.975311 36.889052 -8.254819
v -5.712512 36.889052 -7.163264
v -7.163264 36.889052 -5.712512
v -8.254819 36.889052 -3.975311
v -8.932444 36.889052 -2.038772
v -9.162158 36.889052 -0.000000
v -8.932444 36.889052 2.038772
v -8.254819 36.889052 3.975311
v -7.163264 36.889052 5.712512
v -5.712512 36.889052 7.163264
v -3.975311 36.889052 8.254819
v -2.038772 36.889052 8.932444
v -0.000000 36.889052 9.162158
v 2.038772 36.889052 8.932444
v 3.975311 36.889052 8.254819
v 5.712512 36.889052 7.163264
v 7.163264 36.889052 5.712512
v 8.254819 36.889052 3.975311
v 8.932444 36.889052 2.038772
v 9.162158 36.889052 0.000000
v 8.932444 36.889052 -2.038772
v 8.254819 36.889052 -3.975311
v 7.163264 36.889052 -5.712512
v 5.712512 36.889052 -7.163264
v 3.975311 36.889052 -8.254819
v 2.038772 36.889052 -8.932444
v 0.000000 35.400000 -8.616844
v -1.917428 35.400000 -8.400802
v -3.738708 35.400000 -7.763508
v -5.372514 35.400000 -6.736920
v -6.736920 35.400000 -5.372514
v -7.763508 35.400000 -3.738708
v -8.400802 35.400000 -1.917428
v -8.616844 35.400000 -0.000000
v -8.400802 35.400000 1.917428
v -7.763508 35.400000 3.738708
v -6.736920 35.400000 5.372514
v -5.372514 35.400000 6.736920
v -3.738708 35.400000 7.763508
v -1.917428 35.400000 8.400802
v -0.000000 35.400000 8.616844
v 1.917428 35.400000 8.400802
v 3.738708 35.400000 7.763508
v 5.372514 35.400000 6.736920
v 6.736920 35.400000 5.372514
v 7.763508 35.400000 3.738708
v 8.400802 35.400000 1.917428
v 8.616844 35.400000 0.000000
v 8.400802 35.400000 -1.917428
v 7.763508 35.400000 -3.738708
v 6.736920 35.400000 -5.372514
v 5.372514 35.400000 -6.736920
v 3.738708 35.400000 -7.763508
v 1.917428 35.400000 -8.400802
v 0.000000 35.400000 0.000000
v 0.000000 -48.900000 0.000000
v 0.000000 -48.767650 1.580230
v -0.351634 -48.767650 1.540611
v -0.685636 -48.767650 1.423738
v -0.985257 -48.767650 1.235474
v -1.235474 -48.767650 0.985257
v -1.423738 -48.767650 0.685636
v -1.540611 -48.767650 0.351634
v -1.580230 -48.767650 0.000000
v -1.540611 -48.767650 -0.351634
v -1.423738 -48.767650 -0.685636
v -1.235474 -48.767650 -0.985257
v -0.985257 -48.767650 -1.235474
v -0.685636 -48.767650 -1.423738
v -0.351634 -48.767650 -1.540611
v -0.000000 -48.767650 -1.580230
v 0.351634 -48.767650 -1.540611
v 0.685636 -48.767650 -1.423738
v 0.985257 -48.767650 -1.235474
v 1.235474 -48.767650 -0.985257
v 1.423738 -48.767650 -0.685636
v 1.540611 -48.767650 -0.351634
v 1.580230 -48.767650 -0.000000
v 1.540611 -48.767650 0.351634
v 1.423738 -48.767650 0.685636
v 1.235474 -48.767650 0.985257
v 0.985257 -48.767650 1.235474
v 0.685636 -48.767650 1.423738
v 0.351634 -48.767650 1.540611
v 0.000000 -48.374289 3.116431
v -0.693471 -48.374289 3.038295
v -1.352169 -48.374289 2.807807
v -1.943063 -48.374289 2.436523
v -2.436523 -48.374289 1.943063
v -2.807807 -48.374289 1.352169
v -3.038295 -48.374289 0.693471
v -3.116431 -48.374289 0.000000
v -3.038295 -48.374289 -0.693471
v -2.807807 -48.374289 -1.352169
v -2.436523 -48.374289 -1.943063
v -1.943063 -48.374289 -2.436523
v -1.352169 -48.374289 -2.807807
v -0.693471 -48.374289 -3.038295
v -0.000000 -48.374289 -3.116431
v 0.693471 -48.374289 -3.038295
v 1.352169 -48.374289 -2.807807
v 1.943063 -48.374289 -2.436523
v 2.436523 -48.374289 -1.943063
v 2.807807 -48.374289 -1.352169
v 3.038295 -48.374289 -0.693471
v 3.116431 -48.374289 -0.000000
v 3.038295 -48.374289 0.693471
v 2.807807 -48.374289 1.352169
v 2.436523 -48.374289 1.943063
v 1.943063 -48.374289 2.436523
v 1.352169 -48.374289 2.807807
v 0.693471 -48.374289 3.038295
v 0.000000 -47.730876 4.565797
v -1.015985 -47.730876 4.451323
v -1.981025 -47.730876 4.113641
v -2.846728 -47.730876 3.569684
v -3.569684 -47.730876 2.846728
v -4.113641 -47.730876 1.981025
v -4.451323 -47.730876 1.015985
v -4.565797 -47.730876 0.000000
v -4.451323 -47.730876 -1.015985
v -4.113641 -47.730876 -1.981025
v -3.569684 -47.730876 -2.846728
v -2.846728 -47.730876 -3.569684
v -1.981025 -47.730876 -4.113641
v -1.015985 -47.730876 -4.451323
v -0.000000 -47.730876 -4.565797
v 1.015985 -47.730876 -4.451323
v 1.981025 -47.730876 -4.113641
v 2.846728 -47.730876 -3.569684
v 3.569684 -47.730876 -2.846728
v 4.113641 -47.730876 -1.981025
v 4.451323 -47.730876 -1.015985
v 4.565797 -47.730876 -0.000000
v 4.451323 -47.730876 1.015985
v 4.113641 -47.730876 1.981025
v 3.569684 -47.730876 2.846728
v 2.846728 -47.730876 3.569684
v 1.981025 -47.730876 4.113641
v 1.015985 -47.730876 4.451323
v 0.000000 -46.855339 5.887947
v -1.310191 -46.855339 5.740324
v -2.554684 -46.855339 5.304857
v -3.671075 -46.855339 4.603382
v -4.603382 -46.855339 3.671075
v -5.304857 -46.855339 2.554684
v -5.740324 -46.855339 1.310191
v -5.887947 -46.855339 0.000000
v -5.740324 -46.855339 -1.310191
v -5.304857 -46.855339 -2.554684
v -4.603382 -46.855339 -3.671075
v -3.671075 -46.855339 -4.603382
v -2.554684 -46.855339 -5.304857
v -1.310191 -46.855339 -5.740324
v -0.000000 -46.855339 -5.887947
v 1.310191 -46.855339 -5.740324
v 2.554684 -46.855339 -5.304857
v 3.671075 -46.855339 -4.603382
v 4.603382 -46.855339 -3.671075
v 5.304857 -46.855339 -2.554684
v 5.740324 -46.855339 -1.310191
v 5.887947 -46.855339 -0.000000
v 5.740324 -46.855339 1.310191
v 5.304857 -46.855339 2.554684
v 4.603382 -46.855339 3.671075
v 3.671075 -46.855339 4.603382
v 2.554684 -46.855339 5.304857
v 1.310191 -46.855339 5.740324
v 0.000000 -45.772073 7.046040
v -1.567891 -45.772073 6.869381
v -3.057162 -45.772073 6.348263
v -4.393134 -45.772073 5.508816
v -5.508816 -45.772073 4.393134
v -6.348263 -45.772073 3.057162
v -6.869381 -45.772073 1.567891
v -7.046040 -45.772073 0.000000
v -6.869381 -45.772073 -1.567891
v -6.348263 -45.772073 -3.057162
v -5.508816 -45.772073 -4.393134
v -4.393134 -45.772073 -5.508816
v -3.057162 -45.772073 -6.348263
v -1.567891 -45.772073 -6.869381
v -0.000000 -45.772073 -7.046040
v 1.567891 -45.772073 -6.869381
v 3.057162 -45.772073 -6.348263
v 4.393134 -45.772073 -5.508816
v 5.508816 -45.772073 -4.393134
v 6.348263 -45.772073 -3.057162
v 6.869381 -45.772073 -1.567891
v 7.046040 -45.772073 -0.000000
v 6.869381 -45.772073 1.567891
v 6.348263 -45.772073 3.057162
v 5.508816 -45.772073 4.393134
v 4.393134 -45.772073 5.508816
v 3.057162 -45.772073 6.348263
v 1.567891 -45.772073 6.869381
v 0.000000 -44.511262 8.007809
v -1.781905 -44.511262 7.807036
v -3.474458 -44.511262 7.214786
v -4.992787 -44.511262 6.260757
v -6.260757 -44.511262 4.992787
v -7.214786 -44.511262 3.474458
v -7.807036 -44.511262 1.781905
v -8.007809 -44.511262 0.000000
v -7.807036 -44.511262 -1.781905
v -7.214786 -44.511262 -3.474458
v -6.260757 -44.511262 -4.992787
v -4.992787 -44.511262 -6.260757
v -3.474458 -44.511262 -7.214786
v -1.781905 -44.511262 -7.807036
v -0.000000 -44.511262 -8.007809
v 1.781905 -44.511262 -7.807036
v 3.474458 -44.511262 -7.214786
v 4.992787 -44.511262 -6.260757
v 6.260757 -44.511262 -4.992787
v 7.214786 -44.511262 -3.474458
v 7.807036 -44.511262 -1.781905
v 8.007809 -44.511262 -0.000000
v 7.807036 -44.511262 1.781905
v 7.214786 -44.511262 3.474458
v 6.260757 -44.511262 4.992787
v 4.992787 -44.511262 6.260757
v 3.474458 -44.511262 7.214786
v 1.781905 -44.511262 7.807036
v 0.000000 -43.108035 8.746455
v -1.946269 -43.108035 8.527163
v -3.794945 -43.108035 7.880284
v -5.453326 -43.108035 6.838254
v -6.838254 -43.108035 5.453326
v -7.880284 -43.108035 3.794945
v -8.527163 -43.108035 1.946269
v -8.746455 -43.108035 0.000000
v -8.527163 -43.108035 -1.946269
v -7.880284 -43.108035 -3.794945
v -6.838254 -43.108035 -5.453326
v -5.453326 -43.108035 -6.838254
v -3.794945 -43.108035 -7.880284
v -1.946269 -43.108035 -8.527163
v -0.000000 -43.108035 -8.746455
v 1.946269 -43.108035 -8.527163
v 3.794945 -43.108035 -7.880284
v 5.453326 -43.108035 -6.838254
v 6.838254 -43.108035 -5.453326
v 7.880284 -43.108035 -3.794945
v 8.527163 -43.108035 -1.946269
v 8.746455 -43.108035 -0.000000
v 8.527163 -43.108035 1.946269
v 7.880284 -43.108035 3.794945
v 6.838254 -43.108035 5.453326
v 5.453326 -43.108035 6.838254
v 3.794945 -43.108035 7.880284
v 1.946269 -43.108035 8.527163
v 0.000000 -41.601491 9.241398
v -2.056405 -41.601491 9.009697
v -4.009692 -41.601491 8.326212
v -5.761917 -41.601491 7.225216
v -7.225216 -41.601491 5.761917
v -8.326212 -41.601491 4.009692
v -9.009697 -41.601491 2.056405
v -9.241398 -41.601491 0.000000
v -9.009697 -41.601491 -2.056405
v -8.326212 -41.601491 -4.009692
v -7.225216 -41.601491 -5.761917
v -5.761917 -41.601491 -7.225216
v -4.009692 -41.601491 -8.326212
v -2.056405 -41.601491 -9.009697
v -0.000000 -41.601491 -9.241398
v 2.056405 -41.601491 -9.009697
v 4.009692 -41.601491 -8.326212
v 5.761917 -41.601491 -7.225216
v 7.225216 -41.601491 -5.761917
v 8.326212 -41.601491 -4.009692
v 9.009697 -41.601491 -2.056405
v 9.241398 -41.601491 -0.000000
v 9.009697 -41.601491 2.056405
v 8.326212 -41.601491 4.009692
v 7.225216 -41.601491 5.761917
v 5.761917 -41.601491 7.225216
v 4.009692 -41.601491 8.326212
v 2.056405 -41.601491 9.009697
v 0.000000 -40.033606 9.478847
v -2.109242 -40.033606 9.241193
v -4.112718 -40.033606 8.540146
v -5.909965 -40.033606 7.410861
v -7.410861 -40.033606 5.909965
v -8.540146 -40.033606 4.112718
v -9.241193 -40.033606 2.109242
v -9.478847 -40.033606 0.000000
v -9.241193 -40.033606 -2.109242
v -8.540146 -40.033606 -4.112718
v -7.410861 -40.033606 -5.909965
v -5.909965 -40.033606 -7.410861
v -4.112718 -40.033606 -8.540146
v -2.109242 -40.033606 -9.241193
v -0.000000 -40.033606 -9.478847
v 2.109242 -40.033606 -9.241193
v 4.112718 -40.033606 -8.540146
v 5.909965 -40.033606 -7.410861
v 7.410861 -40.033606 -5.909965
v 8.540146 -40.033606 -4.112718
v 9.241193 -40.033606 -2.109242
v 9.478847 -40.033606 -0.000000
v 9.241193 -40.033606 2.109242
v 8.540146 -40.033606 4.112718
v 7.410861 -40.033606 5.909965
v 5.909965 -40.033606 7.410861
v 4.112718 -40.033606 8.540146
v 2.109242 -40.033606 9.241193
v 0.000000 -38.448067 9.452186
v -2.103309 -38.448067 9.215200
v -4.101150 -38.448067 8.516126
v -5.893342 -38.448067 7.390017
v -7.390017 -38.448067 5.893342
v -8.516126 -38.448067 4.101150
v -9.215200 -38.448067 2.103309
v -9.452186 -38.448067 0.000000
v -9.215200 -38.448067 -2.103309
v -8.516126 -38.448067 -4.101150
v -7.390017 -38.448067 -5.893342
v -5.893342 -38.448067 -7.390017
v -4.101150 -38.448067 -8.516126
v -2.103309 -38.448067 -9.215200
v -0.000000 -38.448067 -9.452186
v 2.103309 -38.448067 -9.215200
v 4.101150 -38.448067 -8.516126
v 5.893342 -38.448067 -7.390017
v 7.390017 -38.448067 -5.893342
v 8.516126 -38.448067 -4.101150
v 9.215200 -38.448067 -2.103309
v 9.452186 -38.448067 -0.000000
v 9.215200 -38.448067 2.103309
v 8.516126 -38.448067 4.101150
v 7.390017 -38.448067 5.893342
v 5.893342 -38.448067 7.390017
v 4.101150 -38.448067 8.516126
v 2.103309 -38.448067 9.215200
v 0.000000 -36.889052 9.162158
v -2.038772 -36.889052 8.932444
v -3.975311 -36.889052 8.254819
v -5.712512 -36.889052 7.163264
v -7.163264 -36.889052 5.712512
v -8.254819 -36.889052 3.975311
v -8.932444 -36.889052 2.038772
v -9.162158 -36.889052 0.000000
v -8.932444 -36.889052 -2.038772
v -8.254819 -36.889052 -3.975311
v -7.163264 -36.889052 -5.712512
v -5.712512 -36.889052 -7.163264
v -3.975311 -36.889052 -8.254819
v -2.038772 -36.889052 -8.932444
v -0.000000 -36.889052 -9.162158
v 2.038772 -36.889052 -8.932444
v 3.975311 -36.889052 -8.254819
v 5.712512 -36.889052 -7.163264
v 7.163264 -36.889052 -5.712512
v 8.254819 -36.889052 -3.975311
v 8.932444 -36.889052 -2.038772
v 9.162158 -36.889052 -0.000000
v 8.932444 -36.889052 2.038772
v 8.254819 -36.889052 3.975311
v 7.163264 -36.889052 5.712512
v 5.712512 -36.889052 7.163264
v 3.975311 -36.889052 8.254819
v 2.038772 -36.889052 8.932444
v 0.000000 -35.400000 8.616844
v -1.917428 -35.400000 8.400802
v -3.738708 -35.400000 7.763508
v -5.372514 -35.400000 6.736920
v -6.736920 -35.400000 5.372514
v -7.763508 -35.400000 3.738708
v -8.400802 -35.400000 1.917428
v -8.616844 -35.400000 0.000000
v -8.400802 -35.400000 -1.917428
v -7.763508 -35.400000 -3.738708
v -6.736920 -35.400000 -5.372514
v -5.372514 -35.400000 -6.736920
v -3.738708 -35.400000 -7.763508
v -1.917428 -35.400000 -8.400802
v -0.000000 -35.400000 -8.616844
v 1.917428 -35.400000 -8.400802
v 3.738708 -35.400000 -7.763508
v 5.372514 -35.400000 -6.736920
v 6.736920 -35.400000 -5.372514
v 7.763508 -35.400000 -3.738708
v 8.400802 -35.400000 -1.917428
v 8.616844 -35.400000 -0.000000
v 8.400802 -35.400000 1.917428
v 7.763508 -35.400000 3.738708
v 6.736920 -35.400000 5.372514
v 5.372514 -35.400000 6.736920
v 3.738708 -35.400000 7.763508
v 1.917428 -35.400000 8.400802
v 0.000000 -35.400000 0.000000
v 0.000000 0.000000 48.900000
v -1.580230 0.000000 48.767650
v -1.540611 -0.351634 48.767650
v -1.423738 -0.685636 48.767650
v -1.235474 -0.985257 48.767650
v -0.985257 -1.235474 48.767650
v -0.685636 -1.423738 48.767650
v -0.351634 -1.540611 48.767650
v -0.000000 -1.580230 48.767650
v 0.351634 -1.540611 48.767650
v 0.685636 -1.423738 48.767650
v 0.985257 -1.235474 48.767650
v 1.235474 -0.985257 48.767650
v 1.423738 -0.685636 48.767650
v 1.540611 -0.351634 48.767650
v 1.580230 -0.000000 48.767650
v 1.540611 0.351634 48.767650
v 1.423738 0.685636 48.767650
v 1.235474 0.985257 48.767650
v 0.985257 1.235474 48.767650
v 0.685636 1.423738 48.767650
v 0.351634 1.540611 48.767650
v 0.000000 1.580230 48.767650
v -0.351634 1.540611 48.767650
v -0.685636 1.423738 48.767650
v -0.985257 1.235474 48.767650
v -1.235474 0.985257 48.767650
v -1.423738 0.685636 48.767650
v -1.540611 0.351634 48.767650
v -3.116431 0.000000 48.374289
v -3.038295 -0.693471 48.374289
v -2.807807 -1.352169 48.374289
v -2.436523 -1.943063 48.374289
v -1.943063 -2.436523 48.374289
v -1.352169 -2.807807 48.374289
v -0.693471 -3.038295 48.374289
v -0.000000 -3.116431 48.374289
v 0.693471 -3.038295 48.374289
v 1.352169 -2.807807 48.374289
v 1.943063 -2.436523 48.374289
v 2.436523 -1.943063 48.374289
v 2.807807 -1.352169 48.374289
v 3.038295 -0.693471 48.374289
v 3.116431 -0.000000 48.374289
v 3.038295 0.693471 48.374289
v 2.807807 1.352169 48.374289
v 2.436523 1.943063 48.374289
v 1.943063 2.436523 48.374289
v 1.352169 2.807807 48.374289
v 0.693471 3.038295 48.374289
v 0.000000 3.116431 48.374289
v -0.693471 3.038295 48.374289
v -1.352169 2.807807 48.374289
v -1.943063 2.436523 48.374289
v -2.436523 1.943063 48.374289
v -2.807807 1.352169 48.374289
v -3.038295 0.693471 48.374289
v -4.565797 0.000000 47.730876
v -4.451323 -1.015985 47.730876
v -4.113641 -1.981025 47.730876
v -3.569684 -2.846728 47.730876
v -2.846728 -3.569684 47.730876
v -1.981025 -4.113641 47.730876
v -1.015985 -4.451323 47.730876
v -0.000000 -4.565797 47.730876
v 1.015985 -4.451323 47.730876
v 1.981025 -4.113641 47.730876
v 2.846728 -3.569684 47.730876
v 3.569684 -2.846728 47.730876
v 4.113641 -1.981025 47.730876
v 4.451323 -1.015985 47.730876
v 4.565797 -0.000000 47.730876
v 4.451323 1.015985 47.730876
v 4.113641 1.981025 47.730876
v 3.569684 2.846728 47.730876
v 2.846728 3.569684 47.730876
v 1.981025 4.113641 47.730876
v 1.015985 4.451323 47.730876
v 0.000000 4.565797 47.730876
v -1.015985 4.451323 47.730876
v -1.981025 4.113641 47.730876
v -2.846728 3.569684 47.730876
v -3.569684 2.846728 47.730876
v -4.113641 1.981025 47.730876
v -4.451323 1.015985 47.730876
v -5.887947 0.000000 46.855339
v -5.740324 -1.310191 46.855339
v -5.304857 -2.554684 46.855339
v -4.603382 -3.671075 46.855339
v -3.671075 -4.603382 46.855339
v -2.554684 -5.304857 46.855339
v -1.310191 -5.740324 46.855339
v -0.000000 -5.887947 46.855339
v 1.310191 -5.740324 46.855339
v 2.554684 -5.304857 46.855339
v 3.671075 -4.603382 46.855339
v 4.603382 -3.671075 46.855339
v 5.304857 -2.554684 46.855339
v 5.740324 -1.310191 46.855339
v 5.887947 -0.000000 46.855339
v 5.740324 1.310191 46.855339
v 5.304857 2.554684 46.855339
v 4.603382 3.671075 46.855339
v 3.671075 4.603382 46.855339
v 2.554684 5.304857 46.855339
v 1.310191 5.740324 46.855339
v 0.000000 5.887947 46.855339
v -1.310191 5.740324 46.855339
v -2.554684 5.304857 46.855339
v -3.671075 4.603382 46.855339
v -4.603382 3.671075 46.855339
v -5.304857 2.554684 46.855339
v -5.740324 1.310191 46.855339
v -7.046040 0.000000 45.772073
v -6.869381 -1.567891 45.772073
v -6.348263 -3.057162 45.772073
v -5.508816 -4.393134 45.772073
v -4.393134 -5.508816 45.772073
v -3.057162 -6.348263 45.772073
v -1.567891 -6.869381 45.772073
v -0.000000 -7.046040 45.772073
v 1.567891 -6.869381 45.772073
v 3.057162 -6.348263 45.772073
v 4.393134 -5.508816 45.772073
v 5.508816 -4.393134 45.772073
v 6.348263 -3.057162 45.772073
v 6.869381 -1.567891 45.772073
v 7.046040 -0.000000 45.772073
v 6.869381 1.567891 45.772073
v 6.348263 3.057162 45.772073
v 5.508816 4.393134 45.772073
v 4.393134 5.508816 45.772073
v 3.057162 6.348263 45.772073
v 1.567891 6.869381 45.772073
v 0.000000 7.046040 45.772073
v -1.567891 6.869381 45.772073
v -3.057162 6.348263 45.772073
v -4.393134 5.508816 45.772073
v -5.508816 4.393134 45.772073
v -6.348263 3.057162 45.772073
v -6.869381 1.567891 45.772073
v -8.007809 0.000000 44.511262
v -7.807036 -1.781905 44.511262
v -7.214786 -3.474458 44.511262
v -6.260757 -4.992787 44.511262
v -4.992787 -6.260757 44.511262
v -3.474458 -7.214786 44.511262
v -1.781905 -7.807036 44.511262
v -0.000000 -8.007809 44.511262
v 1.781905 -7.807036 44.511262
v 3.474458 -7.214786 44.511262
v 4.992787 -6.260757 44.511262
v 6.260757 -4.992787 44.511262
v 7.214786 -3.474458 44.511262
v 7.807036 -1.781905 44.511262
v 8.007809 -0.000000 44.511262
v 7.807036 1.781905 44.511262
v 7.214786 3.474458 44.511262
v 6.260757 4.992787 44.511262
v 4.992787 6.260757 44.511262
v 3.474458 7.214786 44.511262
v 1.781905 7.807036 44.511262
v 0.000000 8.007809 44.511262
v -1.781905 7.807036 44.511262
v -3.474458 7.214786 44.511262
v -4.992787 6.260757 44.511262
v -6.260757 4.992787 44.511262
v -7.214786 3.474458 44.511262
v -7.807036 1.781905 44.511262
v -8.746455 0.000000 43.108035
v -8.527163 -1.946269 43.108035
v -7.880284 -3.794945 43.108035
v -6.838254 -5.453326 43.108035
v -5.453326 -6.838254 43.108035
v -3.794945 -7.880284 43.108035
v -1.946269 -8.527163 43.108035
v -0.000000 -8.746455 43.108035
v 1.946269 -8.527163 43.108035
v 3.794945 -7.880284 43.108035
v 5.453326 -6.838254 43.108035
v 6.838254 -5.453326 43.108035
v 7.880284 -3.794945 43.108035
v 8.527163 -1.946269 43.108035
v 8.746455 -0.000000 43.108035
v 8.527163 1.946269 43.108035
v 7.880284 3.794945 43.108035
v 6.838254 5.453326 43.108035
v 5.453326 6.838254 43.108035
v 3.794945 7.880284 43.108035
v 1.946269 8.527163 43.108035
v 0.000000 8.746455 43.108035
v -1.946269 8.527163 43.108035
v -3.794945 7.880284 43.108035
v -5.453326 6.838254 43.108035
v -6.838254 5.453326 43.108035
v -7.880284 3.794945 43.108035
v -8.527163 1.946269 43.108035
v -9.241398 0.000000 41.601491
v -9.009697 -2.056405 41.601491
v -8.326212 -4.009692 41.601491
v -7.225216 -5.761917 41.601491
v -5.761917 -7.225216 41.601491
v -4.009692 -8.326212 41.601491
v -2.056405 -9.009697 41.601491
v -0.000000 -9.241398 41.601491
v 2.056405 -9.009697 41.601491
v 4.009692 -8.326212 41.601491
v 5.761917 -7.225216 41.601491
v 7.225216 -5.761917 41.601491
v 8.326212 -4.009692 41.601491
v 9.009697 -2.056405 41.601491
v 9.241398 -0.000000 41.601491
v 9.009697 2.056405 41.601491
v 8.326212 4.009692 41.601491
v 7.225216 5.761917 41.601491
v 5.761917 7.225216 41.601491
v 4.009692 8.326212 41.601491
v 2.056405 9.009697 41.601491
v 0.000000 9.241398 41.601491
v -2.056405 9.009697 41.601491
v -4.009692 8.326212 41.601491
v -5.761917 7.225216 41.601491
v -7.225216 5.761917 41.601491
v -8.326212 4.009692 41.601491
v -9.009697 2.056405 41.601491
v -9.478847 0.000000 40.033606
v -9.241193 -2.109242 40.033606
v -8.540146 -4.112718 40.033606
v -7.410861 -5.909965 40.033606
v -5.909965 -7.410861 40.033606
v -4.112718 -8.540146 40.033606
v -2.109242 -9.241193 40.033606
v -0.000000 -9.478847 40.033606
v 2.109242 -9.241193 40.033606
v 4.112718 -8.540146 40.033606
v 5.909965 -7.410861 40.033606
v 7.410861 -5.909965 40.033606
v 8.540146 -4.112718 40.033606
v 9.241193 -2.109242 40.033606
v 9.478847 -0.000000 40.033606
v 9.241193 2.109242 40.033606
v 8.540146 4.112718 40.033606
v 7.410861 5.909965 40.033606
v 5.909965 7.410861 40.033606
v 4.112718 8.540146 40.033606
v 2.109242 9.241193 40.033606
v 0.000000 9.478847 40.033606
v -2.109242 9.241193 40.033606
v -4.112718 8.540146 40.033606
v -5.909965 7.410861 40.033606
v -7.410861 5.909965 40.033606
v -8.540146 4.112718 40.033606
v -9.241193 2.109242 40.033606
v -9.452186 0.000000 38.448067
v -9.215200 -2.103309 38.448067
v -8.516126 -4.101150 38.448067
v -7.390017 -5.893342 38.448067
v -5.893342 -7.390017 38.448067
v -4.101150 -8.516126 38.448067
v -2.103309 -9.215200 38.448067
v -0.000000 -9.452186 38.448067
v 2.103309 -9.215200 38.448067
v 4.101150 -8.516126 38.448067
v 5.893342 -7.390017 38.448067
v 7.390017 -5.893342 38.448067
v 8.516126 -4.101150 38.448067
v 9.215200 -2.103309 38.448067
v 9.452186 -0.000000 38.448067
v 9.215200 2.103309 38.448067
v 8.516126 4.101150 38.448067
v 7.390017 5.893342 38.448067
v 5.893342 7.390017 38.448067
v 4.101150 8.516126 38.448067
v 2.103309 9.215200 38.448067
v 0.000000 9.452186 38.448067
v -2.103309 9.215200 38.448067
v -4.101150 8.516126 38.448067
v -5.893342 7.390017 38.448067
v -7.390017 5.893342 38.448067
v -8.516126 4.101150 38.448067
v -9.215200 2.103309 38.448067
v -9.162158 0.000000 36.889052
v -8.932444 -2.038772 36.889052
v -8.254819 -3.975311 36.889052
v -7.163264 -5.712512 36.889052
v -5.712512 -7.163264 36.889052
v -3.975311 -8.254819 36.889052
v -2.038772 -8.932444 36.889052
v -0.000000 -9.162158 36.889052
v 2.038772 -8.932444 36.889052
v 3.975311 -8.254819 36.889052
v 5.712512 -7.163264 36.889052
v 7.163264 -5.712512 36.889052
v 8.254819 -3.975311 36.889052
v 8.932444 -2.038772 36.889052
v 9.162158 -0.000000 36.889052
v 8.932444 2.038772 36.889052
v 8.254819 3.975311 36.889052
v 7.163264 5.712512 36.889052
v 5.712512 7.163264 36.889052
v 3.975311 8.254819 36.889052
v 2.038772 8.932444 36.889052
v 0.000000 9.162158 36.889052
v -2.038772 8.932444 36.889052
v -3.975311 8.254819 36.889052
v -5.712512 7.163264 36.889052
v -7.163264 5.712512 36.889052
v -8.254819 3.975311 36.889052
v -8.932444 2.038772 36.889052
v -8.616844 0.000000 35.400000
v -8.400802 -1.917428 35.400000
v -7.763508 -3.738708 35.400000
v -6.736920 -5.372514 35.400000
v -5.372514 -6.736920 35.400000
v -3.738708 -7.763508 35.400000
v -1.917428 -8.400802 35.400000
v -0.000000 -8.616844 35.400000
v 1.917428 -8.400802 35.400000
v 3.738708 -7.763508 35.400000
v 5.372514 -6.736920 35.400000
v 6.736920 -5.372514 35.400000
v 7.763508 -3.738708 35.400000
v 8.400802 -1.917428 35.400000
v 8.616844 -0.000000 35.400000
v 8.400802 1.917428 35.400000
v 7.763508 3.738708 35.400000
v 6.736920 5.372514 35.400000
v 5.372514 6.736920 35.400000
v 3.738708 7.763508 35.400000
v 1.917428 8.400802 35.400000
v 0.000000 8.616844 35.400000
v -1.917428 8.400802 35.400000
v -3.738708 7.763508 35.400000
v -5.372514 6.736920 35.400000
v -6.736920 5.372514 35.400000
v -7.763508 3.738708 35.400000
v -8.400802 1.917428 35.400000
v 0.000000 0.000000 35.400000
v 0.000000 0.000000 -48.900000
v 1.580230 0.000000 -48.767650
v 1.540611 -0.351634 -48.767650
v 1.423738 -0.685636 -48.767650
v 1.235474 -0.985257 -48.767650
v 0.985257 -1.235474 -48.767650
v 0.685636 -1.423738 -48.767650
v 0.351634 -1.540611 -48.767650
v 0.000000 -1.580230 -48.767650
v -0.351634 -1.540611 -48.767650
v -0.685636 -1.423738 -48.767650
v -0.985257 -1.235474 -48.767650
v -1.235474 -0.985257 -48.767650
v -1.423738 -0.685636 -48.767650
v -1.540611 -0.351634 -48.767650
v -1.580230 -0.000000 -48.767650
v -1.540611 0.351634 -48.767650
v -1.423738 0.685636 -48.767650
v -1.235474 0.985257 -48.767650
v -0.985257 1.235474 -48.767650
v -0.685636 1.423738 -48.767650
v -0.351634 1.540611 -48.767650
v -0.000000 1.580230 -48.767650
v 0.351634 1.540611 -48.767650
v 0.685636 1.423738 -48.767650
v 0.985257 1.235474 -48.767650
v 1.235474 0.985257 -48.767650
v 1.423738 0.685636 -48.767650
v 1.540611 0.351634 -48.767650
v 3.116431 0.000000 -48.374289
v 3.038295 -0.693471 -48.374289
v 2.807807 -1.352169 -48.374289
v 2.436523 -1.943063 -48.374289
v 1.943063 -2.436523 -48.374289
v 1.352169 -2.807807 -48.374289
v 0.693471 -3.038295 -48.374289
v 0.000000 -3.116431 -48.374289
v -0.693471 -3.038295 -48.374289
v -1.352169 -2.807807 -48.374289
v -1.943063 -2.436523 -48.374289
v -2.436523 -1.943063 -48.374289
v -2.807807 -1.352169 -48.374289
v -3.038295 -0.693471 -48.374289
v -3.116431 -0.000000 -48.374289
v -3.038295 0.693471 -48.374289
v -2.807807 1.352169 -48.374289
v -2.436523 1.943063 -48.374289
v -1.943063 2.436523 -48.374289
v -1.352169 2.807807 -48.374289
v -0.693471 3.038295 -48.374289
v -0.000000 3.116431 -48.374289
v 0.693471 3.038295 -48.374289
v 1.352169 2.807807 -48.374289
v 1.943063 2.436523 -48.374289
v 2.436523 1.943063 -48.374289
v 2.807807 1.352169 -48.374289
v 3.038295 0.693471 -48.374289
v 4.565797 0.000000 -47.730876
v 4.451323 -1.015985 -47.730876
v 4.113641 -1.981025 -47.730876
v 3.569684 -2.846728 -47.730876
v 2.846728 -3.569684 -47.730876
v 1.981025 -4.113641 -47.730876
v 1.015985 -4.451323 -47.730876
v 0.000000 -4.565797 -47.730876
v -1.015985 -4.451323 -47.730876
v -1.981025 -4.113641 -47.730876
v -2.846728 -3.569684 -47.730876
v -3.569684 -2.846728 -47.730876
v -4.113641 -1.981025 -47.730876
v -4.451323 -1.015985 -47.730876
v -4.565797 -0.000000 -47.730876
v -4.451323 1.015985 -47.730876
v -4.113641 1.981025 -47.730876
v -3.569684 2.846728 -47.730876
v -2.846728 3.569684 -47.730876
v -1.981025 4.113641 -47.730876
v -1.015985 4.451323 -47.730876
v -0.000000 4.565797 -47.730876
v 1.015985 4.451323 -47.730876
v 1.981025 4.113641 -47.730876
v 2.846728 3.569684 -47.730876
v 3.569684 2.846728 -47.730876
v 4.113641 1.981025 -47.730876
v 4.451323 1.015985 -47.730876
v 5.887947 0.000000 -46.855339
v 5.740324 -1.310191 -46.855339
v 5.304857 -2.554684 -46.855339
v 4.603382 -3.671075 -46.855339
v 3.671075 -4.603382 -46.855339
v 2.554684 -5.304857 -46.855339
v 1.310191 -5.740324 -46.855339
v 0.000000 -5.887947 -46.855339
v -1.310191 -5.740324 -46.855339
v -2.554684 -5.304857 -46.855339
v -3.671075 -4.603382 -46.855339
v -4.603382 -3.671075 -46.855339
v -5.304857 -2.554684 -46.855339
v -5.740324 -1.310191 -46.855339
v -5.887947 -0.000000 -46.855339
v -5.740324 1.310191 -46.855339
v -5.304857 2.554684 -46.855339
v -4.603382 3.671075 -46.855339
v -3.671075 4.603382 -46.855339
v -2.554684 5.304857 -46.855339
v -1.310191 5.740324 -46.855339
v -0.000000 5.887947 -46.855339
v 1.310191 5.740324 -46.855339
v 2.554684 5.304857 -46.855339
v 3.671075 4.603382 -46.855339
v 4.603382 3.671075 -46.855339
v 5.304857 2.554684 -46.855339
v 5.740324 1.310191 -46.855339
v 7.046040 0.000000 -45.772073
v 6.869381 -1.567891 -45.772073
v 6.348263 -3.057162 -45.772073
v 5.508816 -4.393134 -45.772073
v 4.393134 -5.508816 -45.772073
v 3.057162 -6.348263 -45.772073
v 1.567891 -6.869381 -45.772073
v 0.000000 -7.046040 -45.772073
v -1.567891 -6.869381 -45.772073
v -3.057162 -6.348263 -45.772073
v -4.393134 -5.508816 -45.772073
v -5.508816 -4.393134 -45.772073
v -6.348263 -3.057162 -45.772073
v -6.869381 -1.567891 -45.772073
v -7.046040 -0.000000 -45.772073
v -6.869381 1.567891 -45.772073
v -6.348263 3.057162 -45.772073
v -5.508816 4.393134 -45.772073
v -4.393134 5.508816 -45.772073
v -3.057162 6.348263 -45.772073
v -1.567891 6.869381 -45.772073
v -0.000000 7.046040 -45.772073
v 1.567891 6.869381 -45.772073
v 3.057162 6.348263 -45.772073
v 4.393134 5.508816 -45.772073
v 5.508816 4.393134 -45.772073
v 6.348263 3.057162 -45.772073
v 6.869381 1.567891 -45.772073
v 8.007809 0.000000 -44.511262
v 7.807036 -1.781905 -44.511262
v 7.214786 -3.474458 -44.511262
v 6.260757 -4.992787 -44.511262
v 4.992787 -6.260757 -44.511262
v 3.474458 -7.214786 -44.511262
v 1.781905 -7.807036 -44.511262
v 0.000000 -8.007809 -44.511262
v -1.781905 -7.807036 -44.511262
v -3.474458 -7.214786 -44.511262
v -4.992787 -6.260757 -44.511262
v -6.260757 -4.992787 -44.511262
v -7.214786 -3.474458 -44.511262
v -7.807036 -1.781905 -44.511262
v -8.007809 -0.000000 -44.511262
v -7.807036 1.781905 -44.511262
v -7.214786 3.474458 -44.511262
v -6.260757 4.992787 -44.511262
v -4.992787 6.260757 -44.511262
v -3.474458 7.214786 -44.511262
v -1.781905 7.807036 -44.511262
v -0.000000 8.007809 -44.511262
v 1.781905 7.807036 -44.511262
v 3.474458 7.214786 -44.511262
v 4.992787 6.260757 -44.511262
v 6.260757 4.992787 -44.511262
v 7.214786 3.474458 -44.511262
v 7.807036 1.781905 -44.511262
v 8.746455 0.000000 -43.108035
v 8.527163 -1.946269 -43.108035
v 7.880284 -3.794945 -43.108035
v 6.838254 -5.453326 -43.108035
v 5.453326 -6.838254 -43.108035
v 3.794945 -7.880284 -43.108035
v 1.946269 -8.527163 -43.108035
v 0.000000 -8.746455 -43.108035
v -1.946269 -8.527163 -43.108035
v -3.794945 -7.880284 -43.108035
v -5.453326 -6.838254 -43.108035
v -6.838254 -5.453326 -43.108035
v -7.880284 -3.794945 -43.108035
v -8.527163 -1.946269 -43.108035
v -8.746455 -0.000000 -43.108035
v -8.527163 1.946269 -43.108035
v -7.880284 3.794945 -43.108035
v -6.838254 5.453326 -43.108035
v -5.453326 6.838254 -43.108035
v -3.794945 7.880284 -43.108035
v -1.946269 8.527163 -43.108035
v -0.000000 8.746455 -43.108035
v 1.946269 8.527163 -43.108035
v 3.794945 7.880284 -43.108035
v 5.453326 6.838254 -43.108035
v 6.838254 5.453326 -43.108035
v 7.880284 3.794945 -43.108035
v 8.527163 1.946269 -43.108035
v 9.241398 0.000000 -41.601491
v 9.009697 -2.056405 -41.601491
v 8.326212 -4.009692 -41.601491
v 7.225216 -5.761917 -41.601491
v 5.761917 -7.225216 -41.601491
v 4.009692 -8.326212 -41.601491
v 2.056405 -9.009697 -41.601491
v 0.000000 -9.241398 -41.601491
v -2.056405 -9.009697 -41.601491
v -4.009692 -8.326212 -41.601491
v -5.761917 -7.225216 -41.601491
v -7.225216 -5.761917 -41.601491
v -8.326212 -4.009692 -41.601491
v -9.009697 -2.056405 -41.601491
v -9.241398 -0.000000 -41.601491
v -9.009697 2.056405 -41.601491
v -8.326212 4.009692 -41.601491
v -7.225216 5.761917 -41.601491
v -5.761917 7.225216 -41.601491
v -4.009692 8.326212 -41.601491
v -2.056405 9.009697 -41.601491
v -0.000000 9.241398 -41.601491
v 2.056405 9.009697 -41.601491
v 4.009692 8.326212 -41.601491
v 5.761917 7.225216 -41.601491
v 7.225216 5.761917 -41.601491
v 8.326212 4.009692 -41.601491
v 9.009697 2.056405 -41.601491
v 9.478847 0.000000 -40.033606
v 9.241193 -2.109242 -40.033606
v 8.540146 -4.112718 -40.033606
v 7.410861 -5.909965 -40.033606
v 5.909965 -7.410861 -40.033606
v 4.112718 -8.540146 -40.033606
v 2.109242 -9.241193 -40.033606
v 0.000000 -9.478847 -40.033606
v -2.109242 -9.241193 -40.033606
v -4.112718 -8.540146 -40.033606
v -5.909965 -7.410861 -40.033606
v -7.410861 -5.909965 -40.033606
v -8.540146 -4.112718 -40.033606
v -9.241193 -2.109242 -40.033606
v -9.478847 -0.000000 -40.033606
v -9.241193 2.109242 -40.033606
v -8.540146 4.112718 -40.033606
v -7.410861 5.909965 -40.033606
v -5.909965 7.410861 -40.033606
v -4.112718 8.540146 -40.033606
v -2.109242 9.241193 -40.033606
v -0.000000 9.478847 -40.033606
v 2.109242 9.241193 -40.033606
v 4.112718 8.540146 -40.033606
v 5.909965 7.410861 -40.033606
v 7.410861 5.909965 -40.033606
v 8.540146 4.112718 -40.033606
v 9.241193 2.109242 -40.033606
v 9.452186 0.000000 -38.448067
v 9.215200 -2.103309 -38.448067
v 8.516126 -4.101150 -38.448067
v 7.390017 -5.893342 -38.448067
v 5.893342 -7.390017 -38.448067
v 4.101150 -8.516126 -38.448067
v 2.103309 -9.215200 -38.448067
v 0.000000 -9.452186 -38.448067
v -2.103309 -9.215200 -38.448067
v -4.101150 -8.516126 -38.448067
v -5.893342 -7.390017 -38.448067
v -7.390017 -5.893342 -38.448067
v -8.516126 -4.101150 -38.448067
v -9.215200 -2.103309 -38.448067
v -9.452186 -0.000000 -38.448067
v -9.215200 2.103309 -38.448067
v -8.516126 4.101150 -38.448067
v -7.390017 5.893342 -38.448067
v -5.893342 7.390017 -38.448067
v -4.101150 8.516126 -38.448067
v -2.103309 9.215200 -38.448067
v -0.000000 9.452186 -38.448067
v 2.103309 9.215200 -38.448067
v 4.101150 8.516126 -38.448067
v 5.893342 7.390017 -38.448067
v 7.390017 5.893342 -38.448067
v 8.516126 4.101150 -38.448067
v 9.215200 2.103309 -38.448067
v 9.162158 0.000000 -36.889052
v 8.932444 -2.038772 -36.889052
v 8.254819 -3.975311 -36.889052
v 7.163264 -5.712512 -36.889052
v 5.712512 -7.163264 -36.889052
v 3.975311 -8.254819 -36.889052
v 2.038772 -8.932444 -36.889052
v 0.000000 -9.162158 -36.889052
v -2.038772 -8.932444 -36.889052
v -3.975311 -8.254819 -36.889052
v -5.712512 -7.163264 -36.889052
v -7.163264 -5.712512 -36.889052
v -8.254819 -3.975311 -36.889052
v -8.932444 -2.038772 -36.889052
v -9.162158 -0.000000 -36.889052
v -8.932444 2.038772 -36.889052
v -8.254819 3.975311 -36.889052
v -7.163264 5.712512 -36.889052
v -5.712512 7.163264 -36.889052
v -3.975311 8.254819 -36.889052
v -2.038772 8.932444 -36.889052
v -0.000000 9.162158 -36.889052
v 2.038772 8.932444 -36.889052
v 3.975311 8.254819 -36.889052
v 5.712512 7.163264 -36.889052
v 7.163264 5.712512 -36.889052
v 8.254819 3.975311 -36.889052
v 8.932444 2.038772 -36.889052
v 8.616844 0.000000 -35.400000
v 8.400802 -1.917428 -35.400000
v 7.763508 -3.738708 -35.400000
v 6.736920 -5.372514 -35.400000
v 5.372514 -6.736920 -35.400000
v 3.738708 -7.763508 -35.400000
v 1.917428 -8.400802 -35.400000
v 0.000000 -8.616844 -35.400000
v -1.917428 -8.400802 -35.400000
v -3.738708 -7.763508 -35.400000
v -5.372514 -6.736920 -35.400000
v -6.736920 -5.372514 -35.400000
v -7.763508 -3.738708 -35.400000
v -8.400802 -1.917428 -35.400000
v -8.616844 -0.000000 -35.400000
v -8.400802 1.917428 -35.400000
v -7.763508 3.738708 -35.400000
v -6.736920 5.372514 -35.400000
v -5.372514 6.736920 -35.400000
v -3.738708 7.763508 -35.400000
v -1.917428 8.400802 -35.400000
v -0.000000 8.616844 -35.400000
v 1.917428 8.400802 -35.400000
v 3.738708 7.763508 -35.400000
v 5.372514 6.736920 -35.400000
v 6.736920 5.372514 -35.400000
v 7.763508 3.738708 -35.400000
v 8.400802 1.917428 -35.400000
v 0.000000 0.000000 -35.400000
s off
f 1 12 2
f 2 12 13
f 2 13 3
f 3 13 14
f 3 14 4
f 4 14 15
f 4 15 5
f 5 15 16
f 5 16 6
f 6 16 17
f 6 17 7
f 7 17 18
f 7 18 8
f 8 18 19
f 8 19 9
f 9 19 20
f 9 20 10
f 10 20 21
f 10 21 11
f 11 21 22
f 12 23 13
f 13 23 24
f 13 24 14
f 14 24 25
f 14 25 15
f 15 25 26
f 15 26 16
f 16 26 27
f 16 27 17
f 17 27 28
f 17 28 18
f 18 28 29
f 18 29 19
f 19 29 30
f 19 30 20
f 20 30 31
f 20 31 21
f 21 31 32
f 21 32 22
f 22 32 33
f 23 34 24
f 24 34 35
f 24 35 25
f 25 35 36
f 25 36 26
f 26 36 37
f 26 37 27
f 27 37 38
f 27 38 28
f 28 38 39
f 28 39 29
f 29 39 40
f 29 40 30
f 30 40 41
f 30 41 31
f 31 41 42
f 31 42 32
f 32 42 43
f 32 43 33
f 33 43 44
f 34 45 35
f 35 45 46
f 35 46 36
f 36 46 47
f 36 47 37
f 37 47 48
f 37 48 38
f 38 48 49
f 38 49 39
f 39 49 50
f 39 50 40
f 40 50 51
f 40 51 41
f 41 51 52
f 41 52 42
f 42 52 53
f 42 53 43
f 43 53 54
f 43 54 44
f 44 54 55
f 45 56 46
f 46 56 57
f 46 57 47
f 47 57 58
f 47 58 48
f 48 58 59
f 48 59 49
f 49 59 60
f 49 60 50
f 50 60 61
f 50 61 51
f 51 61 62
f 51 62 52
f 52 62 63
f 52 63 53
f 53 63 64
f 53 64 54
f 54 64 65
f 54 65 55
f 55 65 66
f 56 67 57
f 57 67 68
f 57 68 58
f 58 68 69
f 58 69 59
f 59 69 70
f 59 70 60
f 60 70 71
f 60 71 61
f 61 71 72
f 61 72 62
f 62 72 73
f 62 73 63
f 63 73 74
f 63 74 64
f 64 74 75
f 64 75 65
f 65 75 76
f 65 76 66
f 66 76 77
f 67 78 68
f 68 78 79
f 68 79 69
f 69 79 80
f 69 80 70
f 70 80 81
f 70 81 71
f 71 81 82
f 71 82 72
f 72 82 83
f 72 83 73
f 73 83 84
f 73 84 74
f 74 84 85
f 74 85 75
f 75 85 86
f 75 86 76
f 76 86 87
f 76 87 77
f 77 87 88
f 78 89 79
f 79 89 90
f 79 90 80
f 80 90 91
f 80 91 81
f 81 91 92
f 81 92 82
f 82 92 93
f 82 93 83
f 83 93 94
f 83 94 84
f 84 94 95
f 84 95 85
f 85 95 96
f 85 96 86
f 86 96 97
f 86 97 87
f 87 97 98
f 87 98 88
f 88 98 99
f 89 100 90
f 90 100 101
f 90 101 91
f 91 101 102
f 91 102 92
f 92 102 103
f 92 103 93
f 93 103 104
f 93 104 94
f 94 104 105
f 94 105 95
f 95 105 106
f 95 106 96
f 96 106 107
f 96 107 97
f 97 107 108
f 97 108 98
f 98 108 109
f 98 109 99
f 99 109 110
f 100 111 101
f 101 111 112
f 101 112 102
f 102 112 113
f 102 113 103
f 103 113 114
f 103 114 104
f 104 114 115
f 104 115 105
f 105 115 116
f 105 116 106
f 106 116 117
f 106 117 107
f 107 117 118
f 107 118 108
f 108 118 119
f 108 119 109
f 109 119 120
f 109 120 110
f 110 120 121
f 122 133 123
f 123 133 134
f 123 134 124
f 124 134 135
f 124 135 125
f 125 135 136
f 125 136 126
f 126 136 137
f 126 137 127
f 127 137 138
f 127 138 128
f 128 138 139
f 128 139 129
f 129 139 140
f 129 140 130
f 130 140 141
f 130 141 131
f 131 141 142
f 131 142 132
f 132 142 143
f 133 144 134
f 134 144 145
f 134 145 135
f 135 145 146
f 135 146 136
f 136 146 147
f 136 147 137
f 137 147 148
f 137 148 138
f 138 148 149
f 138 149 139
f 139 149 150
f 139 150 140
f 140 150 151
f 140 151 141
f 141 151 152
f 141 152 142
f 142 152 153
f 142 153 143
f 143 153 154
f 144 155 145
f 145 155 156
f 145 156 146
f 146 156 157
f 146 157 147
f 147 157 158
f 147 158 148
f 148 158 159
f 148 159 149
f 149 159 160
f 149 160 150
f 150 160 161
f 150 161 151
f 151 161 162
f 151 162 152
f 152 162 163
f 152 163 153
f 153 163 164
f 153 164 154
f 154 164 165
f 155 166 156
f 156 166 167
f 156 167 157
f 157 167 168
f 157 168 158
f 158 168 169
f 158 169 159
f 159 169 170
f 159 170 160
f 160 170 171
f 160 171 161
f 161 171 172
f 161 172 162
f 162 172 173
f 162 173 163
f 163 173 174
f 163 174 164
f 164 174 175
f 164 175 165
f 165 175 176
f 166 177 167
f 167 177 178
f 167 178 168
f 168 178 179
f 168 179 169
f 169 179 180
f 169 180 170
f 170 180 181
f 170 181 171
f 171 181 182
f 171 182 172
f 172 182 183
f 172 183 173
f 173 183 184
f 173 184 174
f 174 184 185
f 174 185 175
f 175 185 186
f 175 186 176
f 176 186 187
f 177 188 178
f 178 188 189
f 178 189 179
f 179 189 190
f 179 190 180
f 180 190 191
f 180 191 181
f 181 191 192
f 181 192 182
f 182 192 193
f 182 193 183
f 183 193 194
f 183 194 184
f 184 194 195
f 184 195 185
f 185 195 196
f 185 196 186
f 186 196 197
f 186 197 187
f 187 197 198
f 188 199 189
f 189 199 200
f 189 200 190
f 190 200 201
f 190 201 191
f 191 201 202
f 191 202 192
f 192 202 203
f 192 203 193
f 193 203 204
f 193 204 194
f 194 204 205
f 194 205 195
f 195 205 206
f 195 206 196
f 196 206 207
f 196 207 197
f 197 207 208
f 197 208 198
f 198 208 209
f 199 210 200
f 200 210 211
f 200 211 201
f 201 211 212
f 201 212 202
f 202 212 213
f 202 213 203
f 203 213 214
f 203 214 204
f 204 214 215
f 204 215 205
f 205 215 216
f 205 216 206
f 206 216 217
f 206 217 207
f 207 217 218
f 207 218 208
f 208 218 219
f 208 219 209
f 209 219 220
f 210 221 211
f 211 221 222
f 211 222 212
f 212 222 223
f 212 223 213
f 213 223 224
f 213 224 214
f 214 224 225
f 214 225 215
f 215 225 226
f 215 226 216
f 216 226 227
f 216 227 217
f 217 227 228
f 217 228 218
f 218 228 229
f 218 229 219
f 219 229 230
f 219 230 220
f 220 230 231
f 221 232 222
f 222 232 233
f 222 233 223
f 223 233 234
f 223 234 224
f 224 234 235
f 224 235 225
f 225 235 236
f 225 236 226
f 226 236 237
f 226 237 227
f 227 237 238
f 227 238 228
f 228 238 239
f 228 239 229
f 229 239 240
f 229 240 230
f 230 240 241
f 230 241 231
f 231 241 242
f 243 254 244
f 244 254 255
f 244 255 245
f 245 255 256
f 245 256 246
f 246 256 257
f 246 257 247
f 247 257 258
f 247 258 248
f 248 258 259
f 248 259 249
f 249 259 260
f 249 260 250
f 250 260 261
f 250 261 251
f 251 261 262
f 251 262 252
f 252 262 263
f 252 263 253
f 253 263 264
f 254 265 255
f 255 265 266
f 255 266 256
f 256 266 267
f 256 267 257
f 257 267 268
f 257 268 258
f 258 268 269
f 258 269 259
f 259 269 270
f 259 270 260
f 260 270 271
f 260 271 261
f 261 271 272
f 261 272 262
f 262 272 273
f 262 273 263
f 263 273 274
f 263 274 264
f 264 274 275
f 265 276 266
f 266 276 277
f 266 277 267
f 267 277 278
f 267 278 268
f 268 278 279
f 268 279 269
f 269 279 280
f 269 280 270
f 270 280 281
f 270 281 271
f 271 281 282
f 271 282 272
f 272 282 283
f 272 283 273
f 273 283 284
f 273 284 274
f 274 284 285
f 274 285 275
f 275 285 286
f 276 287 277
f 277 287 288
f 277 288 278
f 278 288 289
f 278 289 279
f 279 289 290
f 279 290 280
f 280 290 291
f 280 291 281
f 281 291 292
f 281 292 282
f 282 292 293
f 282 293 283
f 283 293 294
f 283 294 284
f 284 294 295
f 284 295 285
f 285 295 296
f 285 296 286
f 286 296 297
f 287 298 288
f 288 298 299
f 288 299 289
f 289 299 300
f 289 300 290
f 290 300 301
f 290 301 291
f 291 301 302
f 291 302 292
f 292 302 303
f 292 303 293
f 293 303 304
f 293 304 294
f 294 304 305
f 294 305 295
f 295 305 306
f 295 306 296
f 296 306 307
f 296 307 297
f 297 307 308
f 298 309 299
f 299 309 310
f 299 310 300
f 300 310 311
f 300 311 301
f 301 311 312
f 301 312 302
f 302 312 313
f 302 313 303
f 303 313 314
f 303 314 304
f 304 314 315
f 304 315 305
f 305 315 316
f 305 316 306
f 306 316 317
f 306 317 307
f 307 317 318
f 307 318 308
f 308 318 319
f 309 320 310
f 310 320 321
f 310 321 311
f 311 321 322
f 311 322 312
f 312 322 323
f 312 323 313
f 313 323 324
f 313 324 314
f 314 324 325
f 314 325 315
f 315 325 326
f 315 326 316
f 316 326 327
f 316 327 317
f 317 327 328
f 317 328 318
f 318 328 329
f 318 329 319
f 319 329 330
f 320 331 321
f 321 331 332
f 321 332 322
f 322 332 333
f 322 333 323
f 323 333 334
f 323 334 324
f 324 334 335
f 324 335 325
f 325 335 336
f 325 336 326
f 326 336 337
f 326 337 327
f 327 337 338
f 327 338 328
f 328 338 339
f 328 339 329
f 329 339 340
f 329 340 330
f 330 340 341
f 331 342 332
f 332 342 343
f 332 343 333
f 333 343 344
f 333 344 334
f 334 344 345
f 334 345 335
f 335 345 346
f 335 346 336
f 336 346 347
f 336 347 337
f 337 347 348
f 337 348 338
f 338 348 349
f 338 349 339
f 339 349 350
f 339 350 340
f 340 350 351
f 340 351 341
f 341 351 352
f 342 353 343
f 343 353 354
f 343 354 344
f 344 354 355
f 344 355 345
f 345 355 356
f 345 356 346
f 346 356 357
f 346 357 347
f 347 357 358
f 347 358 348
f 348 358 359
f 348 359 349
f 349 359 360
f 349 360 350
f 350 360 361
f 350 361 351
f 351 361 362
f 351 362 352
f 352 362 363
f 364 375 365
f 365 375 376
f 365 376 366
f 366 376 377
f 366 377 367
f 367 377 378
f 367 378 368
f 368 378 379
f 368 379 369
f 369 379 380
f 369 380 370
f 370 380 381
f 370 381 371
f 371 381 382
f 371 382 372
f 372 382 383
f 372 383 373
f 373 383 384
f 373 384 374
f 374 384 385
f 375 386 376
f 376 386 387
f 376 387 377
f 377 387 388
f 377 388 378
f 378 388 389
f 378 389 379
f 379 389 390
f 379 390 380
f 380 390 391
f 380 391 381
f 381 391 392
f 381 392 382
f 382 392 393
f 382 393 383
f 383 393 394
f 383 394 384
f 384 394 395
f 384 395 385
f 385 395 396
f 386 397 387
f 387 397 398
f 387 398 388
f 388 398 399
f 388 399 389
f 389 399 400
f 389 400 390
f 390 400 401
f 390 401 391
f 391 401 402
f 391 402 392
f 392 402 403
f 392 403 393
f 393 403 404
f 393 404 394
f 394 404 405
f 394 405 395
f 395 405 406
f 395 406 396
f 396 406 407
f 397 408 398
f 398 408 409
f 398 409 399
f 399 409 410
f 399 410 400
f 400 410 411
f 400 411 401
f 401 411 412
f 401 412 402
f 402 412 413
f 402 413 403
f 403 413 414
f 403 414 404
f 404 414 415
f 404 415 405
f 405 415 416
f 405 416 406
f 406 416 417
f 406 417 407
f 407 417 418
f 408 419 409
f 409 419 420
f 409 420 410
f 410 420 421
f 410 421 411
f 411 421 422
f 411 422 412
f 412 422 423
f 412 423 413
f 413 423 424
f 413 424 414
f 414 424 425
f 414 425 415
f 415 425 426
f 415 426 416
f 416 426 427
f 416 427 417
f 417 427 428
f 417 428 418
f 418 428 429
f 419 430 420
f 420 430 431
f 420 431 421
f 421 431 432
f 421 432 422
f 422 432 433
f 422 433 423
f 423 433 434
f 423 434 424
f 424 434 435
f 424 435 425
f 425 435 436
f 425 436 426
f 426 436 437
f 426 437 427
f 427 437 438
f 427 438 428
f 428 438 439
f 428 439 429
f 429 439 440
f 430 441 431
f 431 441 442
f 431 442 432
f 432 442 443
f 432 443 433
f 433 443 444
f 433 444 434
f 434 444 445
f 434 445 435
f 435 445 446
f 435 446 436
f 436 446 447
f 436 447 437
f 437 447 448
f 437 448 438
f 438 448 449
f 438 449 439
f 439 449 450
f 439 450 440
f 440 450 451
f 441 452 442
f 442 452 453
f 442 453 443
f 443 453 454
f 443 454 444
f 444 454 455
f 444 455 445
f 445 455 456
f 445 456 446
f 446 456 457
f 446 457 447
f 447 457 458
f 447 458 448
f 448 458 459
f 448 459 449
f 449 459 460
f 449 460 450
f 450 460 461
f 450 461 451
f 451 461 462
f 452 463 453
f 453 463 464
f 453 464 454
f 454 464 465
f 454 465 455
f 455 465 466
f 455 466 456
f 456 466 467
f 456 467 457
f 457 467 468
f 457 468 458
f 458 468 469
f 458 469 459
f 459 469 470
f 459 470 460
f 460 470 471
f 460 471 461
f 461 471 472
f 461 472 462
f 462 472 473
f 463 474 464
f 464 474 475
f 464 475 465
f 465 475 476
f 465 476 466
f 466 476 477
f 466 477 467
f 467 477 478
f 467 478 468
f 468 478 479
f 468 479 469
f 469 479 480
f 469 480 470
f 470 480 481
f 470 481 471
f 471 481 482
f 471 482 472
f 472 482 483
f 472 483 473
f 473 483 484
f 485 496 486
f 486 496 497
f 486 497 487
f 487 497 498
f 487 498 488
f 488 498 499
f 488 499 489
f 489 499 500
f 489 500 490
f 490 500 501
f 490 501 491
f 491 501 502
f 491 502 492
f 492 502 503
f 492 503 493
f 493 503 504
f 493 504 494
f 494 504 505
f 494 505 495
f 495 505 506
f 496 507 497
f 497 507 508
f 497 508 498
f 498 508 509
f 498 509 499
f 499 509 510
f 499 510 500
f 500 510 511
f 500 511 501
f 501 511 512
f 501 512 502
f 502 512 513
f 502 513 503
f 503 513 514
f 503 514 504
f 504 514 515
f 504 515 505
f 505 515 516
f 505 516 506
f 506 516 517
f 507 518 508
f 508 518 519
f 508 519 509
f 509 519 520
f 509 520 510
f 510 520 521
f 510 521 511
f 511 521 522
f 511 522 512
f 512 522 523
f 512 523 513
f 513 523 524
f 513 524 514
f 514 524 525
f 514 525 515
f 515 525 526
f 515 526 516
f 516 526 527
f 516 527 517
f 517 527 528
f 518 529 519
f 519 529 530
f 519 530 520
f 520 530 531
f 520 531 521
f 521 531 532
f 521 532 522
f 522 532 533
f 522 533 523
f 523 533 534
f 523 534 524
f 524 534 535
f 524 535 525
f 525 535 536
f 525 536 526
f 526 536 537
f 526 537 527
f 527 537 538
f 527 538 528
f 528 538 539
f 529 540 530
f 530 540 541
f 530 541 531
f 531 541 542
f 531 542 532
f 532 542 543
f 532 543 533
f 533 543 544
f 533 544 534
f 534 544 545
f 534 545 535
f 535 545 546
f 535 546 536
f 536 546 547
f 536 547 537
f 537 547 548
f 537 548 538
f 538 548 549
f 538 549 539
f 539 549 550
f 540 551 541
f 541 551 552
f 541 552 542
f 542 552 553
f 542 553 543
f 543 553 554
f 543 554 544
f 544 554 555
f 544 555 545
f 545 555 556
f 545 556 546
f 546 556 557
f 546 557 547
f 547 557 558
f 547 558 548
f 548 558 559
f 548 559 549
f 549 559 560
f 549 560 550
f 550 560 561
f 551 562 552
f 552 562 563
f 552 563 553
f 553 563 564
f 553 564 554
f 554 564 565
f 554 565 555
f 555 565 566
f 555 566 556
f 556 566 567
f 556 567 557
f 557 567 568
f 557 568 558
f 558 568 569
f 558 569 559
f 559 569 570
f 559 570 560
f 560 570 571
f 560 571 561
f 561 571 572
f 562 573 563
f 563 573 574
f 563 574 564
f 564 574 575
f 564 575 565
f 565 575 576
f 565 576 566
f 566 576 577
f 566 577 567
f 567 577 578
f 567 578 568
f 568 578 579
f 568 579 569
f 569 579 580
f 569 580 570
f 570 580 581
f 570 581 571
f 571 581 582
f 571 582 572
f 572 582 583
f 573 584 574
f 574 584 585
f 574 585 575
f 575 585 586
f 575 586 576
f 576 586 587
f 576 587 577
f 577 587 588
f 577 588 578
f 578 588 589
f 578 589 579
f 579 589 590
f 579 590 580
f 580 590 591
f 580 591 581
f 581 591 592
f 581 592 582
f 582 592 593
f 582 593 583
f 583 593 594
f 584 595 585
f 585 595 596
f 585 596 586
f 586 596 597
f 586 597 587
f 587 597 598
f 587 598 588
f 588 598 599
f 588 599 589
f 589 599 600
f 589 600 590
f 590 600 601
f 590 601 591
f 591 601 602
f 591 602 592
f 592 602 603
f 592 603 593
f 593 603 604
f 593 604 594
f 594 604 605
f 606 617 607
f 607 617 618
f 607 618 608
f 608 618 619
f 608 619 609
f 609 619 620
f 609 620 610
f 610 620 621
f 610 621 611
f 611 621 622
f 611 622 612
f 612 622 623
f 612 623 613
f 613 623 624
f 613 624 614
f 614 624 625
f 614 625 615
f 615 625 626
f 615 626 616
f 616 626 627
f 617 628 618
f 618 628 629
f 618 629 619
f 619 629 630
f 619 630 620
f 620 630 631
f 620 631 621
f 621 631 632
f 621 632 622
f 622 632 633
f 622 633 623
f 623 633 634
f 623 634 624
f 624 634 635
f 624 635 625
f 625 635 636
f 625 636 626
f 626 636 637
f 626 637 627
f 627 637 638
f 628 639 629
f 629 639 640
f 629 640 630
f 630 640 641
f 630 641 631
f 631 641 642
f 631 642 632
f 632 642 643
f 632 643 633
f 633 643 644
f 633 644 634
f 634 644 645
f 634 645 635
f 635 645 646
f 635 646 636
f 636 646 647
f 636 647 637
f 637 647 648
f 637 648 638
f 638 648 649
f 639 650 640
f 640 650 651
f 640 651 641
f 641 651 652
f 641 652 642
f 642 652 653
f 642 653 643
f 643 653 654
f 643 654 644
f 644 654 655
f 644 655 645
f 645 655 656
f 645 656 646
f 646 656 657
f 646 657 647
f 647 657 658
f 647 658 648
f 648 658 659
f 648 659 649
f 649 659 660
f 650 661 651
f 651 661 662
f 651 662 652
f 652 662 663
f 652 663 653
f 653 663 664
f 653 664 654
f 654 664 665
f 654 665 655
f 655 665 666
f 655 666 656
f 656 666 667
f 656 667 657
f 657 667 668
f 657 668 658
f 658 668 669
f 658 669 659
f 659 669 670
f 659 670 660
f 660 670 671
f 661 672 662
f 662 672 673
f 662 673 663
f 663 673 674
f 663 674 664
f 664 674 675
f 664 675 665
f 665 675 676
f 665 676 666
f 666 676 677
f 666 677 667
f 667 677 678
f 667 678 668
f 668 678 679
f 668 679 669
f 669 679 680
f 669 680 670
f 670 680 681
f 670 681 671
f 671 681 682
f 672 683 673
f 673 683 684
f 673 684 674
f 674 684 685
f 674 685 675
f 675 685 686
f 675 686 676
f 676 686 687
f 676 687 677
f 677 687 688
f 677 688 678
f 678 688 689
f 678 689 679
f 679 689 690
f 679 690 680
f 680 690 691
f 680 691 681
f 681 691 692
f 681 692 682
f 682 692 693
f 683 694 684
f 684 694 695
f 684 695 685
f 685 695 696
f 685 696 686
f 686 696 697
f 686 697 687
f 687 697 698
f 687 698 688
f 688 698 699
f 688 699 689
f 689 699 700
f 689 700 690
f 690 700 701
f 690 701 691
f 691 701 702
f 691 702 692
f 692 702 703
f 692 703 693
f 693 703 704
f 694 705 695
f 695 705 706
f 695 706 696
f 696 706 707
f 696 707 697
f 697 707 708
f 697 708 698
f 698 708 709
f 698 709 699
f 699 709 710
f 699 710 700
f 700 710 711
f 700 711 701
f 701 711 712
f 701 712 702
f 702 712 713
f 702 713 703
f 703 713 714
f 703 714 704
f 704 714 715
f 705 716 706
f 706 716 717
f 706 717 707
f 707 717 718
f 707 718 708
f 708 718 719
f 708 719 709
f 709 719 720
f 709 720 710
f 710 720 721
f 710 721 711
f 711 721 722
f 711 722 712
f 712 722 723
f 712 723 713
f 713 723 724
f 713 724 714
f 714 724 725
f 714 725 715
f 715 725 726
f 727 728 729
f 727 729 730
f 727 730 731
f 727 731 732
f 727 732 733
f 727 733 734
f 727 734 735
f 727 735 736
f 727 736 737
f 727 737 738
f 727 738 739
f 727 739 740
f 727 740 741
f 727 741 742
f 727 742 743
f 727 743 744
f 727 744 745
f 727 745 746
f 727 746 747
f 727 747 748
f 727 748 749
f 727 749 750
f 727 750 751
f 727 751 752
f 727 752 753
f 727 753 754
f 727 754 755
f 727 755 728
f 728 756 729
f 729 756 757
f 729 757 730
f 730 757 758
f 730 758 731
f 731 758 759
f 731 759 732
f 732 759 760
f 732 760 733
f 733 760 761
f 733 761 734
f 734 761 762
f 734 762 735
f 735 762 763
f 735 763 736
f 736 763 764
f 736 764 737
f 737 764 765
f 737 765 738
f 738 765 766
f 738 766 739
f 739 766 767
f 739 767 740
f 740 767 768
f 740 768 741
f 741 768 769
f 741 769 742
f 742 769 770
f 742 770 743
f 743 770 771
f 743 771 744
f 744 771 772
f 744 772 745
f 745 772 773
f 745 773 746
f 746 773 774
f 746 774 747
f 747 774 775
f 747 775 748
f 748 775 776
f 748 776 749
f 749 776 777
f 749 777 750
f 750 777 778
f 750 778 751
f 751 778 779
f 751 779 752
f 752 779 780
f 752 780 753
f 753 780 781
f 753 781 754
f 754 781 782
f 754 782 755
f 755 782 783
f 755 783 728
f 728 783 756
f 756 784 757
f 757 784 785
f 757 785 758
f 758 785 786
f 758 786 759
f 759 786 787
f 759 787 760
f 760 787 788
f 760 788 761
f 761 788 789
f 761 789 762
f 762 789 790
f 762 790 763
f 763 790 791
f 763 791 764
f 764 791 792
f 764 792 765
f 765 792 793
f 765 793 766
f 766 793 794
f 766 794 767
f 767 794 795
f 767 795 768
f 768 795 796
f 768 796 769
f 769 796 797
f 769 797 770
f 770 797 798
f 770 798 771
f 771 798 799
f 771 799 772
f 772 799 800
f 772 800 773
f 773 800 801
f 773 801 774
f 774 801 802
f 774 802 775
f 775 802 803
f 775 803 776
f 776 803 804
f 776 804 777
f 777 804 805
f 777 805 778
f 778 805 806
f 778 806 779
f 779 806 807
f 779 807 780
f 780 807 808
f 780 808 781
f 781 808 809
f 781 809 782
f 782 809 810
f 782 810 783
f 783 810 811
f 783 811 756
f 756 811 784
f 784 812 785
f 785 812 813
f 785 813 786
f 786 813 814
f 786 814 787
f 787 814 815
f 787 815 788
f 788 815 816
f 788 816 789
f 789 816 817
f 789 817 790
f 790 817 818
f 790 818 791
f 791 818 819
f 791 819 792
f 792 819 820
f 792 820 793
f 793 820 821
f 793 821 794
f 794 821 822
f 794 822 795
f 795 822 823
f 795 823 796
f 796 823 824
f 796 824 797
f 797 824 825
f 797 825 798
f 798 825 826
f 798 826 799
f 799 826 827
f 799 827 800
f 800 827 828
f 800 828 801
f 801 828 829
f 801 829 802
f 802 829 830
f 802 830 803
f 803 830 831
f 803 831 804
f 804 831 832
f 804 832 805
f 805 832 833
f 805 833 806
f 806 833 834
f 806 834 807
f 807 834 835
f 807 835 808
f 808 835 836
f 808 836 809
f 809 836 837
f 809 837 810
f 810 837 838
f 810 838 811
f 811 838 839
f 811 839 784
f 784 839 812
f 812 840 813
f 813 840 841
f 813 841 814
f 814 841 842
f 814 842 815
f 815 842 843
f 815 843 816
f 816 843 844
f 816 844 817
f 817 844 845
f 817 845 818
f 818 845 846
f 818 846 819
f 819 846 847
f 819 847 820
f 820 847 848
f 820 848 821
f 821 848 849
f 821 849 822
f 822 849 850
f 822 850 823
f 823 850 851
f 823 851 824
f 824 851 852
f 824 852 825
f 825 852 853
f 825 853 826
f 826 853 854
f 826 854 827
f 827 854 855
f 827 855 828
f 828 855 856
f 828 856 829
f 829 856 857
f 829 857 830
f 830 857 858
f 830 858 831
f 831 858 859
f 831 859 832
f 832 859 860
f 832 860 833
f 833 860 861
f 833 861 834
f 834 861 862
f 834 862 835
f 835 862 863
f 835 863 836
f 836 863 864
f 836 864 837
f 837 864 865
f 837 865 838
f 838 865 866
f 838 866 839
f 839 866 867
f 839 867 812
f 812 867 840
f 840 868 841
f 841 868 869
f 841 869 842
f 842 869 870
f 842 870 843
f 843 870 871
f 843 871 844
f 844 871 872
f 844 872 845
f 845 872 873
f 845 873 846
f 846 873 874
f 846 874 847
f 847 874 875
f 847 875 848
f 848 875 876
f 848 876 849
f 849 876 877
f 849 877 850
f 850 877 878
f 850 878 851
f 851 878 879
f 851 879 852
f 852 879 880
f 852 880 853
f 853 880 881
f 853 881 854
f 854 881 882
f 854 882 855
f 855 882 883
f 855 883 856
f 856 883 884
f 856 884 857
f 857 884 885
f 857 885 858
f 858 885 886
f 858 886 859
f 859 886 887
f 859 887 860
f 860 887 888
f 860 888 861
f 861 888 889
f 861 889 862
f 862 889 890
f 862 890 863
f 863 890 891
f 863 891 864
f 864 891 892
f 864 892 865
f 865 892 893
f 865 893 866
f 866 893 894
f 866 894 867
f 867 894 895
f 867 895 840
f 840 895 868
f 868 896 869
f 869 896 897
f 869 897 870
f 870 897 898
f 870 898 871
f 871 898 899
f 871 899 872
f 872 899 900
f 872 900 873
f 873 900 901
f 873 901 874
f 874 901 902
f 874 902 875
f 875 902 903
f 875 903 876
f 876 903 904
f 876 904 877
f 877 904 905
f 877 905 878
f 878 905 906
f 878 906 879
f 879 906 907
f 879 907 880
f 880 907 908
f 880 908 881
f 881 908 909
f 881 909 882
f 882 909 910
f 882 910 883
f 883 910 911
f 883 911 884
f 884 911 912
f 884 912 885
f 885 912 913
f 885 913 886
f 886 913 914
f 886 914 887
f 887 914 915
f 887 915 888
f 888 915 916
f 888 916 889
f 889 916 917
f 889 917 890
f 890 917 918
f 890 918 891
f 891 918 919
f 891 919 892
f 892 919 920
f 892 920 893
f 893 920 921
f 893 921 894
f 894 921 922
f 894 922 895
f 895 922 923
f 895 923 868
f 868 923 896
f 896 924 897
f 897 924 925
f 897 925 898
f 898 925 926
f 898 926 899
f 899 926 927
f 899 927 900
f 900 927 928
f 900 928 901
f 901 928 929
f 901 929 902
f 902 929 930
f 902 930 903
f 903 930 931
f 903 931 904
f 904 931 932
f 904 932 905
f 905 932 933
f 905 933 906
f 906 933 934
f 906 934 907
f 907 934 935
f 907 935 908
f 908 935 936
f 908 936 909
f 909 936 937
f 909 937 910
f 910 937 938
f 910 938 911
f 911 938 939
f 911 939 912
f 912 939 940
f 912 940 913
f 913 940 941
f 913 941 914
f 914 941 942
f 914 942 915
f 915 942 943
f 915 943 916
f 916 943 944
f 916 944 917
f 917 944 945
f 917 945 918
f 918 945 946
f 918 946 919
f 919 946 947
f 919 947 920
f 920 947 948
f 920 948 921
f 921 948 949
f 921 949 922
f 922 949 950
f 922 950 923
f 923 950 951
f 923 951 896
f 896 951 924
f 924 952 925
f 925 952 953
f 925 953 926
f 926 953 954
f 926 954 927
f 927 954 955
f 927 955 928
f 928 955 956
f 928 956 929
f 929 956 957
f 929 957 930
f 930 957 958
f 930 958 931
f 931 958 959
f 931 959 932
f 932 959 960
f 932 960 933
f 933 960 961
f 933 961 934
f 934 961 962
f 934 962 935
f 935 962 963
f 935 963 936
f 936 963 964
f 936 964 937
f 937 964 965
f 937 965 938
f 938 965 966
f 938 966 939
f 939 966 967
f 939 967 940
f 940 967 968
f 940 968 941
f 941 968 969
f 941 969 942
f 942 969 970
f 942 970 943
f 943 970 971
f 943 971 944
f 944 971 972
f 944 972 945
f 945 972 973
f 945 973 946
f 946 973 974
f 946 974 947
f 947 974 975
f 947 975 948
f 948 975 976
f 948 976 949
f 949 976 977
f 949 977 950
f 950 977 978
f 950 978 951
f 951 978 979
f 951 979 924
f 924 979 952
f 952 980 953
f 953 980 981
f 953 981 954
f 954 981 982
f 954 982 955
f 955 982 983
f 955 983 956
f 956 983 984
f 956 984 957
f 957 984 985
f 957 985 958
f 958 985 986
f 958 986 959
f 959 986 987
f 959 987 960
f 960 987 988
f 960 988 961
f 961 988 989
f 961 989 962
f 962 989 990
f 962 990 963
f 963 990 991
f 963 991 964
f 964 991 992
f 964 992 965
f 965 992 993
f 965 993 966
f 966 993 994
f 966 994 967
f 967 994 995
f 967 995 968
f 968 995 996
f 968 996 969
f 969 996 997
f 969 997 970
f 970 997 998
f 970 998 971
f 971 998 999
f 971 999 972
f 972 999 1000
f 972 1000 973
f 973 1000 1001
f 973 1001 974
f 974 1001 1002
f 974 1002 975
f 975 1002 1003
f 975 1003 976
f 976 1003 1004
f 976 1004 977
f 977 1004 1005
f 977 1005 978
f 978 1005 1006
f 978 1006 979
f 979 1006 1007
f 979 1007 952
f 952 1007 980
f 980 1008 981
f 981 1008 1009
f 981 1009 982
f 982 1009 1010
f 982 1010 983
f 983 1010 1011
f 983 1011 984
f 984 1011 1012
f 984 1012 985
f 985 1012 1013
f 985 1013 986
f 986 1013 1014
f 986 1014 987
f 987 1014 1015
f 987 1015 988
f 988 1015 1016
f 988 1016 989
f 989 1016 1017
f 989 1017 990
f 990 1017 1018
f 990 1018 991
f 991 1018 1019
f 991 1019 992
f 992 1019 1020
f 992 1020 993
f 993 1020 1021
f 993 1021 994
f 994 1021 1022
f 994 1022 995
f 995 1022 1023
f 995 1023 996
f 996 1023 1024
f 996 1024 997
f 997 1024 1025
f 997 1025 998
f 998 1025 1026
f 998 1026 999
f 999 1026 1027
f 999 1027 1000
f 1000 1027 1028
f 1000 1028 1001
f 1001 1028 1029
f 1001 1029 1002
f 1002 1029 1030
f 1002 1030 1003
f 1003 1030 1031
f 1003 1031 1004
f 1004 1031 1032
f 1004 1032 1005
f 1005 1032 1033
f 1005 1033 1006
f 1006 1033 1034
f 1006 1034 1007
f 1007 1034 1035
f 1007 1035 980
f 980 1035 1008
f 1008 1036 1009
f 1009 1036 1037
f 1009 1037 1010
f 1010 1037 1038
f 1010 1038 1011
f 1011 1038 1039
f 1011 1039 1012
f 1012 1039 1040
f 1012 1040 1013
f 1013 1040 1041
f 1013 1041 1014
f 1014 1041 1042
f 1014 1042 1015
f 1015 1042 1043
f 1015 1043 1016
f 1016 1043 1044
f 1016 1044 1017
f 1017 1044 1045
f 1017 1045 1018
f 1018 1045 1046
f 1018 1046 1019
f 1019 1046 1047
f 1019 1047 1020
f 1020 1047 1048
f 1020 1048 1021
f 1021 1048 1049
f 1021 1049 1022
f 1022 1049 1050
f 1022 1050 1023
f 1023 1050 1051
f 1023 1051 1024
f 1024 1051 1052
f 1024 1052 1025
f 1025 1052 1053
f 1025 1053 1026
f 1026 1053 1054
f 1026 1054 1027
f 1027 1054 1055
f 1027 1055 1028
f 1028 1055 1056
f 1028 1056 1029
f 1029 1056 1057
f 1029 1057 1030
f 1030 1057 1058
f 1030 1058 1031
f 1031 1058 1059
f 1031 1059 1032
f 1032 1059 1060
f 1032 1060 1033
f 1033 1060 1061
f 1033 1061 1034
f 1034 1061 1062
f 1034 1062 1035
f 1035 1062 1063
f 1035 1063 1008
f 1008 1063 1036
f 1064 1037 1036
f 1064 1038 1037
f 1064 1039 1038
f 1064 1040 1039
f 1064 1041 1040
f 1064 1042 1041
f 1064 1043 1042
f 1064 1044 1043
f 1064 1045 1044
f 1064 1046 1045
f 1064 1047 1046
f 1064 1048 1047
f 1064 1049 1048
f 1064 1050 1049
f 1064 1051 1050
f 1064 1052 1051
f 1064 1053 1052
f 1064 1054 1053
f 1064 1055 1054
f 1064 1056 1055
f 1064 1057 1056
f 1064 1058 1057
f 1064 1059 1058
f 1064 1060 1059
f 1064 1061 1060
f 1064 1062 1061
f 1064 1063 1062
f 1064 1036 1063
f 1065 1066 1067
f 1065 1067 1068
f 1065 1068 1069
f 1065 1069 1070
f 1065 1070 1071
f 1065 1071 1072
f 1065 1072 1073
f 1065 1073 1074
f 1065 1074 1075
f 1065 1075 1076
f 1065 1076 1077
f 1065 1077 1078
f 1065 1078 1079
f 1065 1079 1080
f 1065 1080 1081
f 1065 1081 1082
f 1065 1082 1083
f 1065 1083 1084
f 1065 1084 1085
f 1065 1085 1086
f 1065 1086 1087
f 1065 1087 1088
f 1065 1088 1089
f 1065 1089 1090
f 1065 1090 1091
f 1065 1091 1092
f 1065 1092 1093
f 1065 1093 1066
f 1066 1094 1067
f 1067 1094 1095
f 1067 1095 1068
f 1068 1095 1096
f 1068 1096 1069
f 1069 1096 1097
f 1069 1097 1070
f 1070 1097 1098
f 1070 1098 1071
f 1071 1098 1099
f 1071 1099 1072
f 1072 1099 1100
f 1072 1100 1073
f 1073 1100 1101
f 1073 1101 1074
f 1074 1101 1102
f 1074 1102 1075
f 1075 1102 1103
f 1075 1103 1076
f 1076 1103 1104
f 1076 1104 1077
f 1077 1104 1105
f 1077 1105 1078
f 1078 1105 1106
f 1078 1106 1079
f 1079 1106 1107
f 1079 1107 1080
f 1080 1107 1108
f 1080 1108 1081
f 1081 1108 1109
f 1081 1109 1082
f 1082 1109 1110
f 1082 1110 1083
f 1083 1110 1111
f 1083 1111 1084
f 1084 1111 1112
f 1084 1112 1085
f 1085 1112 1113
f 1085 1113 1086
f 1086 1113 1114
f 1086 1114 1087
f 1087 1114 1115
f 1087 1115 1088
f 1088 1115 1116
f 1088 1116 1089
f 1089 1116 1117
f 1089 1117 1090
f 1090 1117 1118
f 1090 1118 1091
f 1091 1118 1119
f 1091 1119 1092
f 1092 1119 1120
f 1092 1120 1093
f 1093 1120 1121
f 1093 1121 1066
f 1066 1121 1094
f 1094 1122 1095
f 1095 1122 1123
f 1095 1123 1096
f 1096 1123 1124
f 1096 1124 1097
f 1097 1124 1125
f 1097 1125 1098
f 1098 1125 1126
f 1098 1126 1099
f 1099 1126 1127
f 1099 1127 1100
f 1100 1127 1128
f 1100 1128 1101
f 1101 1128 1129
f 1101 1129 1102
f 1102 1129 1130
f 1102 1130 1103
f 1103 1130 1131
f 1103 1131 1104
f 1104 1131 1132
f 1104 1132 1105
f 1105 1132 1133
f 1105 1133 1106
f 1106 1133 1134
f 1106 1134 1107
f 1107 1134 1135
f 1107 1135 1108
f 1108 1135 1136
f 1108 1136 1109
f 1109 1136 1137
f 1109 1137 1110
f 1110 1137 1138
f 1110 1138 1111
f 1111 1138 1139
f 1111 1139 1112
f 1112 1139 1140
f 1112 1140 1113
f 1113 1140 1141
f 1113 1141 1114
f 1114 1141 1142
f 1114 1142 1115
f 1115 1142 1143
f 1115 1143 1116
f 1116 1143 1144
f 1116 1144 1117
f 1117 1144 1145
f 1117 1145 1118
f 1118 1145 1146
f 1118 1146 1119
f 1119 1146 1147
f 1119 1147 1120
f 1120 1147 1148
f 1120 1148 1121
f 1121 1148 1149
f 1121 1149 1094
f 1094 1149 1122
f 1122 1150 1123
f 1123 1150 1151
f 1123 1151 1124
f 1124 1151 1152
f 1124 1152 1125
f 1125 1152 1153
f 1125 1153 1126
f 1126 1153 1154
f 1126 1154 1127
f 1127 1154 1155
f 1127 1155 1128
f 1128 1155 1156
f 1128 1156 1129
f 1129 1156 1157
f 1129 1157 1130
f 1130 1157 1158
f 1130 1158 1131
f 1131 1158 1159
f 1131 1159 1132
f 1132 1159 1160
f 1132 1160 1133
f 1133 1160 1161
f 1133 1161 1134
f 1134 1161 1162
f 1134 1162 1135
f 1135 1162 1163
f 1135 1163 1136
f 1136 1163 1164
f 1136 1164 1137
f 1137 1164 1165
f 1137 1165 1138
f 1138 1165 1166
f 1138 1166 1139
f 1139 1166 1167
f 1139 1167 1140
f 1140 1167 1168
f 1140 1168 1141
f 1141 1168 1169
f 1141 1169 1142
f 1142 1169 1170
f 1142 1170 1143
f 1143 1170 1171
f 1143 1171 1144
f 1144 1171 1172
f 1144 1172 1145
f 1145 1172 1173
f 1145 1173 1146
f 1146 1173 1174
f 1146 1174 1147
f 1147 1174 1175
f 1147 1175 1148
f 1148 1175 1176
f 1148 1176 1149
f 1149 1176 1177
f 1149 1177 1122
f 1122 1177 1150
f 1150 1178 1151
f 1151 1178 1179
f 1151 1179 1152
f 1152 1179 1180
f 1152 1180 1153
f 1153 1180 1181
f 1153 1181 1154
f 1154 1181 1182
f 1154 1182 1155
f 1155 1182 1183
f 1155 1183 1156
f 1156 1183 1184
f 1156 1184 1157
f 1157 1184 1185
f 1157 1185 1158
f 1158 1185 1186
f 1158 1186 1159
f 1159 1186 1187
f 1159 1187 1160
f 1160 1187 1188
f 1160 1188 1161
f 1161 1188 1189
f 1161 1189 1162
f 1162 1189 1190
f 1162 1190 1163
f 1163 1190 1191
f 1163 1191 1164
f 1164 1191 1192
f 1164 1192 1165
f 1165 1192 1193
f 1165 1193 1166
f 1166 1193 1194
f 1166 1194 1167
f 1167 1194 1195
f 1167 1195 1168
f 1168 1195 1196
f 1168 1196 1169
f 1169 1196 1197
f 1169 1197 1170
f 1170 1197 1198
f 1170 1198 1171
f 1171 1198 1199
f 1171 1199 1172
f 1172 1199 1200
f 1172 1200 1173
f 1173 1200 1201
f 1173 1201 1174
f 1174 1201 1202
f 1174 1202 1175
f 1175 1202 1203
f 1175 1203 1176
f 1176 1203 1204
f 1176 1204 1177
f 1177 1204 1205
f 1177 1205 1150
f 1150 1205 1178
f 1178 1206 1179
f 1179 1206 1207
f 1179 1207 1180
f 1180 1207 1208
f 1180 1208 1181
f 1181 1208 1209
f 1181 1209 1182
f 1182 1209 1210
f 1182 1210 1183
f 1183 1210 1211
f 1183 1211 1184
f 1184 1211 1212
f 1184 1212 1185
f 1185 1212 1213
f 1185 1213 1186
f 1186 1213 1214
f 1186 1214 1187
f 1187 1214 1215
f 1187 1215 1188
f 1188 1215 1216
f 1188 1216 1189
f 1189 1216 1217
f 1189 1217 1190
f 1190 1217 1218
f 1190 1218 1191
f 1191 1218 1219
f 1191 1219 1192
f 1192 1219 1220
f 1192 1220 1193
f 1193 1220 1221
f 1193 1221 1194
f 1194 1221 1222
f 1194 1222 1195
f 1195 1222 1223
f 1195 1223 1196
f 1196 1223 1224
f 1196 1224 1197
f 1197 1224 1225
f 1197 1225 1198
f 1198 1225 1226
f 1198 1226 1199
f 1199 1226 1227
f 1199 1227 1200
f 1200 1227 1228
f 1200 1228 1201
f 1201 1228 1229
f 1201 1229 1202
f 1202 1229 1230
f 1202 1230 1203
f 1203 1230 1231
f 1203 1231 1204
f 1204 1231 1232
f 1204 1232 1205
f 1205 1232 1233
f 1205 1233 1178
f 1178 1233 1206
f 1206 1234 1207
f 1207 1234 1235
f 1207 1235 1208
f 1208 1235 1236
f 1208 1236 1209
f 1209 1236 1237
f 1209 1237 1210
f 1210 1237 1238
f 1210 1238 1211
f 1211 1238 1239
f 1211 1239 1212
f 1212 1239 1240
f 1212 1240 1213
f 1213 1240 1241
f 1213 1241 1214
f 1214 1241 1242
f 1214 1242 1215
f 1215 1242 1243
f 1215 1243 1216
f 1216 1243 1244
f 1216 1244 1217
f 1217 1244 1245
f 1217 1245 1218
f 1218 1245 1246
f 1218 1246 1219
f 1219 1246 1247
f 1219 1247 1220
f 1220 1247 1248
f 1220 1248 1221
f 1221 1248 1249
f 1221 1249 1222
f 1222 1249 1250
f 1222 1250 1223
f 1223 1250 1251
f 1223 1251 1224
f 1224 1251 1252
f 1224 1252 1225
f 1225 1252 1253
f 1225 1253 1226
f 1226 1253 1254
f 1226 1254 1227
f 1227 1254 1255
f 1227 1255 1228
f 1228 1255 1256
f 1228 1256 1229
f 1229 1256 1257
f 1229 1257 1230
f 1230 1257 1258
f 1230 1258 1231
f 1231 1258 1259
f 1231 1259 1232
f 1232 1259 1260
f 1232 1260 1233
f 1233 1260 1261
f 1233 1261 1206
f 1206 1261 1234
f 1234 1262 1235
f 1235 1262 1263
f 1235 1263 1236
f 1236 1263 1264
f 1236 1264 1237
f 1237 1264 1265
f 1237 1265 1238
f 1238 1265 1266
f 1238 1266 1239
f 1239 1266 1267
f 1239 1267 1240
f 1240 1267 1268
f 1240 1268 1241
f 1241 1268 1269
f 1241 1269 1242
f 1242 1269 1270
f 1242 1270 1243
f 1243 1270 1271
f 1243 1271 1244
f 1244 1271 1272
f 1244 1272 1245
f 1245 1272 1273
f 1245 1273 1246
f 1246 1273 1274
f 1246 1274 1247
f 1247 1274 1275
f 1247 1275 1248
f 1248 1275 1276
f 1248 1276 1249
f 1249 1276 1277
f 1249 1277 1250
f 1250 1277 1278
f 1250 1278 1251
f 1251 1278 1279
f 1251 1279 1252
f 1252 1279 1280
f 1252 1280 1253
f 1253 1280 1281
f 1253 1281 1254
f 1254 1281 1282
f 1254 1282 1255
f 1255 1282 1283
f 1255 1283 1256
f 1256 1283 1284
f 1256 1284 1257
f 1257 1284 1285
f 1257 1285 1258
f 1258 1285 1286
f 1258 1286 1259
f 1259 1286 1287
f 1259 1287 1260
f 1260 1287 1288
f 1260 1288 1261
f 1261 1288 1289
f 1261 1289 1234
f 1234 1289 1262
f 1262 1290 1263
f 1263 1290 1291
f 1263 1291 1264
f 1264 1291 1292
f 1264 1292 1265
f 1265 1292 1293
f 1265 1293 1266
f 1266 1293 1294
f 1266 1294 1267
f 1267 1294 1295
f 1267 1295 1268
f 1268 1295 1296
f 1268 1296 1269
f 1269 1296 1297
f 1269 1297 1270
f 1270 1297 1298
f 1270 1298 1271
f 1271 1298 1299
f 1271 1299 1272
f 1272 1299 1300
f 1272 1300 1273
f 1273 1300 1301
f 1273 1301 1274
f 1274 1301 1302
f 1274 1302 1275
f 1275 1302 1303
f 1275 1303 1276
f 1276 1303 1304
f 1276 1304 1277
f 1277 1304 1305
f 1277 1305 1278
f 1278 1305 1306
f 1278 1306 1279
f 1279 1306 1307
f 1279 1307 1280
f 1280 1307 1308
f 1280 1308 1281
f 1281 1308 1309
f 1281 1309 1282
f 1282 1309 1310
f 1282 1310 1283
f 1283 1310 1311
f 1283 1311 1284
f 1284 1311 1312
f 1284 1312 1285
f 1285 1312 1313
f 1285 1313 1286
f 1286 1313 1314
f 1286 1314 1287
f 1287 1314 1315
f 1287 1315 1288
f 1288 1315 1316
f 1288 1316 1289
f 1289 1316 1317
f 1289 1317 1262
f 1262 1317 1290
f 1290 1318 1291
f 1291 1318 1319
f 1291 1319 1292
f 1292 1319 1320
f 1292 1320 1293
f 1293 1320 1321
f 1293 1321 1294
f 1294 1321 1322
f 1294 1322 1295
f 1295 1322 1323
f 1295 1323 1296
f 1296 1323 1324
f 1296 1324 1297
f 1297 1324 1325
f 1297 1325 1298
f 1298 1325 1326
f 1298 1326 1299
f 1299 1326 1327
f 1299 1327 1300
f 1300 1327 1328
f 1300 1328 1301
f 1301 1328 1329
f 1301 1329 1302
f 1302 1329 1330
f 1302 1330 1303
f 1303 1330 1331
f 1303 1331 1304
f 1304 1331 1332
f 1304 1332 1305
f 1305 1332 1333
f 1305 1333 1306
f 1306 1333 1334
f 1306 1334 1307
f 1307 1334 1335
f 1307 1335 1308
f 1308 1335 1336
f 1308 1336 1309
f 1309 1336 1337
f 1309 1337 1310
f 1310 1337 1338
f 1310 1338 1311
f 1311 1338 1339
f 1311 1339 1312
f 1312 1339 1340
f 1312 1340 1313
f 1313 1340 1341
f 1313 1341 1314
f 1314 1341 1342
f 1314 1342 1315
f 1315 1342 1343
f 1315 1343 1316
f 1316 1343 1344
f 1316 1344 1317
f 1317 1344 1345
f 1317 1345 1290
f 1290 1345 1318
f 1318 1346 1319
f 1319 1346 1347
f 1319 1347 1320
f 1320 1347 1348
f 1320 1348 1321
f 1321 1348 1349
f 1321 1349 1322
f 1322 1349 1350
f 1322 1350 1323
f 1323 1350 1351
f 1323 1351 1324
f 1324 1351 1352
f 1324 1352 1325
f 1325 1352 1353
f 1325 1353 1326
f 1326 1353 1354
f 1326 1354 1327
f 1327 1354 1355
f 1327 1355 1328
f 1328 1355 1356
f 1328 1356 1329
f 1329 1356 1357
f 1329 1357 1330
f 1330 1357 1358
f 1330 1358 1331
f 1331 1358 1359
f 1331 1359 1332
f 1332 1359 1360
f 1332 1360 1333
f 1333 1360 1361
f 1333 1361 1334
f 1334 1361 1362
f 1334 1362 1335
f 1335 1362 1363
f 1335 1363 1336
f 1336 1363 1364
f 1336 1364 1337
f 1337 1364 1365
f 1337 1365 1338
f 1338 1365 1366
f 1338 1366 1339
f 1339 1366 1367
f 1339 1367 1340
f 1340 1367 1368
f 1340 1368 1341
f 1341 1368 1369
f 1341 1369 1342
f 1342 1369 1370
f 1342 1370 1343
f 1343 1370 1371
f 1343 1371 1344
f 1344 1371 1372
f 1344 1372 1345
f 1345 1372 1373
f 1345 1373 1318
f 1318 1373 1346
f 1346 1374 1347
f 1347 1374 1375
f 1347 1375 1348
f 1348 1375 1376
f 1348 1376 1349
f 1349 1376 1377
f 1349 1377 1350
f 1350 1377 1378
f 1350 1378 1351
f 1351 1378 1379
f 1351 1379 1352
f 1352 1379 1380
f 1352 1380 1353
f 1353 1380 1381
f 1353 1381 1354
f 1354 1381 1382
f 1354 1382 1355
f 1355 1382 1383
f 1355 1383 1356
f 1356 1383 1384
f 1356 1384 1357
f 1357 1384 1385
f 1357 1385 1358
f 1358 1385 1386
f 1358 1386 1359
f 1359 1386 1387
f 1359 1387 1360
f 1360 1387 1388
f 1360 1388 1361
f 1361 1388 1389
f 1361 1389 1362
f 1362 1389 1390
f 1362 1390 1363
f 1363 1390 1391
f 1363 1391 1364
f 1364 1391 1392
f 1364 1392 1365
f 1365 1392 1393
f 1365 1393 1366
f 1366 1393 1394
f 1366 1394 1367
f 1367 1394 1395
f 1367 1395 1368
f 1368 1395 1396
f 1368 1396 1369
f 1369 1396 1397
f 1369 1397 1370
f 1370 1397 1398
f 1370 1398 1371
f 1371 1398 1399
f 1371 1399 1372
f 1372 1399 1400
f 1372 1400 1373
f 1373 1400 1401
f 1373 1401 1346
f 1346 1401 1374
f 1402 1375 1374
f 1402 1376 1375
f 1402 1377 1376
f 1402 1378 1377
f 1402 1379 1378
f 1402 1380 1379
f 1402 1381 1380
f 1402 1382 1381
f 1402 1383 1382
f 1402 1384 1383
f 1402 1385 1384
f 1402 1386 1385
f 1402 1387 1386
f 1402 1388 1387
f 1402 1389 1388
f 1402 1390 1389
f 1402 1391 1390
f 1402 1392 1391
f 1402 1393 1392
f 1402 1394 1393
f 1402 1395 1394
f 1402 1396 1395
f 1402 1397 1396
f 1402 1398 1397
f 1402 1399 1398
f 1402 1400 1399
f 1402 1401 1400
f 1402 1374 1401
f 1403 1404 1405
f 1403 1405 1406
f 1403 1406 1407
f 1403 1407 1408
f 1403 1408 1409
f 1403 1409 1410
f 1403 1410 1411
f 1403 1411 1412
f 1403 1412 1413
f 1403 1413 1414
f 1403 1414 1415
f 1403 1415 1416
f 1403 1416 1417
f 1403 1417 1418
f 1403 1418 1419
f 1403 1419 1420
f 1403 1420 1421
f 1403 1421 1422
f 1403 1422 1423
f 1403 1423 1424
f 1403 1424 1425
f 1403 1425 1426
f 1403 1426 1427
f 1403 1427 1428
f 1403 1428 1429
f 1403 1429 1430
f 1403 1430 1431
f 1403 1431 1404
f 1404 1432 1405
f 1405 1432 1433
f 1405 1433 1406
f 1406 1433 1434
f 1406 1434 1407
f 1407 1434 1435
f 1407 1435 1408
f 1408 1435 1436
f 1408 1436 1409
f 1409 1436 1437
f 1409 1437 1410
f 1410 1437 1438
f 1410 1438 1411
f 1411 1438 1439
f 1411 1439 1412
f 1412 1439 1440
f 1412 1440 1413
f 1413 1440 1441
f 1413 1441 1414
f 1414 1441 1442
f 1414 1442 1415
f 1415 1442 1443
f 1415 1443 1416
f 1416 1443 1444
f 1416 1444 1417
f 1417 1444 1445
f 1417 1445 1418
f 1418 1445 1446
f 1418 1446 1419
f 1419 1446 1447
f 1419 1447 1420
f 1420 1447 1448
f 1420 1448 1421
f 1421 1448 1449
f 1421 1449 1422
f 1422 1449 1450
f 1422 1450 1423
f 1423 1450 1451
f 1423 1451 1424
f 1424 1451 1452
f 1424 1452 1425
f 1425 1452 1453
f 1425 1453 1426
f 1426 1453 1454
f 1426 1454 1427
f 1427 1454 1455
f 1427 1455 1428
f 1428 1455 1456
f 1428 1456 1429
f 1429 1456 1457
f 1429 1457 1430
f 1430 1457 1458
f 1430 1458 1431
f 1431 1458 1459
f 1431 1459 1404
f 1404 1459 1432
f 1432 1460 1433
f 1433 1460 1461
f 1433 1461 1434
f 1434 1461 1462
f 1434 1462 1435
f 1435 1462 1463
f 1435 1463 1436
f 1436 1463 1464
f 1436 1464 1437
f 1437 1464 1465
f 1437 1465 1438
f 1438 1465 1466
f 1438 1466 1439
f 1439 1466 1467
f 1439 1467 1440
f 1440 1467 1468
f 1440 1468 1441
f 1441 1468 1469
f 1441 1469 1442
f 1442 1469 1470
f 1442 1470 1443
f 1443 1470 1471
f 1443 1471 1444
f 1444 1471 1472
f 1444 1472 1445
f 1445 1472 1473
f 1445 1473 1446
f 1446 1473 1474
f 1446 1474 1447
f 1447 1474 1475
f 1447 1475 1448
f 1448 1475 1476
f 1448 1476 1449
f 1449 1476 1477
f 1449 1477 1450
f 1450 1477 1478
f 1450 1478 1451
f 1451 1478 1479
f 1451 1479 1452
f 1452 1479 1480
f 1452 1480 1453
f 1453 1480 1481
f 1453 1481 1454
f 1454 1481 1482
f 1454 1482 1455
f 1455 1482 1483
f 1455 1483 1456
f 1456 1483 1484
f 1456 1484 1457
f 1457 1484 1485
f 1457 1485 1458
f 1458 1485 1486
f 1458 1486 1459
f 1459 1486 1487
f 1459 1487 1432
f 1432 1487 1460
f 1460 1488 1461
f 1461 1488 1489
f 1461 1489 1462
f 1462 1489 1490
f 1462 1490 1463
f 1463 1490 1491
f 1463 1491 1464
f 1464 1491 1492
f 1464 1492 1465
f 1465 1492 1493
f 1465 1493 1466
f 1466 1493 1494
f 1466 1494 1467
f 1467 1494 1495
f 1467 1495 1468
f 1468 1495 1496
f 1468 1496 1469
f 1469 1496 1497
f 1469 1497 1470
f 1470 1497 1498
f 1470 1498 1471
f 1471 1498 1499
f 1471 1499 1472
f 1472 1499 1500
f 1472 1500 1473
f 1473 1500 1501
f 1473 1501 1474
f 1474 1501 1502
f 1474 1502 1475
f 1475 1502 1503
f 1475 1503 1476
f 1476 1503 1504
f 1476 1504 1477
f 1477 1504 1505
f 1477 1505 1478
f 1478 1505 1506
f 1478 1506 1479
f 1479 1506 1507
f 1479 1507 1480
f 1480 1507 1508
f 1480 1508 1481
f 1481 1508 1509
f 1481 1509 1482
f 1482 1509 1510
f 1482 1510 1483
f 1483 1510 1511
f 1483 1511 1484
f 1484 1511 1512
f 1484 1512 1485
f 1485 1512 1513
f 1485 1513 1486
f 1486 1513 1514
f 1486 1514 1487
f 1487 1514 1515
f 1487 1515 1460
f 1460 1515 1488
f 1488 1516 1489
f 1489 1516 1517
f 1489 1517 1490
f 1490 1517 1518
f 1490 1518 1491
f 1491 1518 1519
f 1491 1519 1492
f 1492 1519 1520
f 1492 1520 1493
f 1493 1520 1521
f 1493 1521 1494
f 1494 1521 1522
f 1494 1522 1495
f 1495 1522 1523
f 1495 1523 1496
f 1496 1523 1524
f 1496 1524 1497
f 1497 1524 1525
f 1497 1525 1498
f 1498 1525 1526
f 1498 1526 1499
f 1499 1526 1527
f 1499 1527 1500
f 1500 1527 1528
f 1500 1528 1501
f 1501 1528 1529
f 1501 1529 1502
f 1502 1529 1530
f 1502 1530 1503
f 1503 1530 1531
f 1503 1531 1504
f 1504 1531 1532
f 1504 1532 1505
f 1505 1532 1533
f 1505 1533 1506
f 1506 1533 1534
f 1506 1534 1507
f 1507 1534 1535
f 1507 1535 1508
f 1508 1535 1536
f 1508 1536 1509
f 1509 1536 1537
f 1509 1537 1510
f 1510 1537 1538
f 1510 1538 1511
f 1511 1538 1539
f 1511 1539 1512
f 1512 1539 1540
f 1512 1540 1513
f 1513 1540 1541
f 1513 1541 1514
f 1514 1541 1542
f 1514 1542 1515
f 1515 1542 1543
f 1515 1543 1488
f 1488 1543 1516
f 1516 1544 1517
f 1517 1544 1545
f 1517 1545 1518
f 1518 1545 1546
f 1518 1546 1519
f 1519 1546 1547
f 1519 1547 1520
f 1520 1547 1548
f 1520 1548 1521
f 1521 1548 1549
f 1521 1549 1522
f 1522 1549 1550
f 1522 1550 1523
f 1523 1550 1551
f 1523 1551 1524
f 1524 1551 1552
f 1524 1552 1525
f 1525 1552 1553
f 1525 1553 1526
f 1526 1553 1554
f 1526 1554 1527
f 1527 1554 1555
f 1527 1555 1528
f 1528 1555 1556
f 1528 1556 1529
f 1529 1556 1557
f 1529 1557 1530
f 1530 1557 1558
f 1530 1558 1531
f 1531 1558 1559
f 1531 1559 1532
f 1532 1559 1560
f 1532 1560 1533
f 1533 1560 1561
f 1533 1561 1534
f 1534 1561 1562
f 1534 1562 1535
f 1535 1562 1563
f 1535 1563 1536
f 1536 1563 1564
f 1536 1564 1537
f 1537 1564 1565
f 1537 1565 1538
f 1538 1565 1566
f 1538 1566 1539
f 1539 1566 1567
f 1539 1567 1540
f 1540 1567 1568
f 1540 1568 1541
f 1541 1568 1569
f 1541 1569 1542
f 1542 1569 1570
f 1542 1570 1543
f 1543 1570 1571
f 1543 1571 1516
f 1516 1571 1544
f 1544 1572 1545
f 1545 1572 1573
f 1545 1573 1546
f 1546 1573 1574
f 1546 1574 1547
f 1547 1574 1575
f 1547 1575 1548
f 1548 1575 1576
f 1548 1576 1549
f 1549 1576 1577
f 1549 1577 1550
f 1550 1577 1578
f 1550 1578 1551
f 1551 1578 1579
f 1551 1579 1552
f 1552 1579 1580
f 1552 1580 1553
f 1553 1580 1581
f 1553 1581 1554
f 1554 1581 1582
f 1554 1582 1555
f 1555 1582 1583
f 1555 1583 1556
f 1556 1583 1584
f 1556 1584 1557
f 1557 1584 1585
f 1557 1585 1558
f 1558 1585 1586
f 1558 1586 1559
f 1559 1586 1587
f 1559 1587 1560
f 1560 1587 1588
f 1560 1588 1561
f 1561 1588 1589
f 1561 1589 1562
f 1562 1589 1590
f 1562 1590 1563
f 1563 1590 1591
f 1563 1591 1564
f 1564 1591 1592
f 1564 1592 1565
f 1565 1592 1593
f 1565 1593 1566
f 1566 1593 1594
f 1566 1594 1567
f 1567 1594 1595
f 1567 1595 1568
f 1568 1595 1596
f 1568 1596 1569
f 1569 1596 1597
f 1569 1597 1570
f 1570 1597 1598
f 1570 1598 1571
f 1571 1598 1599
f 1571 1599 1544
f 1544 1599 1572
f 1572 1600 1573
f 1573 1600 1601
f 1573 1601 1574
f 1574 1601 1602
f 1574 1602 1575
f 1575 1602 1603
f 1575 1603 1576
f 1576 1603 1604
f 1576 1604 1577
f 1577 1604 1605
f 1577 1605 1578
f 1578 1605 1606
f 1578 1606 1579
f 1579 1606 1607
f 1579 1607 1580
f 1580 1607 1608
f 1580 1608 1581
f 1581 1608 1609
f 1581 1609 1582
f 1582 1609 1610
f 1582 1610 1583
f 1583 1610 1611
f 1583 1611 1584
f 1584 1611 1612
f 1584 1612 1585
f 1585 1612 1613
f 1585 1613 1586
f 1586 1613 1614
f 1586 1614 1587
f 1587 1614 1615
f 1587 1615 1588
f 1588 1615 1616
f 1588 1616 1589
f 1589 1616 1617
f 1589 1617 1590
f 1590 1617 1618
f 1590 1618 1591
f 1591 1618 1619
f 1591 1619 1592
f 1592 1619 1620
f 1592 1620 1593
f 1593 1620 1621
f 1593 1621 1594
f 1594 1621 1622
f 1594 1622 1595
f 1595 1622 1623
f 1595 1623 1596
f 1596 1623 1624
f 1596 1624 1597
f 1597 1624 1625
f 1597 1625 1598
f 1598 1625 1626
f 1598 1626 1599
f 1599 1626 1627
f 1599 1627 1572
f 1572 1627 1600
f 1600 1628 1601
f 1601 1628 1629
f 1601 1629 1602
f 1602 1629 1630
f 1602 1630 1603
f 1603 1630 1631
f 1603 1631 1604
f 1604 1631 1632
f 1604 1632 1605
f 1605 1632 1633
f 1605 1633 1606
f 1606 1633 1634
f 1606 1634 1607
f 1607 1634 1635
f 1607 1635 1608
f 1608 1635 1636
f 1608 1636 1609
f 1609 1636 1637
f 1609 1637 1610
f 1610 1637 1638
f 1610 1638 1611
f 1611 1638 1639
f 1611 1639 1612
f 1612 1639 1640
f 1612 1640 1613
f 1613 1640 1641
f 1613 1641 1614
f 1614 1641 1642
f 1614 1642 1615
f 1615 1642 1643
f 1615 1643 1616
f 1616 1643 1644
f 1616 1644 1617
f 1617 1644 1645
f 1617 1645 1618
f 1618 1645 1646
f 1618 1646 1619
f 1619 1646 1647
f 1619 1647 1620
f 1620 1647 1648
f 1620 1648 1621
f 1621 1648 1649
f 1621 1649 1622
f 1622 1649 1650
f 1622 1650 1623
f 1623 1650 1651
f 1623 1651 1624
f 1624 1651 1652
f 1624 1652 1625
f 1625 1652 1653
f 1625 1653 1626
f 1626 1653 1654
f 1626 1654 1627
f 1627 1654 1655
f 1627 1655 1600
f 1600 1655 1628
f 1628 1656 1629
f 1629 1656 1657
f 1629 1657 1630
f 1630 1657 1658
f 1630 1658 1631
f 1631 1658 1659
f 1631 1659 1632
f 1632 1659 1660
f 1632 1660 1633
f 1633 1660 1661
f 1633 1661 1634
f 1634 1661 1662
f 1634 1662 1635
f 1635 1662 1663
f 1635 1663 1636
f 1636 1663 1664
f 1636 1664 1637
f 1637 1664 1665
f 1637 1665 1638
f 1638 1665 1666
f 1638 1666 1639
f 1639 1666 1667
f 1639 1667 1640
f 1640 1667 1668
f 1640 1668 1641
f 1641 1668 1669
f 1641 1669 1642
f 1642 1669 1670
f 1642 1670 1643
f 1643 1670 1671
f 1643 1671 1644
f 1644 1671 1672
f 1644 1672 1645
f 1645 1672 1673
f 1645 1673 1646
f 1646 1673 1674
f 1646 1674 1647
f 1647 1674 1675
f 1647 1675 1648
f 1648 1675 1676
f 1648 1676 1649
f 1649 1676 1677
f 1649 1677 1650
f 1650 1677 1678
f 1650 1678 1651
f 1651 1678 1679
f 1651 1679 1652
f 1652 1679 1680
f 1652 1680 1653
f 1653 1680 1681
f 1653 1681 1654
f 1654 1681 1682
f 1654 1682 1655
f 1655 1682 1683
f 1655 1683 1628
f 1628 1683 1656
f 1656 1684 1657
f 1657 1684 1685
f 1657 1685 1658
f 1658 1685 1686
f 1658 1686 1659
f 1659 1686 1687
f 1659 1687 1660
f 1660 1687 1688
f 1660 1688 1661
f 1661 1688 1689
f 1661 1689 1662
f 1662 1689 1690
f 1662 1690 1663
f 1663 1690 1691
f 1663 1691 1664
f 1664 1691 1692
f 1664 1692 1665
f 1665 1692 1693
f 1665 1693 1666
f 1666 1693 1694
f 1666 1694 1667
f 1667 1694 1695
f 1667 1695 1668
f 1668 1695 1696
f 1668 1696 1669
f 1669 1696 1697
f 1669 1697 1670
f 1670 1697 1698
f 1670 1698 1671
f 1671 1698 1699
f 1671 1699 1672
f 1672 1699 1700
f 1672 1700 1673
f 1673 1700 1701
f 1673 1701 1674
f 1674 1701 1702
f 1674 1702 1675
f 1675 1702 1703
f 1675 1703 1676
f 1676 1703 1704
f 1676 1704 1677
f 1677 1704 1705
f 1677 1705 1678
f 1678 1705 1706
f 1678 1706 1679
f 1679 1706 1707
f 1679 1707 1680
f 1680 1707 1708
f 1680 1708 1681
f 1681 1708 1709
f 1681 1709 1682
f 1682 1709 1710
f 1682 1710 1683
f 1683 1710 1711
f 1683 1711 1656
f 1656 1711 1684
f 1684 1712 1685
f 1685 1712 1713
f 1685 1713 1686
f 1686 1713 1714
f 1686 1714 1687
f 1687 1714 1715
f 1687 1715 1688
f 1688 1715 1716
f 1688 1716 1689
f 1689 1716 1717
f 1689 1717 1690
f 1690 1717 1718
f 1690 1718 1691
f 1691 1718 1719
f 1691 1719 1692
f 1692 1719 1720
f 1692 1720 1693
f 1693 1720 1721
f 1693 1721 1694
f 1694 1721 1722
f 1694 1722 1695
f 1695 1722 1723
f 1695 1723 1696
f 1696 1723 1724
f 1696 1724 1697
f 1697 1724 1725
f 1697 1725 1698
f 1698 1725 1726
f 1698 1726 1699
f 1699 1726 1727
f 1699 1727 1700
f 1700 1727 1728
f 1700 1728 1701
f 1701 1728 1729
f 1701 1729 1702
f 1702 1729 1730
f 1702 1730 1703
f 1703 1730 1731
f 1703 1731 1704
f 1704 1731 1732
f 1704 1732 1705
f 1705 1732 1733
f 1705 1733 1706
f 1706 1733 1734
f 1706 1734 1707
f 1707 1734 1735
f 1707 1735 1708
f 1708 1735 1736
f 1708 1736 1709
f 1709 1736 1737
f 1709 1737 1710
f 1710 1737 1738
f 1710 1738 1711
f 1711 1738 1739
f 1711 1739 1684
f 1684 1739 1712
f 1740 1713 1712
f 1740 1714 1713
f 1740 1715 1714
f 1740 1716 1715
f 1740 1717 1716
f 1740 1718 1717
f 1740 1719 1718
f 1740 1720 1719
f 1740 1721 1720
f 1740 1722 1721
f 1740 1723 1722
f 1740 1724 1723
f 1740 1725 1724
f 1740 1726 1725
f 1740 1727 1726
f 1740 1728 1727
f 1740 1729 1728
f 1740 1730 1729
f 1740 1731 1730
f 1740 1732 1731
f 1740 1733 1732
f 1740 1734 1733
f 1740 1735 1734
f 1740 1736 1735
f 1740 1737 1736
f 1740 1738 1737
f 1740 1739 1738
f 1740 1712 1739
f 1741 1742 1743
f 1741 1743 1744
f 1741 1744 1745
f 1741 1745 1746
f 1741 1746 1747
f 1741 1747 1748
f 1741 1748 1749
f 1741 1749 1750
f 1741 1750 1751
f 1741 1751 1752
f 1741 1752 1753
f 1741 1753 1754
f 1741 1754 1755
f 1741 1755 1756
f 1741 1756 1757
f 1741 1757 1758
f 1741 1758 1759
f 1741 1759 1760
f 1741 1760 1761
f 1741 1761 1762
f 1741 1762 1763
f 1741 1763 1764
f 1741 1764 1765
f 1741 1765 1766
f 1741 1766 1767
f 1741 1767 1768
f 1741 1768 1769
f 1741 1769 1742
f 1742 1770 1743
f 1743 1770 1771
f 1743 1771 1744
f 1744 1771 1772
f 1744 1772 1745
f 1745 1772 1773
f 1745 1773 1746
f 1746 1773 1774
f 1746 1774 1747
f 1747 1774 1775
f 1747 1775 1748
f 1748 1775 1776
f 1748 1776 1749
f 1749 1776 1777
f 1749 1777 1750
f 1750 1777 1778
f 1750 1778 1751
f 1751 1778 1779
f 1751 1779 1752
f 1752 1779 1780
f 1752 1780 1753
f 1753 1780 1781
f 1753 1781 1754
f 1754 1781 1782
f 1754 1782 1755
f 1755 1782 1783
f 1755 1783 1756
f 1756 1783 1784
f 1756 1784 1757
f 1757 1784 1785
f 1757 1785 1758
f 1758 1785 1786
f 1758 1786 1759
f 1759 1786 1787
f 1759 1787 1760
f 1760 1787 1788
f 1760 1788 1761
f 1761 1788 1789
f 1761 1789 1762
f 1762 1789 1790
f 1762 1790 1763
f 1763 1790 1791
f 1763 1791 1764
f 1764 1791 1792
f 1764 1792 1765
f 1765 1792 1793
f 1765 1793 1766
f 1766 1793 1794
f 1766 1794 1767
f 1767 1794 1795
f 1767 1795 1768
f 1768 1795 1796
f 1768 1796 1769
f 1769 1796 1797
f 1769 1797 1742
f 1742 1797 1770
f 1770 1798 1771
f 1771 1798 1799
f 1771 1799 1772
f 1772 1799 1800
f 1772 1800 1773
f 1773 1800 1801
f 1773 1801 1774
f 1774 1801 1802
f 1774 1802 1775
f 1775 1802 1803
f 1775 1803 1776
f 1776 1803 1804
f 1776 1804 1777
f 1777 1804 1805
f 1777 1805 1778
f 1778 1805 1806
f 1778 1806 1779
f 1779 1806 1807
f 1779 1807 1780
f 1780 1807 1808
f 1780 1808 1781
f 1781 1808 1809
f 1781 1809 1782
f 1782 1809 1810
f 1782 1810 1783
f 1783 1810 1811
f 1783 1811 1784
f 1784 1811 1812
f 1784 1812 1785
f 1785 1812 1813
f 1785 1813 1786
f 1786 1813 1814
f 1786 1814 1787
f 1787 1814 1815
f 1787 1815 1788
f 1788 1815 1816
f 1788 1816 1789
f 1789 1816 1817
f 1789 1817 1790
f 1790 1817 1818
f 1790 1818 1791
f 1791 1818 1819
f 1791 1819 1792
f 1792 1819 1820
f 1792 1820 1793
f 1793 1820 1821
f 1793 1821 1794
f 1794 1821 1822
f 1794 1822 1795
f 1795 1822 1823
f 1795 1823 1796
f 1796 1823 1824
f 1796 1824 1797
f 1797 1824 1825
f 1797 1825 1770
f 1770 1825 1798
f 1798 1826 1799
f 1799 1826 1827
f 1799 1827 1800
f 1800 1827 1828
f 1800 1828 1801
f 1801 1828 1829
f 1801 1829 1802
f 1802 1829 1830
f 1802 1830 1803
f 1803 1830 1831
f 1803 1831 1804
f 1804 1831 1832
f 1804 1832 1805
f 1805 1832 1833
f 1805 1833 1806
f 1806 1833 1834
f 1806 1834 1807
f 1807 1834 1835
f 1807 1835 1808
f 1808 1835 1836
f 1808 1836 1809
f 1809 1836 1837
f 1809 1837 1810
f 1810 1837 1838
f 1810 1838 1811
f 1811 1838 1839
f 1811 1839 1812
f 1812 1839 1840
f 1812 1840 1813
f 1813 1840 1841
f 1813 1841 1814
f 1814 1841 1842
f 1814 1842 1815
f 1815 1842 1843
f 1815 1843 1816
f 1816 1843 1844
f 1816 1844 1817
f 1817 1844 1845
f 1817 1845 1818
f 1818 1845 1846
f 1818 1846 1819
f 1819 1846 1847
f 1819 1847 1820
f 1820 1847 1848
f 1820 1848 1821
f 1821 1848 1849
f 1821 1849 1822
f 1822 1849 1850
f 1822 1850 1823
f 1823 1850 1851
f 1823 1851 1824
f 1824 1851 1852
f 1824 1852 1825
f 1825 1852 1853
f 1825 1853 1798
f 1798 1853 1826
f 1826 1854 1827
f 1827 1854 1855
f 1827 1855 1828
f 1828 1855 1856
f 1828 1856 1829
f 1829 1856 1857
f 1829 1857 1830
f 1830 1857 1858
f 1830 1858 1831
f 1831 1858 1859
f 1831 1859 1832
f 1832 1859 1860
f 1832 1860 1833
f 1833 1860 1861
f 1833 1861 1834
f 1834 1861 1862
f 1834 1862 1835
f 1835 1862 1863
f 1835 1863 1836
f 1836 1863 1864
f 1836 1864 1837
f 1837 1864 1865
f 1837 1865 1838
f 1838 1865 1866
f 1838 1866 1839
f 1839 1866 1867
f 1839 1867 1840
f 1840 1867 1868
f 1840 1868 1841
f 1841 1868 1869
f 1841 1869 1842
f 1842 1869 1870
f 1842 1870 1843
f 1843 1870 1871
f 1843 1871 1844
f 1844 1871 1872
f 1844 1872 1845
f 1845 1872 1873
f 1845 1873 1846
f 1846 1873 1874
f 1846 1874 1847
f 1847 1874 1875
f 1847 1875 1848
f 1848 1875 1876
f 1848 1876 1849
f 1849 1876 1877
f 1849 1877 1850
f 1850 1877 1878
f 1850 1878 1851
f 1851 1878 1879
f 1851 1879 1852
f 1852 1879 1880
f 1852 1880 1853
f 1853 1880 1881
f 1853 1881 1826
f 1826 1881 1854
f 1854 1882 1855
f 1855 1882 1883
f 1855 1883 1856
f 1856 1883 1884
f 1856 1884 1857
f 1857 1884 1885
f 1857 1885 1858
f 1858 1885 1886
f 1858 1886 1859
f 1859 1886 1887
f 1859 1887 1860
f 1860 1887 1888
f 1860 1888 1861
f 1861 1888 1889
f 1861 1889 1862
f 1862 1889 1890
f 1862 1890 1863
f 1863 1890 1891
f 1863 1891 1864
f 1864 1891 1892
f 1864 1892 1865
f 1865 1892 1893
f 1865 1893 1866
f 1866 1893 1894
f 1866 1894 1867
f 1867 1894 1895
f 1867 1895 1868
f 1868 1895 1896
f 1868 1896 1869
f 1869 1896 1897
f 1869 1897 1870
f 1870 1897 1898
f 1870 1898 1871
f 1871 1898 1899
f 1871 1899 1872
f 1872 1899 1900
f 1872 1900 1873
f 1873 1900 1901
f 1873 1901 1874
f 1874 1901 1902
f 1874 1902 1875
f 1875 1902 1903
f 1875 1903 1876
f 1876 1903 1904
f 1876 1904 1877
f 1877 1904 1905
f 1877 1905 1878
f 1878 1905 1906
f 1878 1906 1879
f 1879 1906 1907
f 1879 1907 1880
f 1880 1907 1908
f 1880 1908 1881
f 1881 1908 1909
f 1881 1909 1854
f 1854 1909 1882
f 1882 1910 1883
f 1883 1910 1911
f 1883 1911 1884
f 1884 1911 1912
f 1884 1912 1885
f 1885 1912 1913
f 1885 1913 1886
f 1886 1913 1914
f 1886 1914 1887
f 1887 1914 1915
f 1887 1915 1888
f 1888 1915 1916
f 1888 1916 1889
f 1889 1916 1917
f 1889 1917 1890
f 1890 1917 1918
f 1890 1918 1891
f 1891 1918 1919
f 1891 1919 1892
f 1892 1919 1920
f 1892 1920 1893
f 1893 1920 1921
f 1893 1921 1894
f 1894 1921 1922
f 1894 1922 1895
f 1895 1922 1923
f 1895 1923 1896
f 1896 1923 1924
f 1896 1924 1897
f 1897 1924 1925
f 1897 1925 1898
f 1898 1925 1926
f 1898 1926 1899
f 1899 1926 1927
f 1899 1927 1900
f 1900 1927 1928
f 1900 1928 1901
f 1901 1928 1929
f 1901 1929 1902
f 1902 1929 1930
f 1902 1930 1903
f 1903 1930 1931
f 1903 1931 1904
f 1904 1931 1932
f 1904 1932 1905
f 1905 1932 1933
f 1905 1933 1906
f 1906 1933 1934
f 1906 1934 1907
f 1907 1934 1935
f 1907 1935 1908
f 1908 1935 1936
f 1908 1936 1909
f 1909 1936 1937
f 1909 1937 1882
f 1882 1937 1910
f 1910 1938 1911
f 1911 1938 1939
f 1911 1939 1912
f 1912 1939 1940
f 1912 1940 1913
f 1913 1940 1941
f 1913 1941 1914
f 1914 1941 1942
f 1914 1942 1915
f 1915 1942 1943
f 1915 1943 1916
f 1916 1943 1944
f 1916 1944 1917
f 1917 1944 1945
f 1917 1945 1918
f 1918 1945 1946
f 1918 1946 1919
f 1919 1946 1947
f 1919 1947 1920
f 1920 1947 1948
f 1920 1948 1921
f 1921 1948 1949
f 1921 1949 1922
f 1922 1949 1950
f 1922 1950 1923
f 1923 1950 1951
f 1923 1951 1924
f 1924 1951 1952
f 1924 1952 1925
f 1925 1952 1953
f 1925 1953 1926
f 1926 1953 1954
f 1926 1954 1927
f 1927 1954 1955
f 1927 1955 1928
f 1928 1955 1956
f 1928 1956 1929
f 1929 1956 1957
f 1929 1957 1930
f 1930 1957 1958
f 1930 1958 1931
f 1931 1958 1959
f 1931 1959 1932
f 1932 1959 1960
f 1932 1960 1933
f 1933 1960 1961
f 1933 1961 1934
f 1934 1961 1962
f 1934 1962 1935
f 1935 1962 1963
f 1935 1963 1936
f 1936 1963 1964
f 1936 1964 1937
f 1937 1964 1965
f 1937 1965 1910
f 1910 1965 1938
f 1938 1966 1939
f 1939 1966 1967
f 1939 1967 1940
f 1940 1967 1968
f 1940 1968 1941
f 1941 1968 1969
f 1941 1969 1942
f 1942 1969 1970
f 1942 1970 1943
f 1943 1970 1971
f 1943 1971 1944
f 1944 1971 1972
f 1944 1972 1945
f 1945 1972 1973
f 1945 1973 1946
f 1946 1973 1974
f 1946 1974 1947
f 1947 1974 1975
f 1947 1975 1948
f 1948 1975 1976
f 1948 1976 1949
f 1949 1976 1977
f 1949 1977 1950
f 1950 1977 1978
f 1950 1978 1951
f 1951 1978 1979
f 1951 1979 1952
f 1952 1979 1980
f 1952 1980 1953
f 1953 1980 1981
f 1953 1981 1954
f 1954 1981 1982
f 1954 1982 1955
f 1955 1982 1983
f 1955 1983 1956
f 1956 1983 1984
f 1956 1984 1957
f 1957 1984 1985
f 1957 1985 1958
f 1958 1985 1986
f 1958 1986 1959
f 1959 1986 1987
f 1959 1987 1960
f 1960 1987 1988
f 1960 1988 1961
f 1961 1988 1989
f 1961 1989 1962
f 1962 1989 1990
f 1962 1990 1963
f 1963 1990 1991
f 1963 1991 1964
f 1964 1991 1992
f 1964 1992 1965
f 1965 1992 1993
f 1965 1993 1938
f 1938 1993 1966
f 1966 1994 1967
f 1967 1994 1995
f 1967 1995 1968
f 1968 1995 1996
f 1968 1996 1969
f 1969 1996 1997
f 1969 1997 1970
f 1970 1997 1998
f 1970 1998 1971
f 1971 1998 1999
f 1971 1999 1972
f 1972 1999 2000
f 1972 2000 1973
f 1973 2000 2001
f 1973 2001 1974
f 1974 2001 2002
f 1974 2002 1975
f 1975 2002 2003
f 1975 2003 1976
f 1976 2003 2004
f 1976 2004 1977
f 1977 2004 2005
f 1977 2005 1978
f 1978 2005 2006
f 1978 2006 1979
f 1979 2006 2007
f 1979 2007 1980
f 1980 2007 2008
f 1980 2008 1981
f 1981 2008 2009
f 1981 2009 1982
f 1982 2009 2010
f 1982 2010 1983
f 1983 2010 2011
f 1983 2011 1984
f 1984 2011 2012
f 1984 2012 1985
f 1985 2012 2013
f 1985 2013 1986
f 1986 2013 2014
f 1986 2014 1987
f 1987 2014 2015
f 1987 2015 1988
f 1988 2015 2016
f 1988 2016 1989
f 1989 2016 2017
f 1989 2017 1990
f 1990 2017 2018
f 1990 2018 1991
f 1991 2018 2019
f 1991 2019 1992
f 1992 2019 2020
f 1992 2020 1993
f 1993 2020 2021
f 1993 2021 1966
f 1966 2021 1994
f 1994 2022 1995
f 1995 2022 2023
f 1995 2023 1996
f 1996 2023 2024
f 1996 2024 1997
f 1997 2024 2025
f 1997 2025 1998
f 1998 2025 2026
f 1998 2026 1999
f 1999 2026 2027
f 1999 2027 2000
f 2000 2027 2028
f 2000 2028 2001
f 2001 2028 2029
f 2001 2029 2002
f 2002 2029 2030
f 2002 2030 2003
f 2003 2030 2031
f 2003 2031 2004
f 2004 2031 2032
f 2004 2032 2005
f 2005 2032 2033
f 2005 2033 2006
f 2006 2033 2034
f 2006 2034 2007
f 2007 2034 2035
f 2007 2035 2008
f 2008 2035 2036
f 2008 2036 2009
f 2009 2036 2037
f 2009 2037 2010
f 2010 2037 2038
f 2010 2038 2011
f 2011 2038 2039
f 2011 2039 2012
f 2012 2039 2040
f 2012 2040 2013
f 2013 2040 2041
f 2013 2041 2014
f 2014 2041 2042
f 2014 2042 2015
f 2015 2042 2043
f 2015 2043 2016
f 2016 2043 2044
f 2016 2044 2017
f 2017 2044 2045
f 2017 2045 2018
f 2018 2045 2046
f 2018 2046 2019
f 2019 2046 2047
f 2019 2047 2020
f 2020 2047 2048
f 2020 2048 2021
f 2021 2048 2049
f 2021 2049 1994
f 1994 2049 2022
f 2022 2050 2023
f 2023 2050 2051
f 2023 2051 2024
f 2024 2051 2052
f 2024 2052 2025
f 2025 2052 2053
f 2025 2053 2026
f 2026 2053 2054
f 2026 2054 2027
f 2027 2054 2055
f 2027 2055 2028
f 2028 2055 2056
f 2028 2056 2029
f 2029 2056 2057
f 2029 2057 2030
f 2030 2057 2058
f 2030 2058 2031
f 2031 2058 2059
f 2031 2059 2032
f 2032 2059 2060
f 2032 2060 2033
f 2033 2060 2061
f 2033 2061 2034
f 2034 2061 2062
f 2034 2062 2035
f 2035 2062 2063
f 2035 2063 2036
f 2036 2063 2064
f 2036 2064 2037
f 2037 2064 2065
f 2037 2065 2038
f 2038 2065 2066
f 2038 2066 2039
f 2039 2066 2067
f 2039 2067 2040
f 2040 2067 2068
f 2040 2068 2041
f 2041 2068 2069
f 2041 2069 2042
f 2042 2069 2070
f 2042 2070 2043
f 2043 2070 2071
f 2043 2071 2044
f 2044 2071 2072
f 2044 2072 2045
f 2045 2072 2073
f 2045 2073 2046
f 2046 2073 2074
f 2046 2074 2047
f 2047 2074 2075
f 2047 2075 2048
f 2048 2075 2076
f 2048 2076 2049
f 2049 2076 2077
f 2049 2077 2022
f 2022 2077 2050
f 2078 2051 2050
f 2078 2052 2051
f 2078 2053 2052
f 2078 2054 2053
f 2078 2055 2054
f 2078 2056 2055
f 2078 2057 2056
f 2078 2058 2057
f 2078 2059 2058
f 2078 2060 2059
f 2078 2061 2060
f 2078 2062 2061
f 2078 2063 2062
f 2078 2064 2063
f 2078 2065 2064
f 2078 2066 2065
f 2078 2067 2066
f 2078 2068 2067
f 2078 2069 2068
f 2078 2070 2069
f 2078 2071 2070
f 2078 2072 2071
f 2078 2073 2072
f 2078 2074 2073
f 2078 2075 2074
f 2078 2076 2075
f 2078 2077 2076
f 2078 2050 2077
f 2079 2080 2081
f 2079 2081 2082
f 2079 2082 2083
f 2079 2083 2084
f 2079 2084 2085
f 2079 2085 2086
f 2079 2086 2087
f 2079 2087 2088
f 2079 2088 2089
f 2079 2089 2090
f 2079 2090 2091
f 2079 2091 2092
f 2079 2092 2093
f 2079 2093 2094
f 2079 2094 2095
f 2079 2095 2096
f 2079 2096 2097
f 2079 2097 2098
f 2079 2098 2099
f 2079 2099 2100
f 2079 2100 2101
f 2079 2101 2102
f 2079 2102 2103
f 2079 2103 2104
f 2079 2104 2105
f 2079 2105 2106
f 2079 2106 2107
f 2079 2107 2080
f 2080 2108 2081
f 2081 2108 2109
f 2081 2109 2082
f 2082 2109 2110
f 2082 2110 2083
f 2083 2110 2111
f 2083 2111 2084
f 2084 2111 2112
f 2084 2112 2085
f 2085 2112 2113
f 2085 2113 2086
f 2086 2113 2114
f 2086 2114 2087
f 2087 2114 2115
f 2087 2115 2088
f 2088 2115 2116
f 2088 2116 2089
f 2089 2116 2117
f 2089 2117 2090
f 2090 2117 2118
f 2090 2118 2091
f 2091 2118 2119
f 2091 2119 2092
f 2092 2119 2120
f 2092 2120 2093
f 2093 2120 2121
f 2093 2121 2094
f 2094 2121 2122
f 2094 2122 2095
f 2095 2122 2123
f 2095 2123 2096
f 2096 2123 2124
f 2096 2124 2097
f 2097 2124 2125
f 2097 2125 2098
f 2098 2125 2126
f 2098 2126 2099
f 2099 2126 2127
f 2099 2127 2100
f 2100 2127 2128
f 2100 2128 2101
f 2101 2128 2129
f 2101 2129 2102
f 2102 2129 2130
f 2102 2130 2103
f 2103 2130 2131
f 2103 2131 2104
f 2104 2131 2132
f 2104 2132 2105
f 2105 2132 2133
f 2105 2133 2106
f 2106 2133 2134
f 2106 2134 2107
f 2107 2134 2135
f 2107 2135 2080
f 2080 2135 2108
f 2108 2136 2109
f 2109 2136 2137
f 2109 2137 2110
f 2110 2137 2138
f 2110 2138 2111
f 2111 2138 2139
f 2111 2139 2112
f 2112 2139 2140
f 2112 2140 2113
f 2113 2140 2141
f 2113 2141 2114
f 2114 2141 2142
f 2114 2142 2115
f 2115 2142 2143
f 2115 2143 2116
f 2116 2143 2144
f 2116 2144 2117
f 2117 2144 2145
f 2117 2145 2118
f 2118 2145 2146
f 2118 2146 2119
f 2119 2146 2147
f 2119 2147 2120
f 2120 2147 2148
f 2120 2148 2121
f 2121 2148 2149
f 2121 2149 2122
f 2122 2149 2150
f 2122 2150 2123
f 2123 2150 2151
f 2123 2151 2124
f 2124 2151 2152
f 2124 2152 2125
f 2125 2152 2153
f 2125 2153 2126
f 2126 2153 2154
f 2126 2154 2127
f 2127 2154 2155
f 2127 2155 2128
f 2128 2155 2156
f 2128 2156 2129
f 2129 2156 2157
f 2129 2157 2130
f 2130 2157 2158
f 2130 2158 2131
f 2131 2158 2159
f 2131 2159 2132
f 2132 2159 2160
f 2132 2160 2133
f 2133 2160 2161
f 2133 2161 2134
f 2134 2161 2162
f 2134 2162 2135
f 2135 2162 2163
f 2135 2163 2108
f 2108 2163 2136
f 2136 2164 2137
f 2137 2164 2165
f 2137 2165 2138
f 2138 2165 2166
f 2138 2166 2139
f 2139 2166 2167
f 2139 2167 2140
f 2140 2167 2168
f 2140 2168 2141
f 2141 2168 2169
f 2141 2169 2142
f 2142 2169 2170
f 2142 2170 2143
f 2143 2170 2171
f 2143 2171 2144
f 2144 2171 2172
f 2144 2172 2145
f 2145 2172 2173
f 2145 2173 2146
f 2146 2173 2174
f 2146 2174 2147
f 2147 2174 2175
f 2147 2175 2148
f 2148 2175 2176
f 2148 2176 2149
f 2149 2176 2177
f 2149 2177 2150
f 2150 2177 2178
f 2150 2178 2151
f 2151 2178 2179
f 2151 2179 2152
f 2152 2179 2180
f 2152 2180 2153
f 2153 2180 2181
f 2153 2181 2154
f 2154 2181 2182
f 2154 2182 2155
f 2155 2182 2183
f 2155 2183 2156
f 2156 2183 2184
f 2156 2184 2157
f 2157 2184 2185
f 2157 2185 2158
f 2158 2185 2186
f 2158 2186 2159
f 2159 2186 2187
f 2159 2187 2160
f 2160 2187 2188
f 2160 2188 2161
f 2161 2188 2189
f 2161 2189 2162
f 2162 2189 2190
f 2162 2190 2163
f 2163 2190 2191
f 2163 2191 2136
f 2136 2191 2164
f 2164 2192 2165
f 2165 2192 2193
f 2165 2193 2166
f 2166 2193 2194
f 2166 2194 2167
f 2167 2194 2195
f 2167 2195 2168
f 2168 2195 2196
f 2168 2196 2169
f 2169 2196 2197
f 2169 2197 2170
f 2170 2197 2198
f 2170 2198 2171
f 2171 2198 2199
f 2171 2199 2172
f 2172 2199 2200
f 2172 2200 2173
f 2173 2200 2201
f 2173 2201 2174
f 2174 2201 2202
f 2174 2202 2175
f 2175 2202 2203
f 2175 2203 2176
f 2176 2203 2204
f 2176 2204 2177
f 2177 2204 2205
f 2177 2205 2178
f 2178 2205 2206
f 2178 2206 2179
f 2179 2206 2207
f 2179 2207 2180
f 2180 2207 2208
f 2180 2208 2181
f 2181 2208 2209
f 2181 2209 2182
f 2182 2209 2210
f 2182 2210 2183
f 2183 2210 2211
f 2183 2211 2184
f 2184 2211 2212
f 2184 2212 2185
f 2185 2212 2213
f 2185 2213 2186
f 2186 2213 2214
f 2186 2214 2187
f 2187 2214 2215
f 2187 2215 2188
f 2188 2215 2216
f 2188 2216 2189
f 2189 2216 2217
f 2189 2217 2190
f 2190 2217 2218
f 2190 2218 2191
f 2191 2218 2219
f 2191 2219 2164
f 2164 2219 2192
f 2192 2220 2193
f 2193 2220 2221
f 2193 2221 2194
f 2194 2221 2222
f 2194 2222 2195
f 2195 2222 2223
f 2195 2223 2196
f 2196 2223 2224
f 2196 2224 2197
f 2197 2224 2225
f 2197 2225 2198
f 2198 2225 2226
f 2198 2226 2199
f 2199 2226 2227
f 2199 2227 2200
f 2200 2227 2228
f 2200 2228 2201
f 2201 2228 2229
f 2201 2229 2202
f 2202 2229 2230
f 2202 2230 2203
f 2203 2230 2231
f 2203 2231 2204
f 2204 2231 2232
f 2204 2232 2205
f 2205 2232 2233
f 2205 2233 2206
f 2206 2233 2234
f 2206 2234 2207
f 2207 2234 2235
f 2207 2235 2208
f 2208 2235 2236
f 2208 2236 2209
f 2209 2236 2237
f 2209 2237 2210
f 2210 2237 2238
f 2210 2238 2211
f 2211 2238 2239
f 2211 2239 2212
f 2212 2239 2240
f 2212 2240 2213
f 2213 2240 2241
f 2213 2241 2214
f 2214 2241 2242
f 2214 2242 2215
f 2215 2242 2243
f 2215 2243 2216
f 2216 2243 2244
f 2216 2244 2217
f 2217 2244 2245
f 2217 2245 2218
f 2218 2245 2246
f 2218 2246 2219
f 2219 2246 2247
f 2219 2247 2192
f 2192 2247 2220
f 2220 2248 2221
f 2221 2248 2249
f 2221 2249 2222
f 2222 2249 2250
f 2222 2250 2223
f 2223 2250 2251
f 2223 2251 2224
f 2224 2251 2252
f 2224 2252 2225
f 2225 2252 2253
f 2225 2253 2226
f 2226 2253 2254
f 2226 2254 2227
f 2227 2254 2255
f 2227 2255 2228
f 2228 2255 2256
f 2228 2256 2229
f 2229 2256 2257
f 2229 2257 2230
f 2230 2257 2258
f 2230 2258 2231
f 2231 2258 2259
f 2231 2259 2232
f 2232 2259 2260
f 2232 2260 2233
f 2233 2260 2261
f 2233 2261 2234
f 2234 2261 2262
f 2234 2262 2235
f 2235 2262 2263
f 2235 2263 2236
f 2236 2263 2264
f 2236 2264 2237
f 2237 2264 2265
f 2237 2265 2238
f 2238 2265 2266
f 2238 2266 2239
f 2239 2266 2267
f 2239 2267 2240
f 2240 2267 2268
f 2240 2268 2241
f 2241 2268 2269
f 2241 2269 2242
f 2242 2269 2270
f 2242 2270 2243
f 2243 2270 2271
f 2243 2271 2244
f 2244 2271 2272
f 2244 2272 2245
f 2245 2272 2273
f 2245 2273 2246
f 2246 2273 2274
f 2246 2274 2247
f 2247 2274 2275
f 2247 2275 2220
f 2220 2275 2248
f 2248 2276 2249
f 2249 2276 2277
f 2249 2277 2250
f 2250 2277 2278
f 2250 2278 2251
f 2251 2278 2279
f 2251 2279 2252
f 2252 2279 2280
f 2252 2280 2253
f 2253 2280 2281
f 2253 2281 2254
f 2254 2281 2282
f 2254 2282 2255
f 2255 2282 2283
f 2255 2283 2256
f 2256 2283 2284
f 2256 2284 2257
f 2257 2284 2285
f 2257 2285 2258
f 2258 2285 2286
f 2258 2286 2259
f 2259 2286 2287
f 2259 2287 2260
f 2260 2287 2288
f 2260 2288 2261
f 2261 2288 2289
f 2261 2289 2262
f 2262 2289 2290
f 2262 2290 2263
f 2263 2290 2291
f 2263 2291 2264
f 2264 2291 2292
f 2264 2292 2265
f 2265 2292 2293
f 2265 2293 2266
f 2266 2293 2294
f 2266 2294 2267
f 2267 2294 2295
f 2267 2295 2268
f 2268 2295 2296
f 2268 2296 2269
f 2269 2296 2297
f 2269 2297 2270
f 2270 2297 2298
f 2270 2298 2271
f 2271 2298 2299
f 2271 2299 2272
f 2272 2299 2300
f 2272 2300 2273
f 2273 2300 2301
f 2273 2301 2274
f 2274 2301 2302
f 2274 2302 2275
f 2275 2302 2303
f 2275 2303 2248
f 2248 2303 2276
f 2276 2304 2277
f 2277 2304 2305
f 2277 2305 2278
f 2278 2305 2306
f 2278 2306 2279
f 2279 2306 2307
f 2279 2307 2280
f 2280 2307 2308
f 2280 2308 2281
f 2281 2308 2309
f 2281 2309 2282
f 2282 2309 2310
f 2282 2310 2283
f 2283 2310 2311
f 2283 2311 2284
f 2284 2311 2312
f 2284 2312 2285
f 2285 2312 2313
f 2285 2313 2286
f 2286 2313 2314
f 2286 2314 2287
f 2287 2314 2315
f 2287 2315 2288
f 2288 2315 2316
f 2288 2316 2289
f 2289 2316 2317
f 2289 2317 2290
f 2290 2317 2318
f 2290 2318 2291
f 2291 2318 2319
f 2291 2319 2292
f 2292 2319 2320
f 2292 2320 2293
f 2293 2320 2321
f 2293 2321 2294
f 2294 2321 2322
f 2294 2322 2295
f 2295 2322 2323
f 2295 2323 2296
f 2296 2323 2324
f 2296 2324 2297
f 2297 2324 2325
f 2297 2325 2298
f 2298 2325 2326
f 2298 2326 2299
f 2299 2326 2327
f 2299 2327 2300
f 2300 2327 2328
f 2300 2328 2301
f 2301 2328 2329
f 2301 2329 2302
f 2302 2329 2330
f 2302 2330 2303
f 2303 2330 2331
f 2303 2331 2276
f 2276 2331 2304
f 2304 2332 2305
f 2305 2332 2333
f 2305 2333 2306
f 2306 2333 2334
f 2306 2334 2307
f 2307 2334 2335
f 2307 2335 2308
f 2308 2335 2336
f 2308 2336 2309
f 2309 2336 2337
f 2309 2337 2310
f 2310 2337 2338
f 2310 2338 2311
f 2311 2338 2339
f 2311 2339 2312
f 2312 2339 2340
f 2312 2340 2313
f 2313 2340 2341
f 2313 2341 2314
f 2314 2341 2342
f 2314 2342 2315
f 2315 2342 2343
f 2315 2343 2316
f 2316 2343 2344
f 2316 2344 2317
f 2317 2344 2345
f 2317 2345 2318
f 2318 2345 2346
f 2318 2346 2319
f 2319 2346 2347
f 2319 2347 2320
f 2320 2347 2348
f 2320 2348 2321
f 2321 2348 2349
f 2321 2349 2322
f 2322 2349 2350
f 2322 2350 2323
f 2323 2350 2351
f 2323 2351 2324
f 2324 2351 2352
f 2324 2352 2325
f 2325 2352 2353
f 2325 2353 2326
f 2326 2353 2354
f 2326 2354 2327
f 2327 2354 2355
f 2327 2355 2328
f 2328 2355 2356
f 2328 2356 2329
f 2329 2356 2357
f 2329 2357 2330
f 2330 2357 2358
f 2330 2358 2331
f 2331 2358 2359
f 2331 2359 2304
f 2304 2359 2332
f 2332 2360 2333
f 2333 2360 2361
f 2333 2361 2334
f 2334 2361 2362
f 2334 2362 2335
f 2335 2362 2363
f 2335 2363 2336
f 2336 2363 2364
f 2336 2364 2337
f 2337 2364 2365
f 2337 2365 2338
f 2338 2365 2366
f 2338 2366 2339
f 2339 2366 2367
f 2339 2367 2340
f 2340 2367 2368
f 2340 2368 2341
f 2341 2368 2369
f 2341 2369 2342
f 2342 2369 2370
f 2342 2370 2343
f 2343 2370 2371
f 2343 2371 2344
f 2344 2371 2372
f 2344 2372 2345
f 2345 2372 2373
f 2345 2373 2346
f 2346 2373 2374
f 2346 2374 2347
f 2347 2374 2375
f 2347 2375 2348
f 2348 2375 2376
f 2348 2376 2349
f 2349 2376 2377
f 2349 2377 2350
f 2350 2377 2378
f 2350 2378 2351
f 2351 2378 2379
f 2351 2379 2352
f 2352 2379 2380
f 2352 2380 2353
f 2353 2380 2381
f 2353 2381 2354
f 2354 2381 2382
f 2354 2382 2355
f 2355 2382 2383
f 2355 2383 2356
f 2356 2383 2384
f 2356 2384 2357
f 2357 2384 2385
f 2357 2385 2358
f 2358 2385 2386
f 2358 2386 2359
f 2359 2386 2387
f 2359 2387 2332
f 2332 2387 2360
f 2360 2388 2361
f 2361 2388 2389
f 2361 2389 2362
f 2362 2389 2390
f 2362 2390 2363
f 2363 2390 2391
f 2363 2391 2364
f 2364 2391 2392
f 2364 2392 2365
f 2365 2392 2393
f 2365 2393 2366
f 2366 2393 2394
f 2366 2394 2367
f 2367 2394 2395
f 2367 2395 2368
f 2368 2395 2396
f 2368 2396 2369
f 2369 2396 2397
f 2369 2397 2370
f 2370 2397 2398
f 2370 2398 2371
f 2371 2398 2399
f 2371 2399 2372
f 2372 2399 2400
f 2372 2400 2373
f 2373 2400 2401
f 2373 2401 2374
f 2374 2401 2402
f 2374 2402 2375
f 2375 2402 2403
f 2375 2403 2376
f 2376 2403 2404
f 2376 2404 2377
f 2377 2404 2405
f 2377 2405 2378
f 2378 2405 2406
f 2378 2406 2379
f 2379 2406 2407
f 2379 2407 2380
f 2380 2407 2408
f 2380 2408 2381
f 2381 2408 2409
f 2381 2409 2382
f 2382 2409 2410
f 2382 2410 2383
f 2383 2410 2411
f 2383 2411 2384
f 2384 2411 2412
f 2384 2412 2385
f 2385 2412 2413
f 2385 2413 2386
f 2386 2413 2414
f 2386 2414 2387
f 2387 2414 2415
f 2387 2415 2360
f 2360 2415 2388
f 2416 2389 2388
f 2416 2390 2389
f 2416 2391 2390
f 2416 2392 2391
f 2416 2393 2392
f 2416 2394 2393
f 2416 2395 2394
f 2416 2396 2395
f 2416 2397 2396
f 2416 2398 2397
f 2416 2399 2398
f 2416 2400 2399
f 2416 2401 2400
f 2416 2402 2401
f 2416 2403 2402
f 2416 2404 2403
f 2416 2405 2404
f 2416 2406 2405
f 2416 2407 2406
f 2416 2408 2407
f 2416 2409 2408
f 2416 2410 2409
f 2416 2411 2410
f 2416 2412 2411
f 2416 2413 2412
f 2416 2414 2413
f 2416 2415 2414
f 2416 2388 2415
f 2417 2418 2419
f 2417 2419 2420
f 2417 2420 2421
f 2417 2421 2422
f 2417 2422 2423
f 2417 2423 2424
f 2417 2424 2425
f 2417 2425 2426
f 2417 2426 2427
f 2417 2427 2428
f 2417 2428 2429
f 2417 2429 2430
f 2417 2430 2431
f 2417 2431 2432
f 2417 2432 2433
f 2417 2433 2434
f 2417 2434 2435
f 2417 2435 2436
f 2417 2436 2437
f 2417 2437 2438
f 2417 2438 2439
f 2417 2439 2440
f 2417 2440 2441
f 2417 2441 2442
f 2417 2442 2443
f 2417 2443 2444
f 2417 2444 2445
f 2417 2445 2418
f 2418 2446 2419
f 2419 2446 2447
f 2419 2447 2420
f 2420 2447 2448
f 2420 2448 2421
f 2421 2448 2449
f 2421 2449 2422
f 2422 2449 2450
f 2422 2450 2423
f 2423 2450 2451
f 2423 2451 2424
f 2424 2451 2452
f 2424 2452 2425
f 2425 2452 2453
f 2425 2453 2426
f 2426 2453 2454
f 2426 2454 2427
f 2427 2454 2455
f 2427 2455 2428
f 2428 2455 2456
f 2428 2456 2429
f 2429 2456 2457
f 2429 2457 2430
f 2430 2457 2458
f 2430 2458 2431
f 2431 2458 2459
f 2431 2459 2432
f 2432 2459 2460
f 2432 2460 2433
f 2433 2460 2461
f 2433 2461 2434
f 2434 2461 2462
f 2434 2462 2435
f 2435 2462 2463
f 2435 2463 2436
f 2436 2463 2464
f 2436 2464 2437
f 2437 2464 2465
f 2437 2465 2438
f 2438 2465 2466
f 2438 2466 2439
f 2439 2466 2467
f 2439 2467 2440
f 2440 2467 2468
f 2440 2468 2441
f 2441 2468 2469
f 2441 2469 2442
f 2442 2469 2470
f 2442 2470 2443
f 2443 2470 2471
f 2443 2471 2444
f 2444 2471 2472
f 2444 2472 2445
f 2445 2472 2473
f 2445 2473 2418
f 2418 2473 2446
f 2446 2474 2447
f 2447 2474 2475
f 2447 2475 2448
f 2448 2475 2476
f 2448 2476 2449
f 2449 2476 2477
f 2449 2477 2450
f 2450 2477 2478
f 2450 2478 2451
f 2451 2478 2479
f 2451 2479 2452
f 2452 2479 2480
f 2452 2480 2453
f 2453 2480 2481
f 2453 2481 2454
f 2454 2481 2482
f 2454 2482 2455
f 2455 2482 2483
f 2455 2483 2456
f 2456 2483 2484
f 2456 2484 2457
f 2457 2484 2485
f 2457 2485 2458
f 2458 2485 2486
f 2458 2486 2459
f 2459 2486 2487
f 2459 2487 2460
f 2460 2487 2488
f 2460 2488 2461
f 2461 2488 2489
f 2461 2489 2462
f 2462 2489 2490
f 2462 2490 2463
f 2463 2490 2491
f 2463 2491 2464
f 2464 2491 2492
f 2464 2492 2465
f 2465 2492 2493
f 2465 2493 2466
f 2466 2493 2494
f 2466 2494 2467
f 2467 2494 2495
f 2467 2495 2468
f 2468 2495 2496
f 2468 2496 2469
f 2469 2496 2497
f 2469 2497 2470
f 2470 2497 2498
f 2470 2498 2471
f 2471 2498 2499
f 2471 2499 2472
f 2472 2499 2500
f 2472 2500 2473
f 2473 2500 2501
f 2473 2501 2446
f 2446 2501 2474
f 2474 2502 2475
f 2475 2502 2503
f 2475 2503 2476
f 2476 2503 2504
f 2476 2504 2477
f 2477 2504 2505
f 2477 2505 2478
f 2478 2505 2506
f 2478 2506 2479
f 2479 2506 2507
f 2479 2507 2480
f 2480 2507 2508
f 2480 2508 2481
f 2481 2508 2509
f 2481 2509 2482
f 2482 2509 2510
f 2482 2510 2483
f 2483 2510 2511
f 2483 2511 2484
f 2484 2511 2512
f 2484 2512 2485
f 2485 2512 2513
f 2485 2513 2486
f 2486 2513 2514
f 2486 2514 2487
f 2487 2514 2515
f 2487 2515 2488
f 2488 2515 2516
f 2488 2516 2489
f 2489 2516 2517
f 2489 2517 2490
f 2490 2517 2518
f 2490 2518 2491
f 2491 2518 2519
f 2491 2519 2492
f 2492 2519 2520
f 2492 2520 2493
f 2493 2520 2521
f 2493 2521 2494
f 2494 2521 2522
f 2494 2522 2495
f 2495 2522 2523
f 2495 2523 2496
f 2496 2523 2524
f 2496 2524 2497
f 2497 2524 2525
f 2497 2525 2498
f 2498 2525 2526
f 2498 2526 2499
f 2499 2526 2527
f 2499 2527 2500
f 2500 2527 2528
f 2500 2528 2501
f 2501 2528 2529
f 2501 2529 2474
f 2474 2529 2502
f 2502 2530 2503
f 2503 2530 2531
f 2503 2531 2504
f 2504 2531 2532
f 2504 2532 2505
f 2505 2532 2533
f 2505 2533 2506
f 2506 2533 2534
f 2506 2534 2507
f 2507 2534 2535
f 2507 2535 2508
f 2508 2535 2536
f 2508 2536 2509
f 2509 2536 2537
f 2509 2537 2510
f 2510 2537 2538
f 2510 2538 2511
f 2511 2538 2539
f 2511 2539 2512
f 2512 2539 2540
f 2512 2540 2513
f 2513 2540 2541
f 2513 2541 2514
f 2514 2541 2542
f 2514 2542 2515
f 2515 2542 2543
f 2515 2543 2516
f 2516 2543 2544
f 2516 2544 2517
f 2517 2544 2545
f 2517 2545 2518
f 2518 2545 2546
f 2518 2546 2519
f 2519 2546 2547
f 2519 2547 2520
f 2520 2547 2548
f 2520 2548 2521
f 2521 2548 2549
f 2521 2549 2522
f 2522 2549 2550
f 2522 2550 2523
f 2523 2550 2551
f 2523 2551 2524
f 2524 2551 2552
f 2524 2552 2525
f 2525 2552 2553
f 2525 2553 2526
f 2526 2553 2554
f 2526 2554 2527
f 2527 2554 2555
f 2527 2555 2528
f 2528 2555 2556
f 2528 2556 2529
f 2529 2556 2557
f 2529 2557 2502
f 2502 2557 2530
f 2530 2558 2531
f 2531 2558 2559
f 2531 2559 2532
f 2532 2559 2560
f 2532 2560 2533
f 2533 2560 2561
f 2533 2561 2534
f 2534 2561 2562
f 2534 2562 2535
f 2535 2562 2563
f 2535 2563 2536
f 2536 2563 2564
f 2536 2564 2537
f 2537 2564 2565
f 2537 2565 2538
f 2538 2565 2566
f 2538 2566 2539
f 2539 2566 2567
f 2539 2567 2540
f 2540 2567 2568
f 2540 2568 2541
f 2541 2568 2569
f 2541 2569 2542
f 2542 2569 2570
f 2542 2570 2543
f 2543 2570 2571
f 2543 2571 2544
f 2544 2571 2572
f 2544 2572 2545
f 2545 2572 2573
f 2545 2573 2546
f 2546 2573 2574
f 2546 2574 2547
f 2547 2574 2575
f 2547 2575 2548
f 2548 2575 2576
f 2548 2576 2549
f 2549 2576 2577
f 2549 2577 2550
f 2550 2577 2578
f 2550 2578 2551
f 2551 2578 2579
f 2551 2579 2552
f 2552 2579 2580
f 2552 2580 2553
f 2553 2580 2581
f 2553 2581 2554
f 2554 2581 2582
f 2554 2582 2555
f 2555 2582 2583
f 2555 2583 2556
f 2556 2583 2584
f 2556 2584 2557
f 2557 2584 2585
f 2557 2585 2530
f 2530 2585 2558
f 2558 2586 2559
f 2559 2586 2587
f 2559 2587 2560
f 2560 2587 2588
f 2560 2588 2561
f 2561 2588 2589
f 2561 2589 2562
f 2562 2589 2590
f 2562 2590 2563
f 2563 2590 2591
f 2563 2591 2564
f 2564 2591 2592
f 2564 2592 2565
f 2565 2592 2593
f 2565 2593 2566
f 2566 2593 2594
f 2566 2594 2567
f 2567 2594 2595
f 2567 2595 2568
f 2568 2595 2596
f 2568 2596 2569
f 2569 2596 2597
f 2569 2597 2570
f 2570 2597 2598
f 2570 2598 2571
f 2571 2598 2599
f 2571 2599 2572
f 2572 2599 2600
f 2572 2600 2573
f 2573 2600 2601
f 2573 2601 2574
f 2574 2601 2602
f 2574 2602 2575
f 2575 2602 2603
f 2575 2603 2576
f 2576 2603 2604
f 2576 2604 2577
f 2577 2604 2605
f 2577 2605 2578
f 2578 2605 2606
f 2578 2606 2579
f 2579 2606 2607
f 2579 2607 2580
f 2580 2607 2608
f 2580 2608 2581
f 2581 2608 2609
f 2581 2609 2582
f 2582 2609 2610
f 2582 2610 2583
f 2583 2610 2611
f 2583 2611 2584
f 2584 2611 2612
f 2584 2612 2585
f 2585 2612 2613
f 2585 2613 2558
f 2558 2613 2586
f 2586 2614 2587
f 2587 2614 2615
f 2587 2615 2588
f 2588 2615 2616
f 2588 2616 2589
f 2589 2616 2617
f 2589 2617 2590
f 2590 2617 2618
f 2590 2618 2591
f 2591 2618 2619
f 2591 2619 2592
f 2592 2619 2620
f 2592 2620 2593
f 2593 2620 2621
f 2593 2621 2594
f 2594 2621 2622
f 2594 2622 2595
f 2595 2622 2623
f 2595 2623 2596
f 2596 2623 2624
f 2596 2624 2597
f 2597 2624 2625
f 2597 2625 2598
f 2598 2625 2626
f 2598 2626 2599
f 2599 2626 2627
f 2599 2627 2600
f 2600 2627 2628
f 2600 2628 2601
f 2601 2628 2629
f 2601 2629 2602
f 2602 2629 2630
f 2602 2630 2603
f 2603 2630 2631
f 2603 2631 2604
f 2604 2631 2632
f 2604 2632 2605
f 2605 2632 2633
f 2605 2633 2606
f 2606 2633 2634
f 2606 2634 2607
f 2607 2634 2635
f 2607 2635 2608
f 2608 2635 2636
f 2608 2636 2609
f 2609 2636 2637
f 2609 2637 2610
f 2610 2637 2638
f 2610 2638 2611
f 2611 2638 2639
f 2611 2639 2612
f 2612 2639 2640
f 2612 2640 2613
f 2613 2640 2641
f 2613 2641 2586
f 2586 2641 2614
f 2614 2642 2615
f 2615 2642 2643
f 2615 2643 2616
f 2616 2643 2644
f 2616 2644 2617
f 2617 2644 2645
f 2617 2645 2618
f 2618 2645 2646
f 2618 2646 2619
f 2619 2646 2647
f 2619 2647 2620
f 2620 2647 2648
f 2620 2648 2621
f 2621 2648 2649
f 2621 2649 2622
f 2622 2649 2650
f 2622 2650 2623
f 2623 2650 2651
f 2623 2651 2624
f 2624 2651 2652
f 2624 2652 2625
f 2625 2652 2653
f 2625 2653 2626
f 2626 2653 2654
f 2626 2654 2627
f 2627 2654 2655
f 2627 2655 2628
f 2628 2655 2656
f 2628 2656 2629
f 2629 2656 2657
f 2629 2657 2630
f 2630 2657 2658
f 2630 2658 2631
f 2631 2658 2659
f 2631 2659 2632
f 2632 2659 2660
f 2632 2660 2633
f 2633 2660 2661
f 2633 2661 2634
f 2634 2661 2662
f 2634 2662 2635
f 2635 2662 2663
f 2635 2663 2636
f 2636 2663 2664
f 2636 2664 2637
f 2637 2664 2665
f 2637 2665 2638
f 2638 2665 2666
f 2638 2666 2639
f 2639 2666 2667
f 2639 2667 2640
f 2640 2667 2668
f 2640 2668 2641
f 2641 2668 2669
f 2641 2669 2614
f 2614 2669 2642
f 2642 2670 2643
f 2643 2670 2671
f 2643 2671 2644
f 2644 2671 2672
f 2644 2672 2645
f 2645 2672 2673
f 2645 2673 2646
f 2646 2673 2674
f 2646 2674 2647
f 2647 2674 2675
f 2647 2675 2648
f 2648 2675 2676
f 2648 2676 2649
f 2649 2676 2677
f 2649 2677 2650
f 2650 2677 2678
f 2650 2678 2651
f 2651 2678 2679
f 2651 2679 2652
f 2652 2679 2680
f 2652 2680 2653
f 2653 2680 2681
f 2653 2681 2654
f 2654 2681 2682
f 2654 2682 2655
f 2655 2682 2683
f 2655 2683 2656
f 2656 2683 2684
f 2656 2684 2657
f 2657 2684 2685
f 2657 2685 2658
f 2658 2685 2686
f 2658 2686 2659
f 2659 2686 2687
f 2659 2687 2660
f 2660 2687 2688
f 2660 2688 2661
f 2661 2688 2689
f 2661 2689 2662
f 2662 2689 2690
f 2662 2690 2663
f 2663 2690 2691
f 2663 2691 2664
f 2664 2691 2692
f 2664 2692 2665
f 2665 2692 2693
f 2665 2693 2666
f 2666 2693 2694
f 2666 2694 2667
f 2667 2694 2695
f 2667 2695 2668
f 2668 2695 2696
f 2668 2696 2669
f 2669 2696 2697
f 2669 2697 2642
f 2642 2697 2670
f 2670 2698 2671
f 2671 2698 2699
f 2671 2699 2672
f 2672 2699 2700
f 2672 2700 2673
f 2673 2700 2701
f 2673 2701 2674
f 2674 2701 2702
f 2674 2702 2675
f 2675 2702 2703
f 2675 2703 2676
f 2676 2703 2704
f 2676 2704 2677
f 2677 2704 2705
f 2677 2705 2678
f 2678 2705 2706
f 2678 2706 2679
f 2679 2706 2707
f 2679 2707 2680
f 2680 2707 2708
f 2680 2708 2681
f 2681 2708 2709
f 2681 2709 2682
f 2682 2709 2710
f 2682 2710 2683
f 2683 2710 2711
f 2683 2711 2684
f 2684 2711 2712
f 2684 2712 2685
f 2685 2712 2713
f 2685 2713 2686
f 2686 2713 2714
f 2686 2714 2687
f 2687 2714 2715
f 2687 2715 2688
f 2688 2715 2716
f 2688 2716 2689
f 2689 2716 2717
f 2689 2717 2690
f 2690 2717 2718
f 2690 2718 2691
f 2691 2718 2719
f 2691 2719 2692
f 2692 2719 2720
f 2692 2720 2693
f 2693 2720 2721
f 2693 2721 2694
f 2694 2721 2722
f 2694 2722 2695
f 2695 2722 2723
f 2695 2723 2696
f 2696 2723 2724
f 2696 2724 2697
f 2697 2724 2725
f 2697 2725 2670
f 2670 2725 2698
f 2698 2726 2699
f 2699 2726 2727
f 2699 2727 2700
f 2700 2727 2728
f 2700 2728 2701
f 2701 2728 2729
f 2701 2729 2702
f 2702 2729 2730
f 2702 2730 2703
f 2703 2730 2731
f 2703 2731 2704
f 2704 2731 2732
f 2704 2732 2705
f 2705 2732 2733
f 2705 2733 2706
f 2706 2733 2734
f 2706 2734 2707
f 2707 2734 2735
f 2707 2735 2708
f 2708 2735 2736
f 2708 2736 2709
f 2709 2736 2737
f 2709 2737 2710
f 2710 2737 2738
f 2710 2738 2711
f 2711 2738 2739
f 2711 2739 2712
f 2712 2739 2740
f 2712 2740 2713
f 2713 2740 2741
f 2713 2741 2714
f 2714 2741 2742
f 2714 2742 2715
f 2715 2742 2743
f 2715 2743 2716
f 2716 2743 2744
f 2716 2744 2717
f 2717 2744 2745
f 2717 2745 2718
f 2718 2745 2746
f 2718 2746 2719
f 2719 2746 2747
f 2719 2747 2720
f 2720 2747 2748
f 2720 2748 2721
f 2721 2748 2749
f 2721 2749 2722
f 2722 2749 2750
f 2722 2750 2723
f 2723 2750 2751
f 2723 2751 2724
f 2724 2751 2752
f 2724 2752 2725
f 2725 2752 2753
f 2725 2753 2698
f 2698 2753 2726
f 2754 2727 2726
f 2754 2728 2727
f 2754 2729 2728
f 2754 2730 2729
f 2754 2731 2730
f 2754 2732 2731
f 2754 2733 2732
f 2754 2734 2733
f 2754 2735 2734
f 2754 2736 2735
f 2754 2737 2736
f 2754 2738 2737
f 2754 2739 2738
f 2754 2740 2739
f 2754 2741 2740
f 2754 2742 2741
f 2754 2743 2742
f 2754 2744 2743
f 2754 2745 2744
f 2754 2746 2745
f 2754 2747 2746
f 2754 2748 2747
f 2754 2749 2748
f 2754 2750 2749
f 2754 2751 2750
f 2754 2752 2751
f 2754 2753 2752
f 2754 2726 2753
