# https://github.com/mikedh/trimesh
v -1.00000000 -1.00000000 -1.00000000
v -1.00000000 -1.00000000 1.00000000
v -1.00000000 1.00000000 -1.00000000
v -1.00000000 1.00000000 1.00000000
v 1.00000000 -1.00000000 -1.00000000
v 1.00000000 -1.00000000 1.00000000
v 1.00000000 1.00000000 -1.00000000
v 1.00000000 1.00000000 1.00000000
v 1.01279529 0.23818223 0.00000000
v 1.30720471 0.23818223 0.00000000
v 1.01279529 -0.23818223 0.00000000
v 1.30720471 -0.23818223 0.00000000
v 1.16000000 -0.14720471 0.23818223
v 1.16000000 0.14720471 0.23818223
v 1.16000000 -0.14720471 -0.23818223
v 1.16000000 0.14720471 -0.23818223
v 1.39818223 0.00000000 -0.14720471
v 1.39818223 0.00000000 0.14720471
v 0.92181777 0.00000000 -0.14720471
v 0.92181777 0.00000000 0.14720471
v 1.16000000 0.28000000 0.00000000
v 1.16000000 -0.28000000 0.00000000
v 1.07347524 -0.22652476 0.14000000
v 1.24652476 -0.22652476 0.14000000
v 1.07347524 0.22652476 0.14000000
v 1.24652476 0.22652476 0.14000000
v 1.16000000 0.00000000 0.28000000
v 1.07347524 -0.22652476 -0.14000000
v 1.24652476 -0.22652476 -0.14000000
v 1.07347524 0.22652476 -0.14000000
v 1.24652476 0.22652476 -0.14000000
v 1.16000000 0.00000000 -0.28000000
v 1.38652476 0.14000000 -0.08652476
v 1.38652476 -0.14000000 -0.08652476
v 1.30000000 -0.08652476 -0.22652476
v 1.30000000 0.08652476 -0.22652476
v 1.38652476 0.14000000 0.08652476
v 1.38652476 -0.14000000 0.08652476
v 1.30000000 -0.08652476 0.22652476
v 1.30000000 0.08652476 0.22652476
v 1.44000000 0.00000000 0.00000000
v 0.93347524 0.14000000 -0.08652476
v 0.93347524 -0.14000000 -0.08652476
v 1.02000000 -0.08652476 -0.22652476
v 1.02000000 0.08652476 -0.22652476
v 0.93347524 0.14000000 0.08652476
v 0.93347524 -0.14000000 0.08652476
v 1.02000000 -0.08652476 0.22652476
v 1.02000000 0.08652476 0.22652476
v 0.88000000 0.00000000 0.00000000
v 1.08348537 0.26934274 0.00000000
v 1.23651463 0.26934274 0.00000000
v 1.08348537 -0.26934274 0.00000000
v 1.23651463 -0.26934274 0.00000000
v 1.03851120 -0.24154717 0.07276974
v 1.11502583 -0.19425853 0.19657300
v 1.11451124 -0.26629582 0.07360236
v 1.28148880 -0.24154717 0.07276974
v 1.20497417 -0.19425853 0.19657300
v 1.20548876 -0.26629582 0.07360236
v 1.16000000 -0.23818223 0.14720471
v 1.03851120 0.24154717 0.07276974
v 1.11502583 0.19425853 0.19657300
v 1.11451124 0.26629582 0.07360236
v 1.28148880 0.24154717 0.07276974
v 1.20497417 0.19425853 0.19657300
v 1.20548876 0.26629582 0.07360236
v 1.16000000 0.23818223 0.14720471
v 1.16000000 -0.07651463 0.26934274
v 1.16000000 0.07651463 0.26934274
v 1.03851120 -0.24154717 -0.07276974
v 1.11502583 -0.19425853 -0.19657300
v 1.11451124 -0.26629582 -0.07360236
v 1.28148880 -0.24154717 -0.07276974
v 1.20497417 -0.19425853 -0.19657300
v 1.20548876 -0.26629582 -0.07360236
v 1.16000000 -0.23818223 -0.14720471
v 1.03851120 0.24154717 -0.07276974
v 1.11502583 0.19425853 -0.19657300
v 1.11451124 0.26629582 -0.07360236
v 1.28148880 0.24154717 -0.07276974
v 1.20497417 0.19425853 -0.19657300
v 1.20548876 0.26629582 -0.07360236
v 1.16000000 0.23818223 -0.14720471
v 1.16000000 -0.07651463 -0.26934274
v 1.16000000 0.07651463 -0.26934274
v 1.35425853 0.19657300 -0.04497417
v 1.40154717 0.07276974 -0.12148880
v 1.32457987 0.19269347 -0.11909111
v 1.35425853 -0.19657300 -0.04497417
v 1.40154717 -0.07276974 -0.12148880
v 1.32457987 -0.19269347 -0.11909111
v 1.23276974 -0.12148880 -0.24154717
v 1.35657300 -0.04497417 -0.19425853
v 1.27909111 -0.16457987 -0.19269347
v 1.23360236 -0.04548876 -0.26629582
v 1.35269347 -0.11909111 -0.16457987
v 1.23276974 0.12148880 -0.24154717
v 1.35657300 0.04497417 -0.19425853
v 1.27909111 0.16457987 -0.19269347
v 1.23360236 0.04548876 -0.26629582
v 1.35269347 0.11909111 -0.16457987
v 1.30720471 0.00000000 -0.23818223
v 1.35425853 0.19657300 0.04497417
v 1.40154717 0.07276974 0.12148880
v 1.32457987 0.19269347 0.11909111
v 1.39818223 0.14720471 0.00000000
v 1.35425853 -0.19657300 0.04497417
v 1.40154717 -0.07276974 0.12148880
v 1.32457987 -0.19269347 0.11909111
v 1.39818223 -0.14720471 0.00000000
v 1.23276974 -0.12148880 0.24154717
v 1.35657300 -0.04497417 0.19425853
v 1.27909111 -0.16457987 0.19269347
v 1.23360236 -0.04548876 0.26629582
v 1.35269347 -0.11909111 0.16457987
v 1.23276974 0.12148880 0.24154717
v 1.35657300 0.04497417 0.19425853
v 1.27909111 0.16457987 0.19269347
v 1.23360236 0.04548876 0.26629582
v 1.35269347 0.11909111 0.16457987
v 1.30720471 0.00000000 0.23818223
v 1.42934274 0.00000000 -0.07651463
v 1.42934274 0.00000000 0.07651463
v 1.42629582 0.07360236 -0.04548876
v 1.42629582 -0.07360236 -0.04548876
v 1.42629582 0.07360236 0.04548876
v 1.42629582 -0.07360236 0.04548876
v 0.96574147 0.19657300 -0.04497417
v 0.91845283 0.07276974 -0.12148880
v 0.99542013 0.19269347 -0.11909111
v 0.96574147 -0.19657300 -0.04497417
v 0.91845283 -0.07276974 -0.12148880
v 0.99542013 -0.19269347 -0.11909111
v 1.08723026 -0.12148880 -0.24154717
v 0.96342700 -0.04497417 -0.19425853
v 1.04090889 -0.16457987 -0.19269347
v 1.08639764 -0.04548876 -0.26629582
v 0.96730653 -0.11909111 -0.16457987
v 1.08723026 0.12148880 -0.24154717
v 0.96342700 0.04497417 -0.19425853
v 1.04090889 0.16457987 -0.19269347
v 1.08639764 0.04548876 -0.26629582
v 0.96730653 0.11909111 -0.16457987
v 1.01279529 0.00000000 -0.23818223
v 0.96574147 0.19657300 0.04497417
v 0.91845283 0.07276974 0.12148880
v 0.99542013 0.19269347 0.11909111
v 0.92181777 0.14720471 0.00000000
v 0.96574147 -0.19657300 0.04497417
v 0.91845283 -0.07276974 0.12148880
v 0.99542013 -0.19269347 0.11909111
v 0.92181777 -0.14720471 0.00000000
v 1.08723026 -0.12148880 0.24154717
v 0.96342700 -0.04497417 0.19425853
v 1.04090889 -0.16457987 0.19269347
v 1.08639764 -0.04548876 0.26629582
v 0.96730653 -0.11909111 0.16457987
v 1.08723026 0.12148880 0.24154717
v 0.96342700 0.04497417 0.19425853
v 1.04090889 0.16457987 0.19269347
v 1.08639764 0.04548876 0.26629582
v 0.96730653 0.11909111 0.16457987
v 1.01279529 0.00000000 0.23818223
v 0.89065726 0.00000000 -0.07651463
v 0.89065726 0.00000000 0.07651463
v 0.89370418 0.07360236 -0.04548876
v 0.89370418 -0.07360236 -0.04548876
v 0.89370418 0.07360236 0.04548876
v 0.89370418 -0.07360236 0.04548876
v 1.04706050 0.25621216 0.00000000
v 1.12137337 0.27732289 0.00000000
v 1.27293950 0.25621216 0.00000000
v 1.19862663 0.27732289 0.00000000
v 1.04706050 -0.25621216 0.00000000
v 1.12137337 -0.27732289 0.00000000
v 1.27293950 -0.25621216 0.00000000
v 1.19862663 -0.27732289 0.00000000
v 1.02435634 -0.24218021 0.03673611
v 1.05498920 -0.23629521 0.10741185
v 1.05969594 -0.25880529 0.03686350
v 1.13729584 -0.17237977 0.21947605
v 1.09361583 -0.21242264 0.16991104
v 1.13697211 -0.27655274 0.03725991
v 1.09317046 -0.24948183 0.10813247
v 1.09836723 -0.27058993 0.03718189
v 1.07564751 -0.25654837 0.07394317
v 1.29564366 -0.24218021 0.03673611
v 1.26501080 -0.23629521 0.10741185
v 1.26030406 -0.25880529 0.03686350
v 1.18270416 -0.17237977 0.21947605
v 1.22638417 -0.21242264 0.16991104
v 1.16000000 -0.19681397 0.19915889
v 1.18302789 -0.27655274 0.03725991
v 1.22682954 -0.24948183 0.10813247
v 1.22163277 -0.27058993 0.03718189
v 1.16000000 -0.26988115 0.07459332
v 1.24435249 -0.25654837 0.07394317
v 1.11619835 -0.23524981 0.14539238
v 1.20380165 -0.23524981 0.14539238
v 1.13728028 -0.21845722 0.17366708
v 1.13694940 -0.25563510 0.11188997
v 1.18271972 -0.21845722 0.17366708
v 1.18305060 -0.25563510 0.11188997
v 1.02435634 0.24218021 0.03673611
v 1.05498920 0.23629521 0.10741185
v 1.05969594 0.25880529 0.03686350
v 1.13729584 0.17237977 0.21947605
v 1.09361583 0.21242264 0.16991104
v 1.13697211 0.27655274 0.03725991
v 1.09317046 0.24948183 0.10813247
v 1.09836723 0.27058993 0.03718189
v 1.07564751 0.25654837 0.07394317
v 1.29564366 0.24218021 0.03673611
v 1.26501080 0.23629521 0.10741185
v 1.26030406 0.25880529 0.03686350
v 1.18270416 0.17237977 0.21947605
v 1.22638417 0.21242264 0.16991104
v 1.16000000 0.19681397 0.19915889
v 1.18302789 0.27655274 0.03725991
v 1.22682954 0.24948183 0.10813247
v 1.22163277 0.27058993 0.03718189
v 1.16000000 0.26988115 0.07459332
v 1.24435249 0.25654837 0.07394317
v 1.11619835 0.23524981 0.14539238
v 1.20380165 0.23524981 0.14539238
v 1.13728028 0.21845722 0.17366708
v 1.13694940 0.25563510 0.11188997
v 1.18271972 0.21845722 0.17366708
v 1.18305060 0.25563510 0.11188997
v 1.16000000 -0.11293950 0.25621216
v 1.16000000 -0.03862663 0.27732289
v 1.16000000 0.11293950 0.25621216
v 1.16000000 0.03862663 0.27732289
v 1.02435634 -0.24218021 -0.03673611
v 1.05498920 -0.23629521 -0.10741185
v 1.05969594 -0.25880529 -0.03686350
v 1.13729584 -0.17237977 -0.21947605
v 1.09361583 -0.21242264 -0.16991104
v 1.13697211 -0.27655274 -0.03725991
v 1.09317046 -0.24948183 -0.10813247
v 1.09836723 -0.27058993 -0.03718189
v 1.07564751 -0.25654837 -0.07394317
v 1.29564366 -0.24218021 -0.03673611
v 1.26501080 -0.23629521 -0.10741185
v 1.26030406 -0.25880529 -0.03686350
v 1.18270416 -0.17237977 -0.21947605
v 1.22638417 -0.21242264 -0.16991104
v 1.16000000 -0.19681397 -0.19915889
v 1.18302789 -0.27655274 -0.03725991
v 1.22682954 -0.24948183 -0.10813247
v 1.22163277 -0.27058993 -0.03718189
v 1.16000000 -0.26988115 -0.07459332
v 1.24435249 -0.25654837 -0.07394317
v 1.11619835 -0.23524981 -0.14539238
v 1.20380165 -0.23524981 -0.14539238
v 1.13728028 -0.21845722 -0.17366708
v 1.13694940 -0.25563510 -0.11188997
v 1.18271972 -0.21845722 -0.17366708
v 1.18305060 -0.25563510 -0.11188997
v 1.02435634 0.24218021 -0.03673611
v 1.05498920 0.23629521 -0.10741185
v 1.05969594 0.25880529 -0.03686350
v 1.13729584 0.17237977 -0.21947605
v 1.09361583 0.21242264 -0.16991104
v 1.13697211 0.27655274 -0.03725991
v 1.09317046 0.24948183 -0.10813247
v 1.09836723 0.27058993 -0.03718189
v 1.07564751 0.25654837 -0.07394317
v 1.29564366 0.24218021 -0.03673611
v 1.26501080 0.23629521 -0.10741185
v 1.26030406 0.25880529 -0.03686350
v 1.18270416 0.17237977 -0.21947605
v 1.22638417 0.21242264 -0.16991104
v 1.16000000 0.19681397 -0.19915889
v 1.18302789 0.27655274 -0.03725991
v 1.22682954 0.24948183 -0.10813247
v 1.22163277 0.27058993 -0.03718189
v 1.16000000 0.26988115 -0.07459332
v 1.24435249 0.25654837 -0.07394317
v 1.11619835 0.23524981 -0.14539238
v 1.20380165 0.23524981 -0.14539238
v 1.13728028 0.21845722 -0.17366708
v 1.13694940 0.25563510 -0.11188997
v 1.18271972 0.21845722 -0.17366708
v 1.18305060 0.25563510 -0.11188997
v 1.16000000 -0.11293950 -0.25621216
v 1.16000000 -0.03862663 -0.27732289
v 1.16000000 0.11293950 -0.25621216
v 1.16000000 0.03862663 -0.27732289
v 1.33237977 0.21947605 -0.02270416
v 1.37242264 0.16991104 -0.06638417
v 1.31995046 0.22194178 -0.05964640
v 1.40218021 0.03673611 -0.13564366
v 1.39629521 0.10741185 -0.10501080
v 1.28711734 0.21222192 -0.13116036
v 1.35798990 0.16842027 -0.10408945
v 1.30451405 0.21936648 -0.09692284
v 1.34127533 0.19664676 -0.08288129
v 1.33237977 -0.21947605 -0.02270416
v 1.37242264 -0.16991104 -0.06638417
v 1.31995046 -0.22194178 -0.05964640
v 1.40218021 -0.03673611 -0.13564366
v 1.39629521 -0.10741185 -0.10501080
v 1.28711734 -0.21222192 -0.13116036
v 1.35798990 -0.16842027 -0.10408945
v 1.30451405 -0.21936648 -0.09692284
v 1.34127533 -0.19664676 -0.08288129
v 1.19673611 -0.13564366 -0.24218021
v 1.26741185 -0.10501080 -0.23629521
v 1.21964640 -0.15995046 -0.22194178
v 1.19686350 -0.10030406 -0.25880529
v 1.37947605 -0.02270416 -0.17237977
v 1.32991104 -0.06638417 -0.21242264
v 1.38194178 -0.05964640 -0.15995046
v 1.26408945 -0.19798990 -0.16842027
v 1.29116036 -0.12711734 -0.21222192
v 1.24288129 -0.18127533 -0.19664676
v 1.30374512 -0.18104178 -0.15799118
v 1.25692284 -0.14451405 -0.21936648
v 1.19725991 -0.02302789 -0.27655274
v 1.26813247 -0.06682954 -0.24948183
v 1.19718189 -0.06163277 -0.27058993
v 1.23394317 -0.08435249 -0.25654837
v 1.37222192 -0.13116036 -0.12711734
v 1.32842027 -0.10408945 -0.19798990
v 1.37936648 -0.09692284 -0.14451405
v 1.34104178 -0.15799118 -0.14374512
v 1.35664676 -0.08288129 -0.18127533
v 1.31799118 -0.14374512 -0.18104178
v 1.19673611 0.13564366 -0.24218021
v 1.26741185 0.10501080 -0.23629521
v 1.21964640 0.15995046 -0.22194178
v 1.19686350 0.10030406 -0.25880529
v 1.37947605 0.02270416 -0.17237977
v 1.32991104 0.06638417 -0.21242264
v 1.38194178 0.05964640 -0.15995046
v 1.35915889 0.00000000 -0.19681397
v 1.26408945 0.19798990 -0.16842027
v 1.29116036 0.12711734 -0.21222192
v 1.24288129 0.18127533 -0.19664676
v 1.30374512 0.18104178 -0.15799118
v 1.25692284 0.14451405 -0.21936648
v 1.19725991 0.02302789 -0.27655274
v 1.26813247 0.06682954 -0.24948183
v 1.19718189 0.06163277 -0.27058993
v 1.23459332 0.00000000 -0.26988115
v 1.23394317 0.08435249 -0.25654837
v 1.37222192 0.13116036 -0.12711734
v 1.32842027 0.10408945 -0.19798990
v 1.37936648 0.09692284 -0.14451405
v 1.34104178 0.15799118 -0.14374512
v 1.35664676 0.08288129 -0.18127533
v 1.31799118 0.14374512 -0.18104178
v 1.30539238 -0.04380165 -0.23524981
v 1.30539238 0.04380165 -0.23524981
v 1.33366708 -0.02271972 -0.21845722
v 1.27188997 -0.02305060 -0.25563510
v 1.33366708 0.02271972 -0.21845722
v 1.27188997 0.02305060 -0.25563510
v 1.33237977 0.21947605 0.02270416
v 1.37242264 0.16991104 0.06638417
v 1.31995046 0.22194178 0.05964640
v 1.35681397 0.19915889 0.00000000
v 1.40218021 0.03673611 0.13564366
v 1.39629521 0.10741185 0.10501080
v 1.28711734 0.21222192 0.13116036
v 1.35798990 0.16842027 0.10408945
v 1.30451405 0.21936648 0.09692284
v 1.34127533 0.19664676 0.08288129
v 1.39524981 0.14539238 -0.04380165
v 1.39524981 0.14539238 0.04380165
v 1.37845722 0.17366708 -0.02271972
v 1.37845722 0.17366708 0.02271972
v 1.33237977 -0.21947605 0.02270416
v 1.37242264 -0.16991104 0.06638417
v 1.31995046 -0.22194178 0.05964640
v 1.35681397 -0.19915889 0.00000000
v 1.40218021 -0.03673611 0.13564366
v 1.39629521 -0.10741185 0.10501080
v 1.28711734 -0.21222192 0.13116036
v 1.35798990 -0.16842027 0.10408945
v 1.30451405 -0.21936648 0.09692284
v 1.34127533 -0.19664676 0.08288129
v 1.39524981 -0.14539238 -0.04380165
v 1.39524981 -0.14539238 0.04380165
v 1.37845722 -0.17366708 -0.02271972
v 1.37845722 -0.17366708 0.02271972
v 1.19673611 -0.13564366 0.24218021
v 1.26741185 -0.10501080 0.23629521
v 1.21964640 -0.15995046 0.22194178
v 1.19686350 -0.10030406 0.25880529
v 1.37947605 -0.02270416 0.17237977
v 1.32991104 -0.06638417 0.21242264
v 1.38194178 -0.05964640 0.15995046
v 1.26408945 -0.19798990 0.16842027
v 1.29116036 -0.12711734 0.21222192
v 1.24288129 -0.18127533 0.19664676
v 1.30374512 -0.18104178 0.15799118
v 1.25692284 -0.14451405 0.21936648
v 1.19725991 -0.02302789 0.27655274
v 1.26813247 -0.06682954 0.24948183
v 1.19718189 -0.06163277 0.27058993
v 1.23394317 -0.08435249 0.25654837
v 1.37222192 -0.13116036 0.12711734
v 1.32842027 -0.10408945 0.19798990
v 1.37936648 -0.09692284 0.14451405
v 1.34104178 -0.15799118 0.14374512
v 1.35664676 -0.08288129 0.18127533
v 1.31799118 -0.14374512 0.18104178
v 1.19673611 0.13564366 0.24218021
v 1.26741185 0.10501080 0.23629521
v 1.21964640 0.15995046 0.22194178
v 1.19686350 0.10030406 0.25880529
v 1.37947605 0.02270416 0.17237977
v 1.32991104 0.06638417 0.21242264
v 1.38194178 0.05964640 0.15995046
v 1.35915889 0.00000000 0.19681397
v 1.26408945 0.19798990 0.16842027
v 1.29116036 0.12711734 0.21222192
v 1.24288129 0.18127533 0.19664676
v 1.30374512 0.18104178 0.15799118
v 1.25692284 0.14451405 0.21936648
v 1.19725991 0.02302789 0.27655274
v 1.26813247 0.06682954 0.24948183
v 1.19718189 0.06163277 0.27058993
v 1.23459332 0.00000000 0.26988115
v 1.23394317 0.08435249 0.25654837
v 1.37222192 0.13116036 0.12711734
v 1.32842027 0.10408945 0.19798990
v 1.37936648 0.09692284 0.14451405
v 1.34104178 0.15799118 0.14374512
v 1.35664676 0.08288129 0.18127533
v 1.31799118 0.14374512 0.18104178
v 1.30539238 -0.04380165 0.23524981
v 1.30539238 0.04380165 0.23524981
v 1.33366708 -0.02271972 0.21845722
v 1.27188997 -0.02305060 0.25563510
v 1.33366708 0.02271972 0.21845722
v 1.27188997 0.02305060 0.25563510
v 1.41621216 0.00000000 -0.11293950
v 1.43732289 0.00000000 -0.03862663
v 1.41880529 0.03686350 -0.10030406
v 1.41880529 -0.03686350 -0.10030406
v 1.41621216 0.00000000 0.11293950
v 1.43732289 0.00000000 0.03862663
v 1.41880529 0.03686350 0.10030406
v 1.41880529 -0.03686350 0.10030406
v 1.40948183 0.10813247 -0.06682954
v 1.43655274 0.03725991 -0.02302789
v 1.41654837 0.07394317 -0.08435249
v 1.41563510 0.11188997 -0.02305060
v 1.43058993 0.03718189 -0.06163277
v 1.40948183 -0.10813247 -0.06682954
v 1.43655274 -0.03725991 -0.02302789
v 1.41654837 -0.07394317 -0.08435249
v 1.41563510 -0.11188997 -0.02305060
v 1.43058993 -0.03718189 -0.06163277
v 1.40948183 0.10813247 0.06682954
v 1.43655274 0.03725991 0.02302789
v 1.41654837 0.07394317 0.08435249
v 1.41563510 0.11188997 0.02305060
v 1.43058993 0.03718189 0.06163277
v 1.42988115 0.07459332 0.00000000
v 1.40948183 -0.10813247 0.06682954
v 1.43655274 -0.03725991 0.02302789
v 1.41654837 -0.07394317 0.08435249
v 1.41563510 -0.11188997 0.02305060
v 1.43058993 -0.03718189 0.06163277
v 1.42988115 -0.07459332 0.00000000
v 0.98762023 0.21947605 -0.02270416
v 0.94757736 0.16991104 -0.06638417
v 1.00004954 0.22194178 -0.05964640
v 0.91781979 0.03673611 -0.13564366
v 0.92370479 0.10741185 -0.10501080
v 1.03288266 0.21222192 -0.13116036
v 0.96201010 0.16842027 -0.10408945
v 1.01548595 0.21936648 -0.09692284
v 0.97872467 0.19664676 -0.08288129
v 0.98762023 -0.21947605 -0.02270416
v 0.94757736 -0.16991104 -0.06638417
v 1.00004954 -0.22194178 -0.05964640
v 0.91781979 -0.03673611 -0.13564366
v 0.92370479 -0.10741185 -0.10501080
v 1.03288266 -0.21222192 -0.13116036
v 0.96201010 -0.16842027 -0.10408945
v 1.01548595 -0.21936648 -0.09692284
v 0.97872467 -0.19664676 -0.08288129
v 1.12326389 -0.13564366 -0.24218021
v 1.05258815 -0.10501080 -0.23629521
v 1.10035360 -0.15995046 -0.22194178
v 1.12313650 -0.10030406 -0.25880529
v 0.94052395 -0.02270416 -0.17237977
v 0.99008896 -0.06638417 -0.21242264
v 0.93805822 -0.05964640 -0.15995046
v 1.05591055 -0.19798990 -0.16842027
v 1.02883964 -0.12711734 -0.21222192
v 1.07711871 -0.18127533 -0.19664676
v 1.01625488 -0.18104178 -0.15799118
v 1.06307716 -0.14451405 -0.21936648
v 1.12274009 -0.02302789 -0.27655274
v 1.05186753 -0.06682954 -0.24948183
v 1.12281811 -0.06163277 -0.27058993
v 1.08605683 -0.08435249 -0.25654837
v 0.94777808 -0.13116036 -0.12711734
v 0.99157973 -0.10408945 -0.19798990
v 0.94063352 -0.09692284 -0.14451405
v 0.97895822 -0.15799118 -0.14374512
v 0.96335324 -0.08288129 -0.18127533
v 1.00200882 -0.14374512 -0.18104178
v 1.12326389 0.13564366 -0.24218021
v 1.05258815 0.10501080 -0.23629521
v 1.10035360 0.15995046 -0.22194178
v 1.12313650 0.10030406 -0.25880529
v 0.94052395 0.02270416 -0.17237977
v 0.99008896 0.06638417 -0.21242264
v 0.93805822 0.05964640 -0.15995046
v 0.96084111 0.00000000 -0.19681397
v 1.05591055 0.19798990 -0.16842027
v 1.02883964 0.12711734 -0.21222192
v 1.07711871 0.18127533 -0.19664676
v 1.01625488 0.18104178 -0.15799118
v 1.06307716 0.14451405 -0.21936648
v 1.12274009 0.02302789 -0.27655274
v 1.05186753 0.06682954 -0.24948183
v 1.12281811 0.06163277 -0.27058993
v 1.08540668 0.00000000 -0.26988115
v 1.08605683 0.08435249 -0.25654837
v 0.94777808 0.13116036 -0.12711734
v 0.99157973 0.10408945 -0.19798990
v 0.94063352 0.09692284 -0.14451405
v 0.97895822 0.15799118 -0.14374512
v 0.96335324 0.08288129 -0.18127533
v 1.00200882 0.14374512 -0.18104178
v 1.01460762 -0.04380165 -0.23524981
v 1.01460762 0.04380165 -0.23524981
v 0.98633292 -0.02271972 -0.21845722
v 1.04811003 -0.02305060 -0.25563510
v 0.98633292 0.02271972 -0.21845722
v 1.04811003 0.02305060 -0.25563510
v 0.98762023 0.21947605 0.02270416
v 0.94757736 0.16991104 0.06638417
v 1.00004954 0.22194178 0.05964640
v 0.96318603 0.19915889 0.00000000
v 0.91781979 0.03673611 0.13564366
v 0.92370479 0.10741185 0.10501080
v 1.03288266 0.21222192 0.13116036
v 0.96201010 0.16842027 0.10408945
v 1.01548595 0.21936648 0.09692284
v 0.97872467 0.19664676 0.08288129
v 0.92475019 0.14539238 -0.04380165
v 0.92475019 0.14539238 0.04380165
v 0.94154278 0.17366708 -0.02271972
v 0.94154278 0.17366708 0.02271972
v 0.98762023 -0.21947605 0.02270416
v 0.94757736 -0.16991104 0.06638417
v 1.00004954 -0.22194178 0.05964640
v 0.96318603 -0.19915889 0.00000000
v 0.91781979 -0.03673611 0.13564366
v 0.92370479 -0.10741185 0.10501080
v 1.03288266 -0.21222192 0.13116036
v 0.96201010 -0.16842027 0.10408945
v 1.01548595 -0.21936648 0.09692284
v 0.97872467 -0.19664676 0.08288129
v 0.92475019 -0.14539238 -0.04380165
v 0.92475019 -0.14539238 0.04380165
v 0.94154278 -0.17366708 -0.02271972
v 0.94154278 -0.17366708 0.02271972
v 1.12326389 -0.13564366 0.24218021
v 1.05258815 -0.10501080 0.23629521
v 1.10035360 -0.15995046 0.22194178
v 1.12313650 -0.10030406 0.25880529
v 0.94052395 -0.02270416 0.17237977
v 0.99008896 -0.06638417 0.21242264
v 0.93805822 -0.05964640 0.15995046
v 1.05591055 -0.19798990 0.16842027
v 1.02883964 -0.12711734 0.21222192
v 1.07711871 -0.18127533 0.19664676
v 1.01625488 -0.18104178 0.15799118
v 1.06307716 -0.14451405 0.21936648
v 1.12274009 -0.02302789 0.27655274
v 1.05186753 -0.06682954 0.24948183
v 1.12281811 -0.06163277 0.27058993
v 1.08605683 -0.08435249 0.25654837
v 0.94777808 -0.13116036 0.12711734
v 0.99157973 -0.10408945 0.19798990
v 0.94063352 -0.09692284 0.14451405
v 0.97895822 -0.15799118 0.14374512
v 0.96335324 -0.08288129 0.18127533
v 1.00200882 -0.14374512 0.18104178
v 1.12326389 0.13564366 0.24218021
v 1.05258815 0.10501080 0.23629521
v 1.10035360 0.15995046 0.22194178
v 1.12313650 0.10030406 0.25880529
v 0.94052395 0.02270416 0.17237977
v 0.99008896 0.06638417 0.21242264
v 0.93805822 0.05964640 0.15995046
v 0.96084111 0.00000000 0.19681397
v 1.05591055 0.19798990 0.16842027
v 1.02883964 0.12711734 0.21222192
v 1.07711871 0.18127533 0.19664676
v 1.01625488 0.18104178 0.15799118
v 1.06307716 0.14451405 0.21936648
v 1.12274009 0.02302789 0.27655274
v 1.05186753 0.06682954 0.24948183
v 1.12281811 0.06163277 0.27058993
v 1.08540668 0.00000000 0.26988115
v 1.08605683 0.08435249 0.25654837
v 0.94777808 0.13116036 0.12711734
v 0.99157973 0.10408945 0.19798990
v 0.94063352 0.09692284 0.14451405
v 0.97895822 0.15799118 0.14374512
v 0.96335324 0.08288129 0.18127533
v 1.00200882 0.14374512 0.18104178
v 1.01460762 -0.04380165 0.23524981
v 1.01460762 0.04380165 0.23524981
v 0.98633292 -0.02271972 0.21845722
v 1.04811003 -0.02305060 0.25563510
v 0.98633292 0.02271972 0.21845722
v 1.04811003 0.02305060 0.25563510
v 0.90378784 0.00000000 -0.11293950
v 0.88267711 0.00000000 -0.03862663
v 0.90119471 0.03686350 -0.10030406
v 0.90119471 -0.03686350 -0.10030406
v 0.90378784 0.00000000 0.11293950
v 0.88267711 0.00000000 0.03862663
v 0.90119471 0.03686350 0.10030406
v 0.90119471 -0.03686350 0.10030406
v 0.91051817 0.10813247 -0.06682954
v 0.88344726 0.03725991 -0.02302789
v 0.90345163 0.07394317 -0.08435249
v 0.90436490 0.11188997 -0.02305060
v 0.88941007 0.03718189 -0.06163277
v 0.91051817 -0.10813247 -0.06682954
v 0.88344726 -0.03725991 -0.02302789
v 0.90345163 -0.07394317 -0.08435249
v 0.90436490 -0.11188997 -0.02305060
v 0.88941007 -0.03718189 -0.06163277
v 0.91051817 0.10813247 0.06682954
v 0.88344726 0.03725991 0.02302789
v 0.90345163 0.07394317 0.08435249
v 0.90436490 0.11188997 0.02305060
v 0.88941007 0.03718189 0.06163277
v 0.89011885 0.07459332 0.00000000
v 0.91051817 -0.10813247 0.06682954
v 0.88344726 -0.03725991 0.02302789
v 0.90345163 -0.07394317 0.08435249
v 0.90436490 -0.11188997 0.02305060
v 0.88941007 -0.03718189 0.06163277
v 0.89011885 -0.07459332 0.00000000
v -1.30720471 0.23818223 0.00000000
v -1.01279529 0.23818223 0.00000000
v -1.30720471 -0.23818223 0.00000000
v -1.01279529 -0.23818223 0.00000000
v -1.16000000 -0.14720471 0.23818223
v -1.16000000 0.14720471 0.23818223
v -1.16000000 -0.14720471 -0.23818223
v -1.16000000 0.14720471 -0.23818223
v -0.92181777 0.00000000 -0.14720471
v -0.92181777 0.00000000 0.14720471
v -1.39818223 0.00000000 -0.14720471
v -1.39818223 0.00000000 0.14720471
v -1.16000000 0.28000000 0.00000000
v -1.16000000 -0.28000000 0.00000000
v -1.24652476 -0.22652476 0.14000000
v -1.07347524 -0.22652476 0.14000000
v -1.24652476 0.22652476 0.14000000
v -1.07347524 0.22652476 0.14000000
v -1.16000000 0.00000000 0.28000000
v -1.24652476 -0.22652476 -0.14000000
v -1.07347524 -0.22652476 -0.14000000
v -1.24652476 0.22652476 -0.14000000
v -1.07347524 0.22652476 -0.14000000
v -1.16000000 0.00000000 -0.28000000
v -0.93347524 0.14000000 -0.08652476
v -0.93347524 -0.14000000 -0.08652476
v -1.02000000 -0.08652476 -0.22652476
v -1.02000000 0.08652476 -0.22652476
v -0.93347524 0.14000000 0.08652476
v -0.93347524 -0.14000000 0.08652476
v -1.02000000 -0.08652476 0.22652476
v -1.02000000 0.08652476 0.22652476
v -0.88000000 0.00000000 0.00000000
v -1.38652476 0.14000000 -0.08652476
v -1.38652476 -0.14000000 -0.08652476
v -1.30000000 -0.08652476 -0.22652476
v -1.30000000 0.08652476 -0.22652476
v -1.38652476 0.14000000 0.08652476
v -1.38652476 -0.14000000 0.08652476
v -1.30000000 -0.08652476 0.22652476
v -1.30000000 0.08652476 0.22652476
v -1.44000000 0.00000000 0.00000000
v -1.23651463 0.26934274 0.00000000
v -1.08348537 0.26934274 0.00000000
v -1.23651463 -0.26934274 0.00000000
v -1.08348537 -0.26934274 0.00000000
v -1.28148880 -0.24154717 0.07276974
v -1.20497417 -0.19425853 0.19657300
v -1.20548876 -0.26629582 0.07360236
v -1.03851120 -0.24154717 0.07276974
v -1.11502583 -0.19425853 0.19657300
v -1.11451124 -0.26629582 0.07360236
v -1.16000000 -0.23818223 0.14720471
v -1.28148880 0.24154717 0.07276974
v -1.20497417 0.19425853 0.19657300
v -1.20548876 0.26629582 0.07360236
v -1.03851120 0.24154717 0.07276974
v -1.11502583 0.19425853 0.19657300
v -1.11451124 0.26629582 0.07360236
v -1.16000000 0.23818223 0.14720471
v -1.16000000 -0.07651463 0.26934274
v -1.16000000 0.07651463 0.26934274
v -1.28148880 -0.24154717 -0.07276974
v -1.20497417 -0.19425853 -0.19657300
v -1.20548876 -0.26629582 -0.07360236
v -1.03851120 -0.24154717 -0.07276974
v -1.11502583 -0.19425853 -0.19657300
v -1.11451124 -0.26629582 -0.07360236
v -1.16000000 -0.23818223 -0.14720471
v -1.28148880 0.24154717 -0.07276974
v -1.20497417 0.19425853 -0.19657300
v -1.20548876 0.26629582 -0.07360236
v -1.03851120 0.24154717 -0.07276974
v -1.11502583 0.19425853 -0.19657300
v -1.11451124 0.26629582 -0.07360236
v -1.16000000 0.23818223 -0.14720471
v -1.16000000 -0.07651463 -0.26934274
v -1.16000000 0.07651463 -0.26934274
v -0.96574147 0.19657300 -0.04497417
v -0.91845283 0.07276974 -0.12148880
v -0.99542013 0.19269347 -0.11909111
v -0.96574147 -0.19657300 -0.04497417
v -0.91845283 -0.07276974 -0.12148880
v -0.99542013 -0.19269347 -0.11909111
v -1.08723026 -0.12148880 -0.24154717
v -0.96342700 -0.04497417 -0.19425853
v -1.04090889 -0.16457987 -0.19269347
v -1.08639764 -0.04548876 -0.26629582
v -0.96730653 -0.11909111 -0.16457987
v -1.08723026 0.12148880 -0.24154717
v -0.96342700 0.04497417 -0.19425853
v -1.04090889 0.16457987 -0.19269347
v -1.08639764 0.04548876 -0.26629582
v -0.96730653 0.11909111 -0.16457987
v -1.01279529 0.00000000 -0.23818223
v -0.96574147 0.19657300 0.04497417
v -0.91845283 0.07276974 0.12148880
v -0.99542013 0.19269347 0.11909111
v -0.92181777 0.14720471 0.00000000
v -0.96574147 -0.19657300 0.04497417
v -0.91845283 -0.07276974 0.12148880
v -0.99542013 -0.19269347 0.11909111
v -0.92181777 -0.14720471 0.00000000
v -1.08723026 -0.12148880 0.24154717
v -0.96342700 -0.04497417 0.19425853
v -1.04090889 -0.16457987 0.19269347
v -1.08639764 -0.04548876 0.26629582
v -0.96730653 -0.11909111 0.16457987
v -1.08723026 0.12148880 0.24154717
v -0.96342700 0.04497417 0.19425853
v -1.04090889 0.16457987 0.19269347
v -1.08639764 0.04548876 0.26629582
v -0.96730653 0.11909111 0.16457987
v -1.01279529 0.00000000 0.23818223
v -0.89065726 0.00000000 -0.07651463
v -0.89065726 0.00000000 0.07651463
v -0.89370418 0.07360236 -0.04548876
v -0.89370418 -0.07360236 -0.04548876
v -0.89370418 0.07360236 0.04548876
v -0.89370418 -0.07360236 0.04548876
v -1.35425853 0.19657300 -0.04497417
v -1.40154717 0.07276974 -0.12148880
v -1.32457987 0.19269347 -0.11909111
v -1.35425853 -0.19657300 -0.04497417
v -1.40154717 -0.07276974 -0.12148880
v -1.32457987 -0.19269347 -0.11909111
v -1.23276974 -0.12148880 -0.24154717
v -1.35657300 -0.04497417 -0.19425853
v -1.27909111 -0.16457987 -0.19269347
v -1.23360236 -0.04548876 -0.26629582
v -1.35269347 -0.11909111 -0.16457987
v -1.23276974 0.12148880 -0.24154717
v -1.35657300 0.04497417 -0.19425853
v -1.27909111 0.16457987 -0.19269347
v -1.23360236 0.04548876 -0.26629582
v -1.35269347 0.11909111 -0.16457987
v -1.30720471 0.00000000 -0.23818223
v -1.35425853 0.19657300 0.04497417
v -1.40154717 0.07276974 0.12148880
v -1.32457987 0.19269347 0.11909111
v -1.39818223 0.14720471 0.00000000
v -1.35425853 -0.19657300 0.04497417
v -1.40154717 -0.07276974 0.12148880
v -1.32457987 -0.19269347 0.11909111
v -1.39818223 -0.14720471 0.00000000
v -1.23276974 -0.12148880 0.24154717
v -1.35657300 -0.04497417 0.19425853
v -1.27909111 -0.16457987 0.19269347
v -1.23360236 -0.04548876 0.26629582
v -1.35269347 -0.11909111 0.16457987
v -1.23276974 0.12148880 0.24154717
v -1.35657300 0.04497417 0.19425853
v -1.27909111 0.16457987 0.19269347
v -1.23360236 0.04548876 0.26629582
v -1.35269347 0.11909111 0.16457987
v -1.30720471 0.00000000 0.23818223
v -1.42934274 0.00000000 -0.07651463
v -1.42934274 0.00000000 0.07651463
v -1.42629582 0.07360236 -0.04548876
v -1.42629582 -0.07360236 -0.04548876
v -1.42629582 0.07360236 0.04548876
v -1.42629582 -0.07360236 0.04548876
v -1.27293950 0.25621216 0.00000000
v -1.19862663 0.27732289 0.00000000
v -1.04706050 0.25621216 0.00000000
v -1.12137337 0.27732289 0.00000000
v -1.27293950 -0.25621216 0.00000000
v -1.19862663 -0.27732289 0.00000000
v -1.04706050 -0.25621216 0.00000000
v -1.12137337 -0.27732289 0.00000000
v -1.29564366 -0.24218021 0.03673611
v -1.26501080 -0.23629521 0.10741185
v -1.26030406 -0.25880529 0.03686350
v -1.18270416 -0.17237977 0.21947605
v -1.22638417 -0.21242264 0.16991104
v -1.18302789 -0.27655274 0.03725991
v -1.22682954 -0.24948183 0.10813247
v -1.22163277 -0.27058993 0.03718189
v -1.24435249 -0.25654837 0.07394317
v -1.02435634 -0.24218021 0.03673611
v -1.05498920 -0.23629521 0.10741185
v -1.05969594 -0.25880529 0.03686350
v -1.13729584 -0.17237977 0.21947605
v -1.09361583 -0.21242264 0.16991104
v -1.16000000 -0.19681397 0.19915889
v -1.13697211 -0.27655274 0.03725991
v -1.09317046 -0.24948183 0.10813247
v -1.09836723 -0.27058993 0.03718189
v -1.16000000 -0.26988115 0.07459332
v -1.07564751 -0.25654837 0.07394317
v -1.20380165 -0.23524981 0.14539238
v -1.11619835 -0.23524981 0.14539238
v -1.18271972 -0.21845722 0.17366708
v -1.18305060 -0.25563510 0.11188997
v -1.13728028 -0.21845722 0.17366708
v -1.13694940 -0.25563510 0.11188997
v -1.29564366 0.24218021 0.03673611
v -1.26501080 0.23629521 0.10741185
v -1.26030406 0.25880529 0.03686350
v -1.18270416 0.17237977 0.21947605
v -1.22638417 0.21242264 0.16991104
v -1.18302789 0.27655274 0.03725991
v -1.22682954 0.24948183 0.10813247
v -1.22163277 0.27058993 0.03718189
v -1.24435249 0.25654837 0.07394317
v -1.02435634 0.24218021 0.03673611
v -1.05498920 0.23629521 0.10741185
v -1.05969594 0.25880529 0.03686350
v -1.13729584 0.17237977 0.21947605
v -1.09361583 0.21242264 0.16991104
v -1.16000000 0.19681397 0.19915889
v -1.13697211 0.27655274 0.03725991
v -1.09317046 0.24948183 0.10813247
v -1.09836723 0.27058993 0.03718189
v -1.16000000 0.26988115 0.07459332
v -1.07564751 0.25654837 0.07394317
v -1.20380165 0.23524981 0.14539238
v -1.11619835 0.23524981 0.14539238
v -1.18271972 0.21845722 0.17366708
v -1.18305060 0.25563510 0.11188997
v -1.13728028 0.21845722 0.17366708
v -1.13694940 0.25563510 0.11188997
v -1.16000000 -0.11293950 0.25621216
v -1.16000000 -0.03862663 0.27732289
v -1.16000000 0.11293950 0.25621216
v -1.16000000 0.03862663 0.27732289
v -1.29564366 -0.24218021 -0.03673611
v -1.26501080 -0.23629521 -0.10741185
v -1.26030406 -0.25880529 -0.03686350
v -1.18270416 -0.17237977 -0.21947605
v -1.22638417 -0.21242264 -0.16991104
v -1.18302789 -0.27655274 -0.03725991
v -1.22682954 -0.24948183 -0.10813247
v -1.22163277 -0.27058993 -0.03718189
v -1.24435249 -0.25654837 -0.07394317
v -1.02435634 -0.24218021 -0.03673611
v -1.05498920 -0.23629521 -0.10741185
v -1.05969594 -0.25880529 -0.03686350
v -1.13729584 -0.17237977 -0.21947605
v -1.09361583 -0.21242264 -0.16991104
v -1.16000000 -0.19681397 -0.19915889
v -1.13697211 -0.27655274 -0.03725991
v -1.09317046 -0.24948183 -0.10813247
v -1.09836723 -0.27058993 -0.03718189
v -1.16000000 -0.26988115 -0.07459332
v -1.07564751 -0.25654837 -0.07394317
v -1.20380165 -0.23524981 -0.14539238
v -1.11619835 -0.23524981 -0.14539238
v -1.18271972 -0.21845722 -0.17366708
v -1.18305060 -0.25563510 -0.11188997
v -1.13728028 -0.21845722 -0.17366708
v -1.13694940 -0.25563510 -0.11188997
v -1.29564366 0.24218021 -0.03673611
v -1.26501080 0.23629521 -0.10741185
v -1.26030406 0.25880529 -0.03686350
v -1.18270416 0.17237977 -0.21947605
v -1.22638417 0.21242264 -0.16991104
v -1.18302789 0.27655274 -0.03725991
v -1.22682954 0.24948183 -0.10813247
v -1.22163277 0.27058993 -0.03718189
v -1.24435249 0.25654837 -0.07394317
v -1.02435634 0.24218021 -0.03673611
v -1.05498920 0.23629521 -0.10741185
v -1.05969594 0.25880529 -0.03686350
v -1.13729584 0.17237977 -0.21947605
v -1.09361583 0.21242264 -0.16991104
v -1.16000000 0.19681397 -0.19915889
v -1.13697211 0.27655274 -0.03725991
v -1.09317046 0.24948183 -0.10813247
v -1.09836723 0.27058993 -0.03718189
v -1.16000000 0.26988115 -0.07459332
v -1.07564751 0.25654837 -0.07394317
v -1.20380165 0.23524981 -0.14539238
v -1.11619835 0.23524981 -0.14539238
v -1.18271972 0.21845722 -0.17366708
v -1.18305060 0.25563510 -0.11188997
v -1.13728028 0.21845722 -0.17366708
v -1.13694940 0.25563510 -0.11188997
v -1.16000000 -0.11293950 -0.25621216
v -1.16000000 -0.03862663 -0.27732289
v -1.16000000 0.11293950 -0.25621216
v -1.16000000 0.03862663 -0.27732289
v -0.98762023 0.21947605 -0.02270416
v -0.94757736 0.16991104 -0.06638417
v -1.00004954 0.22194178 -0.05964640
v -0.91781979 0.03673611 -0.13564366
v -0.92370479 0.10741185 -0.10501080
v -1.03288266 0.21222192 -0.13116036
v -0.96201010 0.16842027 -0.10408945
v -1.01548595 0.21936648 -0.09692284
v -0.97872467 0.19664676 -0.08288129
v -0.98762023 -0.21947605 -0.02270416
v -0.94757736 -0.16991104 -0.06638417
v -1.00004954 -0.22194178 -0.05964640
v -0.91781979 -0.03673611 -0.13564366
v -0.92370479 -0.10741185 -0.10501080
v -1.03288266 -0.21222192 -0.13116036
v -0.96201010 -0.16842027 -0.10408945
v -1.01548595 -0.21936648 -0.09692284
v -0.97872467 -0.19664676 -0.08288129
v -1.12326389 -0.13564366 -0.24218021
v -1.05258815 -0.10501080 -0.23629521
v -1.10035360 -0.15995046 -0.22194178
v -1.12313650 -0.10030406 -0.25880529
v -0.94052395 -0.02270416 -0.17237977
v -0.99008896 -0.06638417 -0.21242264
v -0.93805822 -0.05964640 -0.15995046
v -1.05591055 -0.19798990 -0.16842027
v -1.02883964 -0.12711734 -0.21222192
v -1.07711871 -0.18127533 -0.19664676
v -1.01625488 -0.18104178 -0.15799118
v -1.06307716 -0.14451405 -0.21936648
v -1.12274009 -0.02302789 -0.27655274
v -1.05186753 -0.06682954 -0.24948183
v -1.12281811 -0.06163277 -0.27058993
v -1.08605683 -0.08435249 -0.25654837
v -0.94777808 -0.13116036 -0.12711734
v -0.99157973 -0.10408945 -0.19798990
v -0.94063352 -0.09692284 -0.14451405
v -0.97895822 -0.15799118 -0.14374512
v -0.96335324 -0.08288129 -0.18127533
v -1.00200882 -0.14374512 -0.18104178
v -1.12326389 0.13564366 -0.24218021
v -1.05258815 0.10501080 -0.23629521
v -1.10035360 0.15995046 -0.22194178
v -1.12313650 0.10030406 -0.25880529
v -0.94052395 0.02270416 -0.17237977
v -0.99008896 0.06638417 -0.21242264
v -0.93805822 0.05964640 -0.15995046
v -0.96084111 0.00000000 -0.19681397
v -1.05591055 0.19798990 -0.16842027
v -1.02883964 0.12711734 -0.21222192
v -1.07711871 0.18127533 -0.19664676
v -1.01625488 0.18104178 -0.15799118
v -1.06307716 0.14451405 -0.21936648
v -1.12274009 0.02302789 -0.27655274
v -1.05186753 0.06682954 -0.24948183
v -1.12281811 0.06163277 -0.27058993
v -1.08540668 0.00000000 -0.26988115
v -1.08605683 0.08435249 -0.25654837
v -0.94777808 0.13116036 -0.12711734
v -0.99157973 0.10408945 -0.19798990
v -0.94063352 0.09692284 -0.14451405
v -0.97895822 0.15799118 -0.14374512
v -0.96335324 0.08288129 -0.18127533
v -1.00200882 0.14374512 -0.18104178
v -1.01460762 -0.04380165 -0.23524981
v -1.01460762 0.04380165 -0.23524981
v -0.98633292 -0.02271972 -0.21845722
v -1.04811003 -0.02305060 -0.25563510
v -0.98633292 0.02271972 -0.21845722
v -1.04811003 0.02305060 -0.25563510
v -0.98762023 0.21947605 0.02270416
v -0.94757736 0.16991104 0.06638417
v -1.00004954 0.22194178 0.05964640
v -0.96318603 0.19915889 0.00000000
v -0.91781979 0.03673611 0.13564366
v -0.92370479 0.10741185 0.10501080
v -1.03288266 0.21222192 0.13116036
v -0.96201010 0.16842027 0.10408945
v -1.01548595 0.21936648 0.09692284
v -0.97872467 0.19664676 0.08288129
v -0.92475019 0.14539238 -0.04380165
v -0.92475019 0.14539238 0.04380165
v -0.94154278 0.17366708 -0.02271972
v -0.94154278 0.17366708 0.02271972
v -0.98762023 -0.21947605 0.02270416
v -0.94757736 -0.16991104 0.06638417
v -1.00004954 -0.22194178 0.05964640
v -0.96318603 -0.19915889 0.00000000
v -0.91781979 -0.03673611 0.13564366
v -0.92370479 -0.10741185 0.10501080
v -1.03288266 -0.21222192 0.13116036
v -0.96201010 -0.16842027 0.10408945
v -1.01548595 -0.21936648 0.09692284
v -0.97872467 -0.19664676 0.08288129
v -0.92475019 -0.14539238 -0.04380165
v -0.92475019 -0.14539238 0.04380165
v -0.94154278 -0.17366708 -0.02271972
v -0.94154278 -0.17366708 0.02271972
v -1.12326389 -0.13564366 0.24218021
v -1.05258815 -0.10501080 0.23629521
v -1.10035360 -0.15995046 0.22194178
v -1.12313650 -0.10030406 0.25880529
v -0.94052395 -0.02270416 0.17237977
v -0.99008896 -0.06638417 0.21242264
v -0.93805822 -0.05964640 0.15995046
v -1.05591055 -0.19798990 0.16842027
v -1.02883964 -0.12711734 0.21222192
v -1.07711871 -0.18127533 0.19664676
v -1.01625488 -0.18104178 0.15799118
v -1.06307716 -0.14451405 0.21936648
v -1.12274009 -0.02302789 0.27655274
v -1.05186753 -0.06682954 0.24948183
v -1.12281811 -0.06163277 0.27058993
v -1.08605683 -0.08435249 0.25654837
v -0.94777808 -0.13116036 0.12711734
v -0.99157973 -0.10408945 0.19798990
v -0.94063352 -0.09692284 0.14451405
v -0.97895822 -0.15799118 0.14374512
v -0.96335324 -0.08288129 0.18127533
v -1.00200882 -0.14374512 0.18104178
v -1.12326389 0.13564366 0.24218021
v -1.05258815 0.10501080 0.23629521
v -1.10035360 0.15995046 0.22194178
v -1.12313650 0.10030406 0.25880529
v -0.94052395 0.02270416 0.17237977
v -0.99008896 0.06638417 0.21242264
v -0.93805822 0.05964640 0.15995046
v -0.96084111 0.00000000 0.19681397
v -1.05591055 0.19798990 0.16842027
v -1.02883964 0.12711734 0.21222192
v -1.07711871 0.18127533 0.19664676
v -1.01625488 0.18104178 0.15799118
v -1.06307716 0.14451405 0.21936648
v -1.12274009 0.02302789 0.27655274
v -1.05186753 0.06682954 0.24948183
v -1.12281811 0.06163277 0.27058993
v -1.08540668 0.00000000 0.26988115
v -1.08605683 0.08435249 0.25654837
v -0.94777808 0.13116036 0.12711734
v -0.99157973 0.10408945 0.19798990
v -0.94063352 0.09692284 0.14451405
v -0.97895822 0.15799118 0.14374512
v -0.96335324 0.08288129 0.18127533
v -1.00200882 0.14374512 0.18104178
v -1.01460762 -0.04380165 0.23524981
v -1.01460762 0.04380165 0.23524981
v -0.98633292 -0.02271972 0.21845722
v -1.04811003 -0.02305060 0.25563510
v -0.98633292 0.02271972 0.21845722
v -1.04811003 0.02305060 0.25563510
v -0.90378784 0.00000000 -0.11293950
v -0.88267711 0.00000000 -0.03862663
v -0.90119471 0.03686350 -0.10030406
v -0.90119471 -0.03686350 -0.10030406
v -0.90378784 0.00000000 0.11293950
v -0.88267711 0.00000000 0.03862663
v -0.90119471 0.03686350 0.10030406
v -0.90119471 -0.03686350 0.10030406
v -0.91051817 0.10813247 -0.06682954
v -0.88344726 0.03725991 -0.02302789
v -0.90345163 0.07394317 -0.08435249
v -0.90436490 0.11188997 -0.02305060
v -0.88941007 0.03718189 -0.06163277
v -0.91051817 -0.10813247 -0.06682954
v -0.88344726 -0.03725991 -0.02302789
v -0.90345163 -0.07394317 -0.08435249
v -0.90436490 -0.11188997 -0.02305060
v -0.88941007 -0.03718189 -0.06163277
v -0.91051817 0.10813247 0.06682954
v -0.88344726 0.03725991 0.02302789
v -0.90345163 0.07394317 0.08435249
v -0.90436490 0.11188997 0.02305060
v -0.88941007 0.03718189 0.06163277
v -0.89011885 0.07459332 0.00000000
v -0.91051817 -0.10813247 0.06682954
v -0.88344726 -0.03725991 0.02302789
v -0.90345163 -0.07394317 0.08435249
v -0.90436490 -0.11188997 0.02305060
v -0.88941007 -0.03718189 0.06163277
v -0.89011885 -0.07459332 0.00000000
v -1.33237977 0.21947605 -0.02270416
v -1.37242264 0.16991104 -0.06638417
v -1.31995046 0.22194178 -0.05964640
v -1.40218021 0.03673611 -0.13564366
v -1.39629521 0.10741185 -0.10501080
v -1.28711734 0.21222192 -0.13116036
v -1.35798990 0.16842027 -0.10408945
v -1.30451405 0.21936648 -0.09692284
v -1.34127533 0.19664676 -0.08288129
v -1.33237977 -0.21947605 -0.02270416
v -1.37242264 -0.16991104 -0.06638417
v -1.31995046 -0.22194178 -0.05964640
v -1.40218021 -0.03673611 -0.13564366
v -1.39629521 -0.10741185 -0.10501080
v -1.28711734 -0.21222192 -0.13116036
v -1.35798990 -0.16842027 -0.10408945
v -1.30451405 -0.21936648 -0.09692284
v -1.34127533 -0.19664676 -0.08288129
v -1.19673611 -0.13564366 -0.24218021
v -1.26741185 -0.10501080 -0.23629521
v -1.21964640 -0.15995046 -0.22194178
v -1.19686350 -0.10030406 -0.25880529
v -1.37947605 -0.02270416 -0.17237977
v -1.32991104 -0.06638417 -0.21242264
v -1.38194178 -0.05964640 -0.15995046
v -1.26408945 -0.19798990 -0.16842027
v -1.29116036 -0.12711734 -0.21222192
v -1.24288129 -0.18127533 -0.19664676
v -1.30374512 -0.18104178 -0.15799118
v -1.25692284 -0.14451405 -0.21936648
v -1.19725991 -0.02302789 -0.27655274
v -1.26813247 -0.06682954 -0.24948183
v -1.19718189 -0.06163277 -0.27058993
v -1.23394317 -0.08435249 -0.25654837
v -1.37222192 -0.13116036 -0.12711734
v -1.32842027 -0.10408945 -0.19798990
v -1.37936648 -0.09692284 -0.14451405
v -1.34104178 -0.15799118 -0.14374512
v -1.35664676 -0.08288129 -0.18127533
v -1.31799118 -0.14374512 -0.18104178
v -1.19673611 0.13564366 -0.24218021
v -1.26741185 0.10501080 -0.23629521
v -1.21964640 0.15995046 -0.22194178
v -1.19686350 0.10030406 -0.25880529
v -1.37947605 0.02270416 -0.17237977
v -1.32991104 0.06638417 -0.21242264
v -1.38194178 0.05964640 -0.15995046
v -1.35915889 0.00000000 -0.19681397
v -1.26408945 0.19798990 -0.16842027
v -1.29116036 0.12711734 -0.21222192
v -1.24288129 0.18127533 -0.19664676
v -1.30374512 0.18104178 -0.15799118
v -1.25692284 0.14451405 -0.21936648
v -1.19725991 0.02302789 -0.27655274
v -1.26813247 0.06682954 -0.24948183
v -1.19718189 0.06163277 -0.27058993
v -1.23459332 0.00000000 -0.26988115
v -1.23394317 0.08435249 -0.25654837
v -1.37222192 0.13116036 -0.12711734
v -1.32842027 0.10408945 -0.19798990
v -1.37936648 0.09692284 -0.14451405
v -1.34104178 0.15799118 -0.14374512
v -1.35664676 0.08288129 -0.18127533
v -1.31799118 0.14374512 -0.18104178
v -1.30539238 -0.04380165 -0.23524981
v -1.30539238 0.04380165 -0.23524981
v -1.33366708 -0.02271972 -0.21845722
v -1.27188997 -0.02305060 -0.25563510
v -1.33366708 0.02271972 -0.21845722
v -1.27188997 0.02305060 -0.25563510
v -1.33237977 0.21947605 0.02270416
v -1.37242264 0.16991104 0.06638417
v -1.31995046 0.22194178 0.05964640
v -1.35681397 0.19915889 0.00000000
v -1.40218021 0.03673611 0.13564366
v -1.39629521 0.10741185 0.10501080
v -1.28711734 0.21222192 0.13116036
v -1.35798990 0.16842027 0.10408945
v -1.30451405 0.21936648 0.09692284
v -1.34127533 0.19664676 0.08288129
v -1.39524981 0.14539238 -0.04380165
v -1.39524981 0.14539238 0.04380165
v -1.37845722 0.17366708 -0.02271972
v -1.37845722 0.17366708 0.02271972
v -1.33237977 -0.21947605 0.02270416
v -1.37242264 -0.16991104 0.06638417
v -1.31995046 -0.22194178 0.05964640
v -1.35681397 -0.19915889 0.00000000
v -1.40218021 -0.03673611 0.13564366
v -1.39629521 -0.10741185 0.10501080
v -1.28711734 -0.21222192 0.13116036
v -1.35798990 -0.16842027 0.10408945
v -1.30451405 -0.21936648 0.09692284
v -1.34127533 -0.19664676 0.08288129
v -1.39524981 -0.14539238 -0.04380165
v -1.39524981 -0.14539238 0.04380165
v -1.37845722 -0.17366708 -0.02271972
v -1.37845722 -0.17366708 0.02271972
v -1.19673611 -0.13564366 0.24218021
v -1.26741185 -0.10501080 0.23629521
v -1.21964640 -0.15995046 0.22194178
v -1.19686350 -0.10030406 0.25880529
v -1.37947605 -0.02270416 0.17237977
v -1.32991104 -0.06638417 0.21242264
v -1.38194178 -0.05964640 0.15995046
v -1.26408945 -0.19798990 0.16842027
v -1.29116036 -0.12711734 0.21222192
v -1.24288129 -0.18127533 0.19664676
v -1.30374512 -0.18104178 0.15799118
v -1.25692284 -0.14451405 0.21936648
v -1.19725991 -0.02302789 0.27655274
v -1.26813247 -0.06682954 0.24948183
v -1.19718189 -0.06163277 0.27058993
v -1.23394317 -0.08435249 0.25654837
v -1.37222192 -0.13116036 0.12711734
v -1.32842027 -0.10408945 0.19798990
v -1.37936648 -0.09692284 0.14451405
v -1.34104178 -0.15799118 0.14374512
v -1.35664676 -0.08288129 0.18127533
v -1.31799118 -0.14374512 0.18104178
v -1.19673611 0.13564366 0.24218021
v -1.26741185 0.10501080 0.23629521
v -1.21964640 0.15995046 0.22194178
v -1.19686350 0.10030406 0.25880529
v -1.37947605 0.02270416 0.17237977
v -1.32991104 0.06638417 0.21242264
v -1.38194178 0.05964640 0.15995046
v -1.35915889 0.00000000 0.19681397
v -1.26408945 0.19798990 0.16842027
v -1.29116036 0.12711734 0.21222192
v -1.24288129 0.18127533 0.19664676
v -1.30374512 0.18104178 0.15799118
v -1.25692284 0.14451405 0.21936648
v -1.19725991 0.02302789 0.27655274
v -1.26813247 0.06682954 0.24948183
v -1.19718189 0.06163277 0.27058993
v -1.23459332 0.00000000 0.26988115
v -1.23394317 0.08435249 0.25654837
v -1.37222192 0.13116036 0.12711734
v -1.32842027 0.10408945 0.19798990
v -1.37936648 0.09692284 0.14451405
v -1.34104178 0.15799118 0.14374512
v -1.35664676 0.08288129 0.18127533
v -1.31799118 0.14374512 0.18104178
v -1.30539238 -0.04380165 0.23524981
v -1.30539238 0.04380165 0.23524981
v -1.33366708 -0.02271972 0.21845722
v -1.27188997 -0.02305060 0.25563510
v -1.33366708 0.02271972 0.21845722
v -1.27188997 0.02305060 0.25563510
v -1.41621216 0.00000000 -0.11293950
v -1.43732289 0.00000000 -0.03862663
v -1.41880529 0.03686350 -0.10030406
v -1.41880529 -0.03686350 -0.10030406
v -1.41621216 0.00000000 0.11293950
v -1.43732289 0.00000000 0.03862663
v -1.41880529 0.03686350 0.10030406
v -1.41880529 -0.03686350 0.10030406
v -1.40948183 0.10813247 -0.06682954
v -1.43655274 0.03725991 -0.02302789
v -1.41654837 0.07394317 -0.08435249
v -1.41563510 0.11188997 -0.02305060
v -1.43058993 0.03718189 -0.06163277
v -1.40948183 -0.10813247 -0.06682954
v -1.43655274 -0.03725991 -0.02302789
v -1.41654837 -0.07394317 -0.08435249
v -1.41563510 -0.11188997 -0.02305060
v -1.43058993 -0.03718189 -0.06163277
v -1.40948183 0.10813247 0.06682954
v -1.43655274 0.03725991 0.02302789
v -1.41654837 0.07394317 0.08435249
v -1.41563510 0.11188997 0.02305060
v -1.43058993 0.03718189 0.06163277
v -1.42988115 0.07459332 0.00000000
v -1.40948183 -0.10813247 0.06682954
v -1.43655274 -0.03725991 0.02302789
v -1.41654837 -0.07394317 0.08435249
v -1.41563510 -0.11188997 0.02305060
v -1.43058993 -0.03718189 0.06163277
v -1.42988115 -0.07459332 0.00000000
v -0.14720471 1.39818223 0.00000000
v 0.14720471 1.39818223 0.00000000
v -0.14720471 0.92181777 0.00000000
v 0.14720471 0.92181777 0.00000000
v 0.00000000 1.01279529 0.23818223
v 0.00000000 1.30720471 0.23818223
v 0.00000000 1.01279529 -0.23818223
v 0.00000000 1.30720471 -0.23818223
v 0.23818223 1.16000000 -0.14720471
v 0.23818223 1.16000000 0.14720471
v -0.23818223 1.16000000 -0.14720471
v -0.23818223 1.16000000 0.14720471
v 0.00000000 1.44000000 0.00000000
v 0.00000000 0.88000000 0.00000000
v -0.08652476 0.93347524 0.14000000
v 0.08652476 0.93347524 0.14000000
v -0.08652476 1.38652476 0.14000000
v 0.08652476 1.38652476 0.14000000
v 0.00000000 1.16000000 0.28000000
v -0.08652476 0.93347524 -0.14000000
v 0.08652476 0.93347524 -0.14000000
v -0.08652476 1.38652476 -0.14000000
v 0.08652476 1.38652476 -0.14000000
v 0.00000000 1.16000000 -0.28000000
v 0.22652476 1.30000000 -0.08652476
v 0.22652476 1.02000000 -0.08652476
v 0.14000000 1.07347524 -0.22652476
v 0.14000000 1.24652476 -0.22652476
v 0.22652476 1.30000000 0.08652476
v 0.22652476 1.02000000 0.08652476
v 0.14000000 1.07347524 0.22652476
v 0.14000000 1.24652476 0.22652476
v 0.28000000 1.16000000 0.00000000
v -0.22652476 1.30000000 -0.08652476
v -0.22652476 1.02000000 -0.08652476
v -0.14000000 1.07347524 -0.22652476
v -0.14000000 1.24652476 -0.22652476
v -0.22652476 1.30000000 0.08652476
v -0.22652476 1.02000000 0.08652476
v -0.14000000 1.07347524 0.22652476
v -0.14000000 1.24652476 0.22652476
v -0.28000000 1.16000000 0.00000000
v -0.07651463 1.42934274 0.00000000
v 0.07651463 1.42934274 0.00000000
v -0.07651463 0.89065726 0.00000000
v 0.07651463 0.89065726 0.00000000
v -0.12148880 0.91845283 0.07276974
v -0.04497417 0.96574147 0.19657300
v -0.04548876 0.89370418 0.07360236
v 0.12148880 0.91845283 0.07276974
v 0.04497417 0.96574147 0.19657300
v 0.04548876 0.89370418 0.07360236
v 0.00000000 0.92181777 0.14720471
v -0.12148880 1.40154717 0.07276974
v -0.04497417 1.35425853 0.19657300
v -0.04548876 1.42629582 0.07360236
v 0.12148880 1.40154717 0.07276974
v 0.04497417 1.35425853 0.19657300
v 0.04548876 1.42629582 0.07360236
v 0.00000000 1.39818223 0.14720471
v 0.00000000 1.08348537 0.26934274
v 0.00000000 1.23651463 0.26934274
v -0.12148880 0.91845283 -0.07276974
v -0.04497417 0.96574147 -0.19657300
v -0.04548876 0.89370418 -0.07360236
v 0.12148880 0.91845283 -0.07276974
v 0.04497417 0.96574147 -0.19657300
v 0.04548876 0.89370418 -0.07360236
v 0.00000000 0.92181777 -0.14720471
v -0.12148880 1.40154717 -0.07276974
v -0.04497417 1.35425853 -0.19657300
v -0.04548876 1.42629582 -0.07360236
v 0.12148880 1.40154717 -0.07276974
v 0.04497417 1.35425853 -0.19657300
v 0.04548876 1.42629582 -0.07360236
v 0.00000000 1.39818223 -0.14720471
v 0.00000000 1.08348537 -0.26934274
v 0.00000000 1.23651463 -0.26934274
v 0.19425853 1.35657300 -0.04497417
v 0.24154717 1.23276974 -0.12148880
v 0.16457987 1.35269347 -0.11909111
v 0.19425853 0.96342700 -0.04497417
v 0.24154717 1.08723026 -0.12148880
v 0.16457987 0.96730653 -0.11909111
v 0.07276974 1.03851120 -0.24154717
v 0.19657300 1.11502583 -0.19425853
v 0.11909111 0.99542013 -0.19269347
v 0.07360236 1.11451124 -0.26629582
v 0.19269347 1.04090889 -0.16457987
v 0.07276974 1.28148880 -0.24154717
v 0.19657300 1.20497417 -0.19425853
v 0.11909111 1.32457987 -0.19269347
v 0.07360236 1.20548876 -0.26629582
v 0.19269347 1.27909111 -0.16457987
v 0.14720471 1.16000000 -0.23818223
v 0.19425853 1.35657300 0.04497417
v 0.24154717 1.23276974 0.12148880
v 0.16457987 1.35269347 0.11909111
v 0.23818223 1.30720471 0.00000000
v 0.19425853 0.96342700 0.04497417
v 0.24154717 1.08723026 0.12148880
v 0.16457987 0.96730653 0.11909111
v 0.23818223 1.01279529 0.00000000
v 0.07276974 1.03851120 0.24154717
v 0.19657300 1.11502583 0.19425853
v 0.11909111 0.99542013 0.19269347
v 0.07360236 1.11451124 0.26629582
v 0.19269347 1.04090889 0.16457987
v 0.07276974 1.28148880 0.24154717
v 0.19657300 1.20497417 0.19425853
v 0.11909111 1.32457987 0.19269347
v 0.07360236 1.20548876 0.26629582
v 0.19269347 1.27909111 0.16457987
v 0.14720471 1.16000000 0.23818223
v 0.26934274 1.16000000 -0.07651463
v 0.26934274 1.16000000 0.07651463
v 0.26629582 1.23360236 -0.04548876
v 0.26629582 1.08639764 -0.04548876
v 0.26629582 1.23360236 0.04548876
v 0.26629582 1.08639764 0.04548876
v -0.19425853 1.35657300 -0.04497417
v -0.24154717 1.23276974 -0.12148880
v -0.16457987 1.35269347 -0.11909111
v -0.19425853 0.96342700 -0.04497417
v -0.24154717 1.08723026 -0.12148880
v -0.16457987 0.96730653 -0.11909111
v -0.07276974 1.03851120 -0.24154717
v -0.19657300 1.11502583 -0.19425853
v -0.11909111 0.99542013 -0.19269347
v -0.07360236 1.11451124 -0.26629582
v -0.19269347 1.04090889 -0.16457987
v -0.07276974 1.28148880 -0.24154717
v -0.19657300 1.20497417 -0.19425853
v -0.11909111 1.32457987 -0.19269347
v -0.07360236 1.20548876 -0.26629582
v -0.19269347 1.27909111 -0.16457987
v -0.14720471 1.16000000 -0.23818223
v -0.19425853 1.35657300 0.04497417
v -0.24154717 1.23276974 0.12148880
v -0.16457987 1.35269347 0.11909111
v -0.23818223 1.30720471 0.00000000
v -0.19425853 0.96342700 0.04497417
v -0.24154717 1.08723026 0.12148880
v -0.16457987 0.96730653 0.11909111
v -0.23818223 1.01279529 0.00000000
v -0.07276974 1.03851120 0.24154717
v -0.19657300 1.11502583 0.19425853
v -0.11909111 0.99542013 0.19269347
v -0.07360236 1.11451124 0.26629582
v -0.19269347 1.04090889 0.16457987
v -0.07276974 1.28148880 0.24154717
v -0.19657300 1.20497417 0.19425853
v -0.11909111 1.32457987 0.19269347
v -0.07360236 1.20548876 0.26629582
v -0.19269347 1.27909111 0.16457987
v -0.14720471 1.16000000 0.23818223
v -0.26934274 1.16000000 -0.07651463
v -0.26934274 1.16000000 0.07651463
v -0.26629582 1.23360236 -0.04548876
v -0.26629582 1.08639764 -0.04548876
v -0.26629582 1.23360236 0.04548876
v -0.26629582 1.08639764 0.04548876
v -0.11293950 1.41621216 0.00000000
v -0.03862663 1.43732289 0.00000000
v 0.11293950 1.41621216 0.00000000
v 0.03862663 1.43732289 0.00000000
v -0.11293950 0.90378784 0.00000000
v -0.03862663 0.88267711 0.00000000
v 0.11293950 0.90378784 0.00000000
v 0.03862663 0.88267711 0.00000000
v -0.13564366 0.91781979 0.03673611
v -0.10501080 0.92370479 0.10741185
v -0.10030406 0.90119471 0.03686350
v -0.02270416 0.98762023 0.21947605
v -0.06638417 0.94757736 0.16991104
v -0.02302789 0.88344726 0.03725991
v -0.06682954 0.91051817 0.10813247
v -0.06163277 0.88941007 0.03718189
v -0.08435249 0.90345163 0.07394317
v 0.13564366 0.91781979 0.03673611
v 0.10501080 0.92370479 0.10741185
v 0.10030406 0.90119471 0.03686350
v 0.02270416 0.98762023 0.21947605
v 0.06638417 0.94757736 0.16991104
v 0.00000000 0.96318603 0.19915889
v 0.02302789 0.88344726 0.03725991
v 0.06682954 0.91051817 0.10813247
v 0.06163277 0.88941007 0.03718189
v 0.00000000 0.89011885 0.07459332
v 0.08435249 0.90345163 0.07394317
v -0.04380165 0.92475019 0.14539238
v 0.04380165 0.92475019 0.14539238
v -0.02271972 0.94154278 0.17366708
v -0.02305060 0.90436490 0.11188997
v 0.02271972 0.94154278 0.17366708
v 0.02305060 0.90436490 0.11188997
v -0.13564366 1.40218021 0.03673611
v -0.10501080 1.39629521 0.10741185
v -0.10030406 1.41880529 0.03686350
v -0.02270416 1.33237977 0.21947605
v -0.06638417 1.37242264 0.16991104
v -0.02302789 1.43655274 0.03725991
v -0.06682954 1.40948183 0.10813247
v -0.06163277 1.43058993 0.03718189
v -0.08435249 1.41654837 0.07394317
v 0.13564366 1.40218021 0.03673611
v 0.10501080 1.39629521 0.10741185
v 0.10030406 1.41880529 0.03686350
v 0.02270416 1.33237977 0.21947605
v 0.06638417 1.37242264 0.16991104
v 0.00000000 1.35681397 0.19915889
v 0.02302789 1.43655274 0.03725991
v 0.06682954 1.40948183 0.10813247
v 0.06163277 1.43058993 0.03718189
v 0.00000000 1.42988115 0.07459332
v 0.08435249 1.41654837 0.07394317
v -0.04380165 1.39524981 0.14539238
v 0.04380165 1.39524981 0.14539238
v -0.02271972 1.37845722 0.17366708
v -0.02305060 1.41563510 0.11188997
v 0.02271972 1.37845722 0.17366708
v 0.02305060 1.41563510 0.11188997
v 0.00000000 1.04706050 0.25621216
v 0.00000000 1.12137337 0.27732289
v 0.00000000 1.27293950 0.25621216
v 0.00000000 1.19862663 0.27732289
v -0.13564366 0.91781979 -0.03673611
v -0.10501080 0.92370479 -0.10741185
v -0.10030406 0.90119471 -0.03686350
v -0.02270416 0.98762023 -0.21947605
v -0.06638417 0.94757736 -0.16991104
v -0.02302789 0.88344726 -0.03725991
v -0.06682954 0.91051817 -0.10813247
v -0.06163277 0.88941007 -0.03718189
v -0.08435249 0.90345163 -0.07394317
v 0.13564366 0.91781979 -0.03673611
v 0.10501080 0.92370479 -0.10741185
v 0.10030406 0.90119471 -0.03686350
v 0.02270416 0.98762023 -0.21947605
v 0.06638417 0.94757736 -0.16991104
v 0.00000000 0.96318603 -0.19915889
v 0.02302789 0.88344726 -0.03725991
v 0.06682954 0.91051817 -0.10813247
v 0.06163277 0.88941007 -0.03718189
v 0.00000000 0.89011885 -0.07459332
v 0.08435249 0.90345163 -0.07394317
v -0.04380165 0.92475019 -0.14539238
v 0.04380165 0.92475019 -0.14539238
v -0.02271972 0.94154278 -0.17366708
v -0.02305060 0.90436490 -0.11188997
v 0.02271972 0.94154278 -0.17366708
v 0.02305060 0.90436490 -0.11188997
v -0.13564366 1.40218021 -0.03673611
v -0.10501080 1.39629521 -0.10741185
v -0.10030406 1.41880529 -0.03686350
v -0.02270416 1.33237977 -0.21947605
v -0.06638417 1.37242264 -0.16991104
v -0.02302789 1.43655274 -0.03725991
v -0.06682954 1.40948183 -0.10813247
v -0.06163277 1.43058993 -0.03718189
v -0.08435249 1.41654837 -0.07394317
v 0.13564366 1.40218021 -0.03673611
v 0.10501080 1.39629521 -0.10741185
v 0.10030406 1.41880529 -0.03686350
v 0.02270416 1.33237977 -0.21947605
v 0.06638417 1.37242264 -0.16991104
v 0.00000000 1.35681397 -0.19915889
v 0.02302789 1.43655274 -0.03725991
v 0.06682954 1.40948183 -0.10813247
v 0.06163277 1.43058993 -0.03718189
v 0.00000000 1.42988115 -0.07459332
v 0.08435249 1.41654837 -0.07394317
v -0.04380165 1.39524981 -0.14539238
v 0.04380165 1.39524981 -0.14539238
v -0.02271972 1.37845722 -0.17366708
v -0.02305060 1.41563510 -0.11188997
v 0.02271972 1.37845722 -0.17366708
v 0.02305060 1.41563510 -0.11188997
v 0.00000000 1.04706050 -0.25621216
v 0.00000000 1.12137337 -0.27732289
v 0.00000000 1.27293950 -0.25621216
v 0.00000000 1.19862663 -0.27732289
v 0.17237977 1.37947605 -0.02270416
v 0.21242264 1.32991104 -0.06638417
v 0.15995046 1.38194178 -0.05964640
v 0.24218021 1.19673611 -0.13564366
v 0.23629521 1.26741185 -0.10501080
v 0.12711734 1.37222192 -0.13116036
v 0.19798990 1.32842027 -0.10408945
v 0.14451405 1.37936648 -0.09692284
v 0.18127533 1.35664676 -0.08288129
v 0.17237977 0.94052395 -0.02270416
v 0.21242264 0.99008896 -0.06638417
v 0.15995046 0.93805822 -0.05964640
v 0.24218021 1.12326389 -0.13564366
v 0.23629521 1.05258815 -0.10501080
v 0.12711734 0.94777808 -0.13116036
v 0.19798990 0.99157973 -0.10408945
v 0.14451405 0.94063352 -0.09692284
v 0.18127533 0.96335324 -0.08288129
v 0.03673611 1.02435634 -0.24218021
v 0.10741185 1.05498920 -0.23629521
v 0.05964640 1.00004954 -0.22194178
v 0.03686350 1.05969594 -0.25880529
v 0.21947605 1.13729584 -0.17237977
v 0.16991104 1.09361583 -0.21242264
v 0.22194178 1.10035360 -0.15995046
v 0.10408945 0.96201010 -0.16842027
v 0.13116036 1.03288266 -0.21222192
v 0.08288129 0.97872467 -0.19664676
v 0.14374512 0.97895822 -0.15799118
v 0.09692284 1.01548595 -0.21936648
v 0.03725991 1.13697211 -0.27655274
v 0.10813247 1.09317046 -0.24948183
v 0.03718189 1.09836723 -0.27058993
v 0.07394317 1.07564751 -0.25654837
v 0.21222192 1.02883964 -0.12711734
v 0.16842027 1.05591055 -0.19798990
v 0.21936648 1.06307716 -0.14451405
v 0.18104178 1.00200882 -0.14374512
v 0.19664676 1.07711871 -0.18127533
v 0.15799118 1.01625488 -0.18104178
v 0.03673611 1.29564366 -0.24218021
v 0.10741185 1.26501080 -0.23629521
v 0.05964640 1.31995046 -0.22194178
v 0.03686350 1.26030406 -0.25880529
v 0.21947605 1.18270416 -0.17237977
v 0.16991104 1.22638417 -0.21242264
v 0.22194178 1.21964640 -0.15995046
v 0.19915889 1.16000000 -0.19681397
v 0.10408945 1.35798990 -0.16842027
v 0.13116036 1.28711734 -0.21222192
v 0.08288129 1.34127533 -0.19664676
v 0.14374512 1.34104178 -0.15799118
v 0.09692284 1.30451405 -0.21936648
v 0.03725991 1.18302789 -0.27655274
v 0.10813247 1.22682954 -0.24948183
v 0.03718189 1.22163277 -0.27058993
v 0.07459332 1.16000000 -0.26988115
v 0.07394317 1.24435249 -0.25654837
v 0.21222192 1.29116036 -0.12711734
v 0.16842027 1.26408945 -0.19798990
v 0.21936648 1.25692284 -0.14451405
v 0.18104178 1.31799118 -0.14374512
v 0.19664676 1.24288129 -0.18127533
v 0.15799118 1.30374512 -0.18104178
v 0.14539238 1.11619835 -0.23524981
v 0.14539238 1.20380165 -0.23524981
v 0.17366708 1.13728028 -0.21845722
v 0.11188997 1.13694940 -0.25563510
v 0.17366708 1.18271972 -0.21845722
v 0.11188997 1.18305060 -0.25563510
v 0.17237977 1.37947605 0.02270416
v 0.21242264 1.32991104 0.06638417
v 0.15995046 1.38194178 0.05964640
v 0.19681397 1.35915889 0.00000000
v 0.24218021 1.19673611 0.13564366
v 0.23629521 1.26741185 0.10501080
v 0.12711734 1.37222192 0.13116036
v 0.19798990 1.32842027 0.10408945
v 0.14451405 1.37936648 0.09692284
v 0.18127533 1.35664676 0.08288129
v 0.23524981 1.30539238 -0.04380165
v 0.23524981 1.30539238 0.04380165
v 0.21845722 1.33366708 -0.02271972
v 0.21845722 1.33366708 0.02271972
v 0.17237977 0.94052395 0.02270416
v 0.21242264 0.99008896 0.06638417
v 0.15995046 0.93805822 0.05964640
v 0.19681397 0.96084111 0.00000000
v 0.24218021 1.12326389 0.13564366
v 0.23629521 1.05258815 0.10501080
v 0.12711734 0.94777808 0.13116036
v 0.19798990 0.99157973 0.10408945
v 0.14451405 0.94063352 0.09692284
v 0.18127533 0.96335324 0.08288129
v 0.23524981 1.01460762 -0.04380165
v 0.23524981 1.01460762 0.04380165
v 0.21845722 0.98633292 -0.02271972
v 0.21845722 0.98633292 0.02271972
v 0.03673611 1.02435634 0.24218021
v 0.10741185 1.05498920 0.23629521
v 0.05964640 1.00004954 0.22194178
v 0.03686350 1.05969594 0.25880529
v 0.21947605 1.13729584 0.17237977
v 0.16991104 1.09361583 0.21242264
v 0.22194178 1.10035360 0.15995046
v 0.10408945 0.96201010 0.16842027
v 0.13116036 1.03288266 0.21222192
v 0.08288129 0.97872467 0.19664676
v 0.14374512 0.97895822 0.15799118
v 0.09692284 1.01548595 0.21936648
v 0.03725991 1.13697211 0.27655274
v 0.10813247 1.09317046 0.24948183
v 0.03718189 1.09836723 0.27058993
v 0.07394317 1.07564751 0.25654837
v 0.21222192 1.02883964 0.12711734
v 0.16842027 1.05591055 0.19798990
v 0.21936648 1.06307716 0.14451405
v 0.18104178 1.00200882 0.14374512
v 0.19664676 1.07711871 0.18127533
v 0.15799118 1.01625488 0.18104178
v 0.03673611 1.29564366 0.24218021
v 0.10741185 1.26501080 0.23629521
v 0.05964640 1.31995046 0.22194178
v 0.03686350 1.26030406 0.25880529
v 0.21947605 1.18270416 0.17237977
v 0.16991104 1.22638417 0.21242264
v 0.22194178 1.21964640 0.15995046
v 0.19915889 1.16000000 0.19681397
v 0.10408945 1.35798990 0.16842027
v 0.13116036 1.28711734 0.21222192
v 0.08288129 1.34127533 0.19664676
v 0.14374512 1.34104178 0.15799118
v 0.09692284 1.30451405 0.21936648
v 0.03725991 1.18302789 0.27655274
v 0.10813247 1.22682954 0.24948183
v 0.03718189 1.22163277 0.27058993
v 0.07459332 1.16000000 0.26988115
v 0.07394317 1.24435249 0.25654837
v 0.21222192 1.29116036 0.12711734
v 0.16842027 1.26408945 0.19798990
v 0.21936648 1.25692284 0.14451405
v 0.18104178 1.31799118 0.14374512
v 0.19664676 1.24288129 0.18127533
v 0.15799118 1.30374512 0.18104178
v 0.14539238 1.11619835 0.23524981
v 0.14539238 1.20380165 0.23524981
v 0.17366708 1.13728028 0.21845722
v 0.11188997 1.13694940 0.25563510
v 0.17366708 1.18271972 0.21845722
v 0.11188997 1.18305060 0.25563510
v 0.25621216 1.16000000 -0.11293950
v 0.27732289 1.16000000 -0.03862663
v 0.25880529 1.19686350 -0.10030406
v 0.25880529 1.12313650 -0.10030406
v 0.25621216 1.16000000 0.11293950
v 0.27732289 1.16000000 0.03862663
v 0.25880529 1.19686350 0.10030406
v 0.25880529 1.12313650 0.10030406
v 0.24948183 1.26813247 -0.06682954
v 0.27655274 1.19725991 -0.02302789
v 0.25654837 1.23394317 -0.08435249
v 0.25563510 1.27188997 -0.02305060
v 0.27058993 1.19718189 -0.06163277
v 0.24948183 1.05186753 -0.06682954
v 0.27655274 1.12274009 -0.02302789
v 0.25654837 1.08605683 -0.08435249
v 0.25563510 1.04811003 -0.02305060
v 0.27058993 1.12281811 -0.06163277
v 0.24948183 1.26813247 0.06682954
v 0.27655274 1.19725991 0.02302789
v 0.25654837 1.23394317 0.08435249
v 0.25563510 1.27188997 0.02305060
v 0.27058993 1.19718189 0.06163277
v 0.26988115 1.23459332 0.00000000
v 0.24948183 1.05186753 0.06682954
v 0.27655274 1.12274009 0.02302789
v 0.25654837 1.08605683 0.08435249
v 0.25563510 1.04811003 0.02305060
v 0.27058993 1.12281811 0.06163277
v 0.26988115 1.08540668 0.00000000
v -0.17237977 1.37947605 -0.02270416
v -0.21242264 1.32991104 -0.06638417
v -0.15995046 1.38194178 -0.05964640
v -0.24218021 1.19673611 -0.13564366
v -0.23629521 1.26741185 -0.10501080
v -0.12711734 1.37222192 -0.13116036
v -0.19798990 1.32842027 -0.10408945
v -0.14451405 1.37936648 -0.09692284
v -0.18127533 1.35664676 -0.08288129
v -0.17237977 0.94052395 -0.02270416
v -0.21242264 0.99008896 -0.06638417
v -0.15995046 0.93805822 -0.05964640
v -0.24218021 1.12326389 -0.13564366
v -0.23629521 1.05258815 -0.10501080
v -0.12711734 0.94777808 -0.13116036
v -0.19798990 0.99157973 -0.10408945
v -0.14451405 0.94063352 -0.09692284
v -0.18127533 0.96335324 -0.08288129
v -0.03673611 1.02435634 -0.24218021
v -0.10741185 1.05498920 -0.23629521
v -0.05964640 1.00004954 -0.22194178
v -0.03686350 1.05969594 -0.25880529
v -0.21947605 1.13729584 -0.17237977
v -0.16991104 1.09361583 -0.21242264
v -0.22194178 1.10035360 -0.15995046
v -0.10408945 0.96201010 -0.16842027
v -0.13116036 1.03288266 -0.21222192
v -0.08288129 0.97872467 -0.19664676
v -0.14374512 0.97895822 -0.15799118
v -0.09692284 1.01548595 -0.21936648
v -0.03725991 1.13697211 -0.27655274
v -0.10813247 1.09317046 -0.24948183
v -0.03718189 1.09836723 -0.27058993
v -0.07394317 1.07564751 -0.25654837
v -0.21222192 1.02883964 -0.12711734
v -0.16842027 1.05591055 -0.19798990
v -0.21936648 1.06307716 -0.14451405
v -0.18104178 1.00200882 -0.14374512
v -0.19664676 1.07711871 -0.18127533
v -0.15799118 1.01625488 -0.18104178
v -0.03673611 1.29564366 -0.24218021
v -0.10741185 1.26501080 -0.23629521
v -0.05964640 1.31995046 -0.22194178
v -0.03686350 1.26030406 -0.25880529
v -0.21947605 1.18270416 -0.17237977
v -0.16991104 1.22638417 -0.21242264
v -0.22194178 1.21964640 -0.15995046
v -0.19915889 1.16000000 -0.19681397
v -0.10408945 1.35798990 -0.16842027
v -0.13116036 1.28711734 -0.21222192
v -0.08288129 1.34127533 -0.19664676
v -0.14374512 1.34104178 -0.15799118
v -0.09692284 1.30451405 -0.21936648
v -0.03725991 1.18302789 -0.27655274
v -0.10813247 1.22682954 -0.24948183
v -0.03718189 1.22163277 -0.27058993
v -0.07459332 1.16000000 -0.26988115
v -0.07394317 1.24435249 -0.25654837
v -0.21222192 1.29116036 -0.12711734
v -0.16842027 1.26408945 -0.19798990
v -0.21936648 1.25692284 -0.14451405
v -0.18104178 1.31799118 -0.14374512
v -0.19664676 1.24288129 -0.18127533
v -0.15799118 1.30374512 -0.18104178
v -0.14539238 1.11619835 -0.23524981
v -0.14539238 1.20380165 -0.23524981
v -0.17366708 1.13728028 -0.21845722
v -0.11188997 1.13694940 -0.25563510
v -0.17366708 1.18271972 -0.21845722
v -0.11188997 1.18305060 -0.25563510
v -0.17237977 1.37947605 0.02270416
v -0.21242264 1.32991104 0.06638417
v -0.15995046 1.38194178 0.05964640
v -0.19681397 1.35915889 0.00000000
v -0.24218021 1.19673611 0.13564366
v -0.23629521 1.26741185 0.10501080
v -0.12711734 1.37222192 0.13116036
v -0.19798990 1.32842027 0.10408945
v -0.14451405 1.37936648 0.09692284
v -0.18127533 1.35664676 0.08288129
v -0.23524981 1.30539238 -0.04380165
v -0.23524981 1.30539238 0.04380165
v -0.21845722 1.33366708 -0.02271972
v -0.21845722 1.33366708 0.02271972
v -0.17237977 0.94052395 0.02270416
v -0.21242264 0.99008896 0.06638417
v -0.15995046 0.93805822 0.05964640
v -0.19681397 0.96084111 0.00000000
v -0.24218021 1.12326389 0.13564366
v -0.23629521 1.05258815 0.10501080
v -0.12711734 0.94777808 0.13116036
v -0.19798990 0.99157973 0.10408945
v -0.14451405 0.94063352 0.09692284
v -0.18127533 0.96335324 0.08288129
v -0.23524981 1.01460762 -0.04380165
v -0.23524981 1.01460762 0.04380165
v -0.21845722 0.98633292 -0.02271972
v -0.21845722 0.98633292 0.02271972
v -0.03673611 1.02435634 0.24218021
v -0.10741185 1.05498920 0.23629521
v -0.05964640 1.00004954 0.22194178
v -0.03686350 1.05969594 0.25880529
v -0.21947605 1.13729584 0.17237977
v -0.16991104 1.09361583 0.21242264
v -0.22194178 1.10035360 0.15995046
v -0.10408945 0.96201010 0.16842027
v -0.13116036 1.03288266 0.21222192
v -0.08288129 0.97872467 0.19664676
v -0.14374512 0.97895822 0.15799118
v -0.09692284 1.01548595 0.21936648
v -0.03725991 1.13697211 0.27655274
v -0.10813247 1.09317046 0.24948183
v -0.03718189 1.09836723 0.27058993
v -0.07394317 1.07564751 0.25654837
v -0.21222192 1.02883964 0.12711734
v -0.16842027 1.05591055 0.19798990
v -0.21936648 1.06307716 0.14451405
v -0.18104178 1.00200882 0.14374512
v -0.19664676 1.07711871 0.18127533
v -0.15799118 1.01625488 0.18104178
v -0.03673611 1.29564366 0.24218021
v -0.10741185 1.26501080 0.23629521
v -0.05964640 1.31995046 0.22194178
v -0.03686350 1.26030406 0.25880529
v -0.21947605 1.18270416 0.17237977
v -0.16991104 1.22638417 0.21242264
v -0.22194178 1.21964640 0.15995046
v -0.19915889 1.16000000 0.19681397
v -0.10408945 1.35798990 0.16842027
v -0.13116036 1.28711734 0.21222192
v -0.08288129 1.34127533 0.19664676
v -0.14374512 1.34104178 0.15799118
v -0.09692284 1.30451405 0.21936648
v -0.03725991 1.18302789 0.27655274
v -0.10813247 1.22682954 0.24948183
v -0.03718189 1.22163277 0.27058993
v -0.07459332 1.16000000 0.26988115
v -0.07394317 1.24435249 0.25654837
v -0.21222192 1.29116036 0.12711734
v -0.16842027 1.26408945 0.19798990
v -0.21936648 1.25692284 0.14451405
v -0.18104178 1.31799118 0.14374512
v -0.19664676 1.24288129 0.18127533
v -0.15799118 1.30374512 0.18104178
v -0.14539238 1.11619835 0.23524981
v -0.14539238 1.20380165 0.23524981
v -0.17366708 1.13728028 0.21845722
v -0.11188997 1.13694940 0.25563510
v -0.17366708 1.18271972 0.21845722
v -0.11188997 1.18305060 0.25563510
v -0.25621216 1.16000000 -0.11293950
v -0.27732289 1.16000000 -0.03862663
v -0.25880529 1.19686350 -0.10030406
v -0.25880529 1.12313650 -0.10030406
v -0.25621216 1.16000000 0.11293950
v -0.27732289 1.16000000 0.03862663
v -0.25880529 1.19686350 0.10030406
v -0.25880529 1.12313650 0.10030406
v -0.24948183 1.26813247 -0.06682954
v -0.27655274 1.19725991 -0.02302789
v -0.25654837 1.23394317 -0.08435249
v -0.25563510 1.27188997 -0.02305060
v -0.27058993 1.19718189 -0.06163277
v -0.24948183 1.05186753 -0.06682954
v -0.27655274 1.12274009 -0.02302789
v -0.25654837 1.08605683 -0.08435249
v -0.25563510 1.04811003 -0.02305060
v -0.27058993 1.12281811 -0.06163277
v -0.24948183 1.26813247 0.06682954
v -0.27655274 1.19725991 0.02302789
v -0.25654837 1.23394317 0.08435249
v -0.25563510 1.27188997 0.02305060
v -0.27058993 1.19718189 0.06163277
v -0.26988115 1.23459332 0.00000000
v -0.24948183 1.05186753 0.06682954
v -0.27655274 1.12274009 0.02302789
v -0.25654837 1.08605683 0.08435249
v -0.25563510 1.04811003 0.02305060
v -0.27058993 1.12281811 0.06163277
v -0.26988115 1.08540668 0.00000000
v -0.14720471 -0.92181777 0.00000000
v 0.14720471 -0.92181777 0.00000000
v -0.14720471 -1.39818223 0.00000000
v 0.14720471 -1.39818223 0.00000000
v 0.00000000 -1.30720471 0.23818223
v 0.00000000 -1.01279529 0.23818223
v 0.00000000 -1.30720471 -0.23818223
v 0.00000000 -1.01279529 -0.23818223
v 0.23818223 -1.16000000 -0.14720471
v 0.23818223 -1.16000000 0.14720471
v -0.23818223 -1.16000000 -0.14720471
v -0.23818223 -1.16000000 0.14720471
v 0.00000000 -0.88000000 0.00000000
v 0.00000000 -1.44000000 0.00000000
v -0.08652476 -1.38652476 0.14000000
v 0.08652476 -1.38652476 0.14000000
v -0.08652476 -0.93347524 0.14000000
v 0.08652476 -0.93347524 0.14000000
v 0.00000000 -1.16000000 0.28000000
v -0.08652476 -1.38652476 -0.14000000
v 0.08652476 -1.38652476 -0.14000000
v -0.08652476 -0.93347524 -0.14000000
v 0.08652476 -0.93347524 -0.14000000
v 0.00000000 -1.16000000 -0.28000000
v 0.22652476 -1.02000000 -0.08652476
v 0.22652476 -1.30000000 -0.08652476
v 0.14000000 -1.24652476 -0.22652476
v 0.14000000 -1.07347524 -0.22652476
v 0.22652476 -1.02000000 0.08652476
v 0.22652476 -1.30000000 0.08652476
v 0.14000000 -1.24652476 0.22652476
v 0.14000000 -1.07347524 0.22652476
v 0.28000000 -1.16000000 0.00000000
v -0.22652476 -1.02000000 -0.08652476
v -0.22652476 -1.30000000 -0.08652476
v -0.14000000 -1.24652476 -0.22652476
v -0.14000000 -1.07347524 -0.22652476
v -0.22652476 -1.02000000 0.08652476
v -0.22652476 -1.30000000 0.08652476
v -0.14000000 -1.24652476 0.22652476
v -0.14000000 -1.07347524 0.22652476
v -0.28000000 -1.16000000 0.00000000
v -0.07651463 -0.89065726 0.00000000
v 0.07651463 -0.89065726 0.00000000
v -0.07651463 -1.42934274 0.00000000
v 0.07651463 -1.42934274 0.00000000
v -0.12148880 -1.40154717 0.07276974
v -0.04497417 -1.35425853 0.19657300
v -0.04548876 -1.42629582 0.07360236
v 0.12148880 -1.40154717 0.07276974
v 0.04497417 -1.35425853 0.19657300
v 0.04548876 -1.42629582 0.07360236
v 0.00000000 -1.39818223 0.14720471
v -0.12148880 -0.91845283 0.07276974
v -0.04497417 -0.96574147 0.19657300
v -0.04548876 -0.89370418 0.07360236
v 0.12148880 -0.91845283 0.07276974
v 0.04497417 -0.96574147 0.19657300
v 0.04548876 -0.89370418 0.07360236
v 0.00000000 -0.92181777 0.14720471
v 0.00000000 -1.23651463 0.26934274
v 0.00000000 -1.08348537 0.26934274
v -0.12148880 -1.40154717 -0.07276974
v -0.04497417 -1.35425853 -0.19657300
v -0.04548876 -1.42629582 -0.07360236
v 0.12148880 -1.40154717 -0.07276974
v 0.04497417 -1.35425853 -0.19657300
v 0.04548876 -1.42629582 -0.07360236
v 0.00000000 -1.39818223 -0.14720471
v -0.12148880 -0.91845283 -0.07276974
v -0.04497417 -0.96574147 -0.19657300
v -0.04548876 -0.89370418 -0.07360236
v 0.12148880 -0.91845283 -0.07276974
v 0.04497417 -0.96574147 -0.19657300
v 0.04548876 -0.89370418 -0.07360236
v 0.00000000 -0.92181777 -0.14720471
v 0.00000000 -1.23651463 -0.26934274
v 0.00000000 -1.08348537 -0.26934274
v 0.19425853 -0.96342700 -0.04497417
v 0.24154717 -1.08723026 -0.12148880
v 0.16457987 -0.96730653 -0.11909111
v 0.19425853 -1.35657300 -0.04497417
v 0.24154717 -1.23276974 -0.12148880
v 0.16457987 -1.35269347 -0.11909111
v 0.07276974 -1.28148880 -0.24154717
v 0.19657300 -1.20497417 -0.19425853
v 0.11909111 -1.32457987 -0.19269347
v 0.07360236 -1.20548876 -0.26629582
v 0.19269347 -1.27909111 -0.16457987
v 0.07276974 -1.03851120 -0.24154717
v 0.19657300 -1.11502583 -0.19425853
v 0.11909111 -0.99542013 -0.19269347
v 0.07360236 -1.11451124 -0.26629582
v 0.19269347 -1.04090889 -0.16457987
v 0.14720471 -1.16000000 -0.23818223
v 0.19425853 -0.96342700 0.04497417
v 0.24154717 -1.08723026 0.12148880
v 0.16457987 -0.96730653 0.11909111
v 0.23818223 -1.01279529 0.00000000
v 0.19425853 -1.35657300 0.04497417
v 0.24154717 -1.23276974 0.12148880
v 0.16457987 -1.35269347 0.11909111
v 0.23818223 -1.30720471 0.00000000
v 0.07276974 -1.28148880 0.24154717
v 0.19657300 -1.20497417 0.19425853
v 0.11909111 -1.32457987 0.19269347
v 0.07360236 -1.20548876 0.26629582
v 0.19269347 -1.27909111 0.16457987
v 0.07276974 -1.03851120 0.24154717
v 0.19657300 -1.11502583 0.19425853
v 0.11909111 -0.99542013 0.19269347
v 0.07360236 -1.11451124 0.26629582
v 0.19269347 -1.04090889 0.16457987
v 0.14720471 -1.16000000 0.23818223
v 0.26934274 -1.16000000 -0.07651463
v 0.26934274 -1.16000000 0.07651463
v 0.26629582 -1.08639764 -0.04548876
v 0.26629582 -1.23360236 -0.04548876
v 0.26629582 -1.08639764 0.04548876
v 0.26629582 -1.23360236 0.04548876
v -0.19425853 -0.96342700 -0.04497417
v -0.24154717 -1.08723026 -0.12148880
v -0.16457987 -0.96730653 -0.11909111
v -0.19425853 -1.35657300 -0.04497417
v -0.24154717 -1.23276974 -0.12148880
v -0.16457987 -1.35269347 -0.11909111
v -0.07276974 -1.28148880 -0.24154717
v -0.19657300 -1.20497417 -0.19425853
v -0.11909111 -1.32457987 -0.19269347
v -0.07360236 -1.20548876 -0.26629582
v -0.19269347 -1.27909111 -0.16457987
v -0.07276974 -1.03851120 -0.24154717
v -0.19657300 -1.11502583 -0.19425853
v -0.11909111 -0.99542013 -0.19269347
v -0.07360236 -1.11451124 -0.26629582
v -0.19269347 -1.04090889 -0.16457987
v -0.14720471 -1.16000000 -0.23818223
v -0.19425853 -0.96342700 0.04497417
v -0.24154717 -1.08723026 0.12148880
v -0.16457987 -0.96730653 0.11909111
v -0.23818223 -1.01279529 0.00000000
v -0.19425853 -1.35657300 0.04497417
v -0.24154717 -1.23276974 0.12148880
v -0.16457987 -1.35269347 0.11909111
v -0.23818223 -1.30720471 0.00000000
v -0.07276974 -1.28148880 0.24154717
v -0.19657300 -1.20497417 0.19425853
v -0.11909111 -1.32457987 0.19269347
v -0.07360236 -1.20548876 0.26629582
v -0.19269347 -1.27909111 0.16457987
v -0.07276974 -1.03851120 0.24154717
v -0.19657300 -1.11502583 0.19425853
v -0.11909111 -0.99542013 0.19269347
v -0.07360236 -1.11451124 0.26629582
v -0.19269347 -1.04090889 0.16457987
v -0.14720471 -1.16000000 0.23818223
v -0.26934274 -1.16000000 -0.07651463
v -0.26934274 -1.16000000 0.07651463
v -0.26629582 -1.08639764 -0.04548876
v -0.26629582 -1.23360236 -0.04548876
v -0.26629582 -1.08639764 0.04548876
v -0.26629582 -1.23360236 0.04548876
v -0.11293950 -0.90378784 0.00000000
v -0.03862663 -0.88267711 0.00000000
v 0.11293950 -0.90378784 0.00000000
v 0.03862663 -0.88267711 0.00000000
v -0.11293950 -1.41621216 0.00000000
v -0.03862663 -1.43732289 0.00000000
v 0.11293950 -1.41621216 0.00000000
v 0.03862663 -1.43732289 0.00000000
v -0.13564366 -1.40218021 0.03673611
v -0.10501080 -1.39629521 0.10741185
v -0.10030406 -1.41880529 0.03686350
v -0.02270416 -1.33237977 0.21947605
v -0.06638417 -1.37242264 0.16991104
v -0.02302789 -1.43655274 0.03725991
v -0.06682954 -1.40948183 0.10813247
v -0.06163277 -1.43058993 0.03718189
v -0.08435249 -1.41654837 0.07394317
v 0.13564366 -1.40218021 0.03673611
v 0.10501080 -1.39629521 0.10741185
v 0.10030406 -1.41880529 0.03686350
v 0.02270416 -1.33237977 0.21947605
v 0.06638417 -1.37242264 0.16991104
v 0.00000000 -1.35681397 0.19915889
v 0.02302789 -1.43655274 0.03725991
v 0.06682954 -1.40948183 0.10813247
v 0.06163277 -1.43058993 0.03718189
v 0.00000000 -1.42988115 0.07459332
v 0.08435249 -1.41654837 0.07394317
v -0.04380165 -1.39524981 0.14539238
v 0.04380165 -1.39524981 0.14539238
v -0.02271972 -1.37845722 0.17366708
v -0.02305060 -1.41563510 0.11188997
v 0.02271972 -1.37845722 0.17366708
v 0.02305060 -1.41563510 0.11188997
v -0.13564366 -0.91781979 0.03673611
v -0.10501080 -0.92370479 0.10741185
v -0.10030406 -0.90119471 0.03686350
v -0.02270416 -0.98762023 0.21947605
v -0.06638417 -0.94757736 0.16991104
v -0.02302789 -0.88344726 0.03725991
v -0.06682954 -0.91051817 0.10813247
v -0.06163277 -0.88941007 0.03718189
v -0.08435249 -0.90345163 0.07394317
v 0.13564366 -0.91781979 0.03673611
v 0.10501080 -0.92370479 0.10741185
v 0.10030406 -0.90119471 0.03686350
v 0.02270416 -0.98762023 0.21947605
v 0.06638417 -0.94757736 0.16991104
v 0.00000000 -0.96318603 0.19915889
v 0.02302789 -0.88344726 0.03725991
v 0.06682954 -0.91051817 0.10813247
v 0.06163277 -0.88941007 0.03718189
v 0.00000000 -0.89011885 0.07459332
v 0.08435249 -0.90345163 0.07394317
v -0.04380165 -0.92475019 0.14539238
v 0.04380165 -0.92475019 0.14539238
v -0.02271972 -0.94154278 0.17366708
v -0.02305060 -0.90436490 0.11188997
v 0.02271972 -0.94154278 0.17366708
v 0.02305060 -0.90436490 0.11188997
v 0.00000000 -1.27293950 0.25621216
v 0.00000000 -1.19862663 0.27732289
v 0.00000000 -1.04706050 0.25621216
v 0.00000000 -1.12137337 0.27732289
v -0.13564366 -1.40218021 -0.03673611
v -0.10501080 -1.39629521 -0.10741185
v -0.10030406 -1.41880529 -0.03686350
v -0.02270416 -1.33237977 -0.21947605
v -0.06638417 -1.37242264 -0.16991104
v -0.02302789 -1.43655274 -0.03725991
v -0.06682954 -1.40948183 -0.10813247
v -0.06163277 -1.43058993 -0.03718189
v -0.08435249 -1.41654837 -0.07394317
v 0.13564366 -1.40218021 -0.03673611
v 0.10501080 -1.39629521 -0.10741185
v 0.10030406 -1.41880529 -0.03686350
v 0.02270416 -1.33237977 -0.21947605
v 0.06638417 -1.37242264 -0.16991104
v 0.00000000 -1.35681397 -0.19915889
v 0.02302789 -1.43655274 -0.03725991
v 0.06682954 -1.40948183 -0.10813247
v 0.06163277 -1.43058993 -0.03718189
v 0.00000000 -1.42988115 -0.07459332
v 0.08435249 -1.41654837 -0.07394317
v -0.04380165 -1.39524981 -0.14539238
v 0.04380165 -1.39524981 -0.14539238
v -0.02271972 -1.37845722 -0.17366708
v -0.02305060 -1.41563510 -0.11188997
v 0.02271972 -1.37845722 -0.17366708
v 0.02305060 -1.41563510 -0.11188997
v -0.13564366 -0.91781979 -0.03673611
v -0.10501080 -0.92370479 -0.10741185
v -0.10030406 -0.90119471 -0.03686350
v -0.02270416 -0.98762023 -0.21947605
v -0.06638417 -0.94757736 -0.16991104
v -0.02302789 -0.88344726 -0.03725991
v -0.06682954 -0.91051817 -0.10813247
v -0.06163277 -0.88941007 -0.03718189
v -0.08435249 -0.90345163 -0.07394317
v 0.13564366 -0.91781979 -0.03673611
v 0.10501080 -0.92370479 -0.10741185
v 0.10030406 -0.90119471 -0.03686350
v 0.02270416 -0.98762023 -0.21947605
v 0.06638417 -0.94757736 -0.16991104
v 0.00000000 -0.96318603 -0.19915889
v 0.02302789 -0.88344726 -0.03725991
v 0.06682954 -0.91051817 -0.10813247
v 0.06163277 -0.88941007 -0.03718189
v 0.00000000 -0.89011885 -0.07459332
v 0.08435249 -0.90345163 -0.07394317
v -0.04380165 -0.92475019 -0.14539238
v 0.04380165 -0.92475019 -0.14539238
v -0.02271972 -0.94154278 -0.17366708
v -0.02305060 -0.90436490 -0.11188997
v 0.02271972 -0.94154278 -0.17366708
v 0.02305060 -0.90436490 -0.11188997
v 0.00000000 -1.27293950 -0.25621216
v 0.00000000 -1.19862663 -0.27732289
v 0.00000000 -1.04706050 -0.25621216
v 0.00000000 -1.12137337 -0.27732289
v 0.17237977 -0.94052395 -0.02270416
v 0.21242264 -0.99008896 -0.06638417
v 0.15995046 -0.93805822 -0.05964640
v 0.24218021 -1.12326389 -0.13564366
v 0.23629521 -1.05258815 -0.10501080
v 0.12711734 -0.94777808 -0.13116036
v 0.19798990 -0.99157973 -0.10408945
v 0.14451405 -0.94063352 -0.09692284
v 0.18127533 -0.96335324 -0.08288129
v 0.17237977 -1.37947605 -0.02270416
v 0.21242264 -1.32991104 -0.06638417
v 0.15995046 -1.38194178 -0.05964640
v 0.24218021 -1.19673611 -0.13564366
v 0.23629521 -1.26741185 -0.10501080
v 0.12711734 -1.37222192 -0.13116036
v 0.19798990 -1.32842027 -0.10408945
v 0.14451405 -1.37936648 -0.09692284
v 0.18127533 -1.35664676 -0.08288129
v 0.03673611 -1.29564366 -0.24218021
v 0.10741185 -1.26501080 -0.23629521
v 0.05964640 -1.31995046 -0.22194178
v 0.03686350 -1.26030406 -0.25880529
v 0.21947605 -1.18270416 -0.17237977
v 0.16991104 -1.22638417 -0.21242264
v 0.22194178 -1.21964640 -0.15995046
v 0.10408945 -1.35798990 -0.16842027
v 0.13116036 -1.28711734 -0.21222192
v 0.08288129 -1.34127533 -0.19664676
v 0.14374512 -1.34104178 -0.15799118
v 0.09692284 -1.30451405 -0.21936648
v 0.03725991 -1.18302789 -0.27655274
v 0.10813247 -1.22682954 -0.24948183
v 0.03718189 -1.22163277 -0.27058993
v 0.07394317 -1.24435249 -0.25654837
v 0.21222192 -1.29116036 -0.12711734
v 0.16842027 -1.26408945 -0.19798990
v 0.21936648 -1.25692284 -0.14451405
v 0.18104178 -1.31799118 -0.14374512
v 0.19664676 -1.24288129 -0.18127533
v 0.15799118 -1.30374512 -0.18104178
v 0.03673611 -1.02435634 -0.24218021
v 0.10741185 -1.05498920 -0.23629521
v 0.05964640 -1.00004954 -0.22194178
v 0.03686350 -1.05969594 -0.25880529
v 0.21947605 -1.13729584 -0.17237977
v 0.16991104 -1.09361583 -0.21242264
v 0.22194178 -1.10035360 -0.15995046
v 0.19915889 -1.16000000 -0.19681397
v 0.10408945 -0.96201010 -0.16842027
v 0.13116036 -1.03288266 -0.21222192
v 0.08288129 -0.97872467 -0.19664676
v 0.14374512 -0.97895822 -0.15799118
v 0.09692284 -1.01548595 -0.21936648
v 0.03725991 -1.13697211 -0.27655274
v 0.10813247 -1.09317046 -0.24948183
v 0.03718189 -1.09836723 -0.27058993
v 0.07459332 -1.16000000 -0.26988115
v 0.07394317 -1.07564751 -0.25654837
v 0.21222192 -1.02883964 -0.12711734
v 0.16842027 -1.05591055 -0.19798990
v 0.21936648 -1.06307716 -0.14451405
v 0.18104178 -1.00200882 -0.14374512
v 0.19664676 -1.07711871 -0.18127533
v 0.15799118 -1.01625488 -0.18104178
v 0.14539238 -1.20380165 -0.23524981
v 0.14539238 -1.11619835 -0.23524981
v 0.17366708 -1.18271972 -0.21845722
v 0.11188997 -1.18305060 -0.25563510
v 0.17366708 -1.13728028 -0.21845722
v 0.11188997 -1.13694940 -0.25563510
v 0.17237977 -0.94052395 0.02270416
v 0.21242264 -0.99008896 0.06638417
v 0.15995046 -0.93805822 0.05964640
v 0.19681397 -0.96084111 0.00000000
v 0.24218021 -1.12326389 0.13564366
v 0.23629521 -1.05258815 0.10501080
v 0.12711734 -0.94777808 0.13116036
v 0.19798990 -0.99157973 0.10408945
v 0.14451405 -0.94063352 0.09692284
v 0.18127533 -0.96335324 0.08288129
v 0.23524981 -1.01460762 -0.04380165
v 0.23524981 -1.01460762 0.04380165
v 0.21845722 -0.98633292 -0.02271972
v 0.21845722 -0.98633292 0.02271972
v 0.17237977 -1.37947605 0.02270416
v 0.21242264 -1.32991104 0.06638417
v 0.15995046 -1.38194178 0.05964640
v 0.19681397 -1.35915889 0.00000000
v 0.24218021 -1.19673611 0.13564366
v 0.23629521 -1.26741185 0.10501080
v 0.12711734 -1.37222192 0.13116036
v 0.19798990 -1.32842027 0.10408945
v 0.14451405 -1.37936648 0.09692284
v 0.18127533 -1.35664676 0.08288129
v 0.23524981 -1.30539238 -0.04380165
v 0.23524981 -1.30539238 0.04380165
v 0.21845722 -1.33366708 -0.02271972
v 0.21845722 -1.33366708 0.02271972
v 0.03673611 -1.29564366 0.24218021
v 0.10741185 -1.26501080 0.23629521
v 0.05964640 -1.31995046 0.22194178
v 0.03686350 -1.26030406 0.25880529
v 0.21947605 -1.18270416 0.17237977
v 0.16991104 -1.22638417 0.21242264
v 0.22194178 -1.21964640 0.15995046
v 0.10408945 -1.35798990 0.16842027
v 0.13116036 -1.28711734 0.21222192
v 0.08288129 -1.34127533 0.19664676
v 0.14374512 -1.34104178 0.15799118
v 0.09692284 -1.30451405 0.21936648
v 0.03725991 -1.18302789 0.27655274
v 0.10813247 -1.22682954 0.24948183
v 0.03718189 -1.22163277 0.27058993
v 0.07394317 -1.24435249 0.25654837
v 0.21222192 -1.29116036 0.12711734
v 0.16842027 -1.26408945 0.19798990
v 0.21936648 -1.25692284 0.14451405
v 0.18104178 -1.31799118 0.14374512
v 0.19664676 -1.24288129 0.18127533
v 0.15799118 -1.30374512 0.18104178
v 0.03673611 -1.02435634 0.24218021
v 0.10741185 -1.05498920 0.23629521
v 0.05964640 -1.00004954 0.22194178
v 0.03686350 -1.05969594 0.25880529
v 0.21947605 -1.13729584 0.17237977
v 0.16991104 -1.09361583 0.21242264
v 0.22194178 -1.10035360 0.15995046
v 0.19915889 -1.16000000 0.19681397
v 0.10408945 -0.96201010 0.16842027
v 0.13116036 -1.03288266 0.21222192
v 0.08288129 -0.97872467 0.19664676
v 0.14374512 -0.97895822 0.15799118
v 0.09692284 -1.01548595 0.21936648
v 0.03725991 -1.13697211 0.27655274
v 0.10813247 -1.09317046 0.24948183
v 0.03718189 -1.09836723 0.27058993
v 0.07459332 -1.16000000 0.26988115
v 0.07394317 -1.07564751 0.25654837
v 0.21222192 -1.02883964 0.12711734
v 0.16842027 -1.05591055 0.19798990
v 0.21936648 -1.06307716 0.14451405
v 0.18104178 -1.00200882 0.14374512
v 0.19664676 -1.07711871 0.18127533
v 0.15799118 -1.01625488 0.18104178
v 0.14539238 -1.20380165 0.23524981
v 0.14539238 -1.11619835 0.23524981
v 0.17366708 -1.18271972 0.21845722
v 0.11188997 -1.18305060 0.25563510
v 0.17366708 -1.13728028 0.21845722
v 0.11188997 -1.13694940 0.25563510
v 0.25621216 -1.16000000 -0.11293950
v 0.27732289 -1.16000000 -0.03862663
v 0.25880529 -1.12313650 -0.10030406
v 0.25880529 -1.19686350 -0.10030406
v 0.25621216 -1.16000000 0.11293950
v 0.27732289 -1.16000000 0.03862663
v 0.25880529 -1.12313650 0.10030406
v 0.25880529 -1.19686350 0.10030406
v 0.24948183 -1.05186753 -0.06682954
v 0.27655274 -1.12274009 -0.02302789
v 0.25654837 -1.08605683 -0.08435249
v 0.25563510 -1.04811003 -0.02305060
v 0.27058993 -1.12281811 -0.06163277
v 0.24948183 -1.26813247 -0.06682954
v 0.27655274 -1.19725991 -0.02302789
v 0.25654837 -1.23394317 -0.08435249
v 0.25563510 -1.27188997 -0.02305060
v 0.27058993 -1.19718189 -0.06163277
v 0.24948183 -1.05186753 0.06682954
v 0.27655274 -1.12274009 0.02302789
v 0.25654837 -1.08605683 0.08435249
v 0.25563510 -1.04811003 0.02305060
v 0.27058993 -1.12281811 0.06163277
v 0.26988115 -1.08540668 0.00000000
v 0.24948183 -1.26813247 0.06682954
v 0.27655274 -1.19725991 0.02302789
v 0.25654837 -1.23394317 0.08435249
v 0.25563510 -1.27188997 0.02305060
v 0.27058993 -1.19718189 0.06163277
v 0.26988115 -1.23459332 0.00000000
v -0.17237977 -0.94052395 -0.02270416
v -0.21242264 -0.99008896 -0.06638417
v -0.15995046 -0.93805822 -0.05964640
v -0.24218021 -1.12326389 -0.13564366
v -0.23629521 -1.05258815 -0.10501080
v -0.12711734 -0.94777808 -0.13116036
v -0.19798990 -0.99157973 -0.10408945
v -0.14451405 -0.94063352 -0.09692284
v -0.18127533 -0.96335324 -0.08288129
v -0.17237977 -1.37947605 -0.02270416
v -0.21242264 -1.32991104 -0.06638417
v -0.15995046 -1.38194178 -0.05964640
v -0.24218021 -1.19673611 -0.13564366
v -0.23629521 -1.26741185 -0.10501080
v -0.12711734 -1.37222192 -0.13116036
v -0.19798990 -1.32842027 -0.10408945
v -0.14451405 -1.37936648 -0.09692284
v -0.18127533 -1.35664676 -0.08288129
v -0.03673611 -1.29564366 -0.24218021
v -0.10741185 -1.26501080 -0.23629521
v -0.05964640 -1.31995046 -0.22194178
v -0.03686350 -1.26030406 -0.25880529
v -0.21947605 -1.18270416 -0.17237977
v -0.16991104 -1.22638417 -0.21242264
v -0.22194178 -1.21964640 -0.15995046
v -0.10408945 -1.35798990 -0.16842027
v -0.13116036 -1.28711734 -0.21222192
v -0.08288129 -1.34127533 -0.19664676
v -0.14374512 -1.34104178 -0.15799118
v -0.09692284 -1.30451405 -0.21936648
v -0.03725991 -1.18302789 -0.27655274
v -0.10813247 -1.22682954 -0.24948183
v -0.03718189 -1.22163277 -0.27058993
v -0.07394317 -1.24435249 -0.25654837
v -0.21222192 -1.29116036 -0.12711734
v -0.16842027 -1.26408945 -0.19798990
v -0.21936648 -1.25692284 -0.14451405
v -0.18104178 -1.31799118 -0.14374512
v -0.19664676 -1.24288129 -0.18127533
v -0.15799118 -1.30374512 -0.18104178
v -0.03673611 -1.02435634 -0.24218021
v -0.10741185 -1.05498920 -0.23629521
v -0.05964640 -1.00004954 -0.22194178
v -0.03686350 -1.05969594 -0.25880529
v -0.21947605 -1.13729584 -0.17237977
v -0.16991104 -1.09361583 -0.21242264
v -0.22194178 -1.10035360 -0.15995046
v -0.19915889 -1.16000000 -0.19681397
v -0.10408945 -0.96201010 -0.16842027
v -0.13116036 -1.03288266 -0.21222192
v -0.08288129 -0.97872467 -0.19664676
v -0.14374512 -0.97895822 -0.15799118
v -0.09692284 -1.01548595 -0.21936648
v -0.03725991 -1.13697211 -0.27655274
v -0.10813247 -1.09317046 -0.24948183
v -0.03718189 -1.09836723 -0.27058993
v -0.07459332 -1.16000000 -0.26988115
v -0.07394317 -1.07564751 -0.25654837
v -0.21222192 -1.02883964 -0.12711734
v -0.16842027 -1.05591055 -0.19798990
v -0.21936648 -1.06307716 -0.14451405
v -0.18104178 -1.00200882 -0.14374512
v -0.19664676 -1.07711871 -0.18127533
v -0.15799118 -1.01625488 -0.18104178
v -0.14539238 -1.20380165 -0.23524981
v -0.14539238 -1.11619835 -0.23524981
v -0.17366708 -1.18271972 -0.21845722
v -0.11188997 -1.18305060 -0.25563510
v -0.17366708 -1.13728028 -0.21845722
v -0.11188997 -1.13694940 -0.25563510
v -0.17237977 -0.94052395 0.02270416
v -0.21242264 -0.99008896 0.06638417
v -0.15995046 -0.93805822 0.05964640
v -0.19681397 -0.96084111 0.00000000
v -0.24218021 -1.12326389 0.13564366
v -0.23629521 -1.05258815 0.10501080
v -0.12711734 -0.94777808 0.13116036
v -0.19798990 -0.99157973 0.10408945
v -0.14451405 -0.94063352 0.09692284
v -0.18127533 -0.96335324 0.08288129
v -0.23524981 -1.01460762 -0.04380165
v -0.23524981 -1.01460762 0.04380165
v -0.21845722 -0.98633292 -0.02271972
v -0.21845722 -0.98633292 0.02271972
v -0.17237977 -1.37947605 0.02270416
v -0.21242264 -1.32991104 0.06638417
v -0.15995046 -1.38194178 0.05964640
v -0.19681397 -1.35915889 0.00000000
v -0.24218021 -1.19673611 0.13564366
v -0.23629521 -1.26741185 0.10501080
v -0.12711734 -1.37222192 0.13116036
v -0.19798990 -1.32842027 0.10408945
v -0.14451405 -1.37936648 0.09692284
v -0.18127533 -1.35664676 0.08288129
v -0.23524981 -1.30539238 -0.04380165
v -0.23524981 -1.30539238 0.04380165
v -0.21845722 -1.33366708 -0.02271972
v -0.21845722 -1.33366708 0.02271972
v -0.03673611 -1.29564366 0.24218021
v -0.10741185 -1.26501080 0.23629521
v -0.05964640 -1.31995046 0.22194178
v -0.03686350 -1.26030406 0.25880529
v -0.21947605 -1.18270416 0.17237977
v -0.16991104 -1.22638417 0.21242264
v -0.22194178 -1.21964640 0.15995046
v -0.10408945 -1.35798990 0.16842027
v -0.13116036 -1.28711734 0.21222192
v -0.08288129 -1.34127533 0.19664676
v -0.14374512 -1.34104178 0.15799118
v -0.09692284 -1.30451405 0.21936648
v -0.03725991 -1.18302789 0.27655274
v -0.10813247 -1.22682954 0.24948183
v -0.03718189 -1.22163277 0.27058993
v -0.07394317 -1.24435249 0.25654837
v -0.21222192 -1.29116036 0.12711734
v -0.16842027 -1.26408945 0.19798990
v -0.21936648 -1.25692284 0.14451405
v -0.18104178 -1.31799118 0.14374512
v -0.19664676 -1.24288129 0.18127533
v -0.15799118 -1.30374512 0.18104178
v -0.03673611 -1.02435634 0.24218021
v -0.10741185 -1.05498920 0.23629521
v -0.05964640 -1.00004954 0.22194178
v -0.03686350 -1.05969594 0.25880529
v -0.21947605 -1.13729584 0.17237977
v -0.16991104 -1.09361583 0.21242264
v -0.22194178 -1.10035360 0.15995046
v -0.19915889 -1.16000000 0.19681397
v -0.10408945 -0.96201010 0.16842027
v -0.13116036 -1.03288266 0.21222192
v -0.08288129 -0.97872467 0.19664676
v -0.14374512 -0.97895822 0.15799118
v -0.09692284 -1.01548595 0.21936648
v -0.03725991 -1.13697211 0.27655274
v -0.10813247 -1.09317046 0.24948183
v -0.03718189 -1.09836723 0.27058993
v -0.07459332 -1.16000000 0.26988115
v -0.07394317 -1.07564751 0.25654837
v -0.21222192 -1.02883964 0.12711734
v -0.16842027 -1.05591055 0.19798990
v -0.21936648 -1.06307716 0.14451405
v -0.18104178 -1.00200882 0.14374512
v -0.19664676 -1.07711871 0.18127533
v -0.15799118 -1.01625488 0.18104178
v -0.14539238 -1.20380165 0.23524981
v -0.14539238 -1.11619835 0.23524981
v -0.17366708 -1.18271972 0.21845722
v -0.11188997 -1.18305060 0.25563510
v -0.17366708 -1.13728028 0.21845722
v -0.11188997 -1.13694940 0.25563510
v -0.25621216 -1.16000000 -0.11293950
v -0.27732289 -1.16000000 -0.03862663
v -0.25880529 -1.12313650 -0.10030406
v -0.25880529 -1.19686350 -0.10030406
v -0.25621216 -1.16000000 0.11293950
v -0.27732289 -1.16000000 0.03862663
v -0.25880529 -1.12313650 0.10030406
v -0.25880529 -1.19686350 0.10030406
v -0.24948183 -1.05186753 -0.06682954
v -0.27655274 -1.12274009 -0.02302789
v -0.25654837 -1.08605683 -0.08435249
v -0.25563510 -1.04811003 -0.02305060
v -0.27058993 -1.12281811 -0.06163277
v -0.24948183 -1.26813247 -0.06682954
v -0.27655274 -1.19725991 -0.02302789
v -0.25654837 -1.23394317 -0.08435249
v -0.25563510 -1.27188997 -0.02305060
v -0.27058993 -1.19718189 -0.06163277
v -0.24948183 -1.05186753 0.06682954
v -0.27655274 -1.12274009 0.02302789
v -0.25654837 -1.08605683 0.08435249
v -0.25563510 -1.04811003 0.02305060
v -0.27058993 -1.12281811 0.06163277
v -0.26988115 -1.08540668 0.00000000
v -0.24948183 -1.26813247 0.06682954
v -0.27655274 -1.19725991 0.02302789
v -0.25654837 -1.23394317 0.08435249
v -0.25563510 -1.27188997 0.02305060
v -0.27058993 -1.19718189 0.06163277
v -0.26988115 -1.23459332 0.00000000
v -0.14720471 0.23818223 1.16000000
v 0.14720471 0.23818223 1.16000000
v -0.14720471 -0.23818223 1.16000000
v 0.14720471 -0.23818223 1.16000000
v 0.00000000 -0.14720471 1.39818223
v 0.00000000 0.14720471 1.39818223
v 0.00000000 -0.14720471 0.92181777
v 0.00000000 0.14720471 0.92181777
v 0.23818223 0.00000000 1.01279529
v 0.23818223 0.00000000 1.30720471
v -0.23818223 0.00000000 1.01279529
v -0.23818223 0.00000000 1.30720471
v 0.00000000 0.28000000 1.16000000
v 0.00000000 -0.28000000 1.16000000
v -0.08652476 -0.22652476 1.30000000
v 0.08652476 -0.22652476 1.30000000
v -0.08652476 0.22652476 1.30000000
v 0.08652476 0.22652476 1.30000000
v 0.00000000 0.00000000 1.44000000
v -0.08652476 -0.22652476 1.02000000
v 0.08652476 -0.22652476 1.02000000
v -0.08652476 0.22652476 1.02000000
v 0.08652476 0.22652476 1.02000000
v 0.00000000 0.00000000 0.88000000
v 0.22652476 0.14000000 1.07347524
v 0.22652476 -0.14000000 1.07347524
v 0.14000000 -0.08652476 0.93347524
v 0.14000000 0.08652476 0.93347524
v 0.22652476 0.14000000 1.24652476
v 0.22652476 -0.14000000 1.24652476
v 0.14000000 -0.08652476 1.38652476
v 0.14000000 0.08652476 1.38652476
v 0.28000000 0.00000000 1.16000000
v -0.22652476 0.14000000 1.07347524
v -0.22652476 -0.14000000 1.07347524
v -0.14000000 -0.08652476 0.93347524
v -0.14000000 0.08652476 0.93347524
v -0.22652476 0.14000000 1.24652476
v -0.22652476 -0.14000000 1.24652476
v -0.14000000 -0.08652476 1.38652476
v -0.14000000 0.08652476 1.38652476
v -0.28000000 0.00000000 1.16000000
v -0.07651463 0.26934274 1.16000000
v 0.07651463 0.26934274 1.16000000
v -0.07651463 -0.26934274 1.16000000
v 0.07651463 -0.26934274 1.16000000
v -0.12148880 -0.24154717 1.23276974
v -0.04497417 -0.19425853 1.35657300
v -0.04548876 -0.26629582 1.23360236
v 0.12148880 -0.24154717 1.23276974
v 0.04497417 -0.19425853 1.35657300
v 0.04548876 -0.26629582 1.23360236
v 0.00000000 -0.23818223 1.30720471
v -0.12148880 0.24154717 1.23276974
v -0.04497417 0.19425853 1.35657300
v -0.04548876 0.26629582 1.23360236
v 0.12148880 0.24154717 1.23276974
v 0.04497417 0.19425853 1.35657300
v 0.04548876 0.26629582 1.23360236
v 0.00000000 0.23818223 1.30720471
v 0.00000000 -0.07651463 1.42934274
v 0.00000000 0.07651463 1.42934274
v -0.12148880 -0.24154717 1.08723026
v -0.04497417 -0.19425853 0.96342700
v -0.04548876 -0.26629582 1.08639764
v 0.12148880 -0.24154717 1.08723026
v 0.04497417 -0.19425853 0.96342700
v 0.04548876 -0.26629582 1.08639764
v 0.00000000 -0.23818223 1.01279529
v -0.12148880 0.24154717 1.08723026
v -0.04497417 0.19425853 0.96342700
v -0.04548876 0.26629582 1.08639764
v 0.12148880 0.24154717 1.08723026
v 0.04497417 0.19425853 0.96342700
v 0.04548876 0.26629582 1.08639764
v 0.00000000 0.23818223 1.01279529
v 0.00000000 -0.07651463 0.89065726
v 0.00000000 0.07651463 0.89065726
v 0.19425853 0.19657300 1.11502583
v 0.24154717 0.07276974 1.03851120
v 0.16457987 0.19269347 1.04090889
v 0.19425853 -0.19657300 1.11502583
v 0.24154717 -0.07276974 1.03851120
v 0.16457987 -0.19269347 1.04090889
v 0.07276974 -0.12148880 0.91845283
v 0.19657300 -0.04497417 0.96574147
v 0.11909111 -0.16457987 0.96730653
v 0.07360236 -0.04548876 0.89370418
v 0.19269347 -0.11909111 0.99542013
v 0.07276974 0.12148880 0.91845283
v 0.19657300 0.04497417 0.96574147
v 0.11909111 0.16457987 0.96730653
v 0.07360236 0.04548876 0.89370418
v 0.19269347 0.11909111 0.99542013
v 0.14720471 0.00000000 0.92181777
v 0.19425853 0.19657300 1.20497417
v 0.24154717 0.07276974 1.28148880
v 0.16457987 0.19269347 1.27909111
v 0.23818223 0.14720471 1.16000000
v 0.19425853 -0.19657300 1.20497417
v 0.24154717 -0.07276974 1.28148880
v 0.16457987 -0.19269347 1.27909111
v 0.23818223 -0.14720471 1.16000000
v 0.07276974 -0.12148880 1.40154717
v 0.19657300 -0.04497417 1.35425853
v 0.11909111 -0.16457987 1.35269347
v 0.07360236 -0.04548876 1.42629582
v 0.19269347 -0.11909111 1.32457987
v 0.07276974 0.12148880 1.40154717
v 0.19657300 0.04497417 1.35425853
v 0.11909111 0.16457987 1.35269347
v 0.07360236 0.04548876 1.42629582
v 0.19269347 0.11909111 1.32457987
v 0.14720471 0.00000000 1.39818223
v 0.26934274 0.00000000 1.08348537
v 0.26934274 0.00000000 1.23651463
v 0.26629582 0.07360236 1.11451124
v 0.26629582 -0.07360236 1.11451124
v 0.26629582 0.07360236 1.20548876
v 0.26629582 -0.07360236 1.20548876
v -0.19425853 0.19657300 1.11502583
v -0.24154717 0.07276974 1.03851120
v -0.16457987 0.19269347 1.04090889
v -0.19425853 -0.19657300 1.11502583
v -0.24154717 -0.07276974 1.03851120
v -0.16457987 -0.19269347 1.04090889
v -0.07276974 -0.12148880 0.91845283
v -0.19657300 -0.04497417 0.96574147
v -0.11909111 -0.16457987 0.96730653
v -0.07360236 -0.04548876 0.89370418
v -0.19269347 -0.11909111 0.99542013
v -0.07276974 0.12148880 0.91845283
v -0.19657300 0.04497417 0.96574147
v -0.11909111 0.16457987 0.96730653
v -0.07360236 0.04548876 0.89370418
v -0.19269347 0.11909111 0.99542013
v -0.14720471 0.00000000 0.92181777
v -0.19425853 0.19657300 1.20497417
v -0.24154717 0.07276974 1.28148880
v -0.16457987 0.19269347 1.27909111
v -0.23818223 0.14720471 1.16000000
v -0.19425853 -0.19657300 1.20497417
v -0.24154717 -0.07276974 1.28148880
v -0.16457987 -0.19269347 1.27909111
v -0.23818223 -0.14720471 1.16000000
v -0.07276974 -0.12148880 1.40154717
v -0.19657300 -0.04497417 1.35425853
v -0.11909111 -0.16457987 1.35269347
v -0.07360236 -0.04548876 1.42629582
v -0.19269347 -0.11909111 1.32457987
v -0.07276974 0.12148880 1.40154717
v -0.19657300 0.04497417 1.35425853
v -0.11909111 0.16457987 1.35269347
v -0.07360236 0.04548876 1.42629582
v -0.19269347 0.11909111 1.32457987
v -0.14720471 0.00000000 1.39818223
v -0.26934274 0.00000000 1.08348537
v -0.26934274 0.00000000 1.23651463
v -0.26629582 0.07360236 1.11451124
v -0.26629582 -0.07360236 1.11451124
v -0.26629582 0.07360236 1.20548876
v -0.26629582 -0.07360236 1.20548876
v -0.11293950 0.25621216 1.16000000
v -0.03862663 0.27732289 1.16000000
v 0.11293950 0.25621216 1.16000000
v 0.03862663 0.27732289 1.16000000
v -0.11293950 -0.25621216 1.16000000
v -0.03862663 -0.27732289 1.16000000
v 0.11293950 -0.25621216 1.16000000
v 0.03862663 -0.27732289 1.16000000
v -0.13564366 -0.24218021 1.19673611
v -0.10501080 -0.23629521 1.26741185
v -0.10030406 -0.25880529 1.19686350
v -0.02270416 -0.17237977 1.37947605
v -0.06638417 -0.21242264 1.32991104
v -0.02302789 -0.27655274 1.19725991
v -0.06682954 -0.24948183 1.26813247
v -0.06163277 -0.27058993 1.19718189
v -0.08435249 -0.25654837 1.23394317
v 0.13564366 -0.24218021 1.19673611
v 0.10501080 -0.23629521 1.26741185
v 0.10030406 -0.25880529 1.19686350
v 0.02270416 -0.17237977 1.37947605
v 0.06638417 -0.21242264 1.32991104
v 0.00000000 -0.19681397 1.35915889
v 0.02302789 -0.27655274 1.19725991
v 0.06682954 -0.24948183 1.26813247
v 0.06163277 -0.27058993 1.19718189
v 0.00000000 -0.26988115 1.23459332
v 0.08435249 -0.25654837 1.23394317
v -0.04380165 -0.23524981 1.30539238
v 0.04380165 -0.23524981 1.30539238
v -0.02271972 -0.21845722 1.33366708
v -0.02305060 -0.25563510 1.27188997
v 0.02271972 -0.21845722 1.33366708
v 0.02305060 -0.25563510 1.27188997
v -0.13564366 0.24218021 1.19673611
v -0.10501080 0.23629521 1.26741185
v -0.10030406 0.25880529 1.19686350
v -0.02270416 0.17237977 1.37947605
v -0.06638417 0.21242264 1.32991104
v -0.02302789 0.27655274 1.19725991
v -0.06682954 0.24948183 1.26813247
v -0.06163277 0.27058993 1.19718189
v -0.08435249 0.25654837 1.23394317
v 0.13564366 0.24218021 1.19673611
v 0.10501080 0.23629521 1.26741185
v 0.10030406 0.25880529 1.19686350
v 0.02270416 0.17237977 1.37947605
v 0.06638417 0.21242264 1.32991104
v 0.00000000 0.19681397 1.35915889
v 0.02302789 0.27655274 1.19725991
v 0.06682954 0.24948183 1.26813247
v 0.06163277 0.27058993 1.19718189
v 0.00000000 0.26988115 1.23459332
v 0.08435249 0.25654837 1.23394317
v -0.04380165 0.23524981 1.30539238
v 0.04380165 0.23524981 1.30539238
v -0.02271972 0.21845722 1.33366708
v -0.02305060 0.25563510 1.27188997
v 0.02271972 0.21845722 1.33366708
v 0.02305060 0.25563510 1.27188997
v 0.00000000 -0.11293950 1.41621216
v 0.00000000 -0.03862663 1.43732289
v 0.00000000 0.11293950 1.41621216
v 0.00000000 0.03862663 1.43732289
v -0.13564366 -0.24218021 1.12326389
v -0.10501080 -0.23629521 1.05258815
v -0.10030406 -0.25880529 1.12313650
v -0.02270416 -0.17237977 0.94052395
v -0.06638417 -0.21242264 0.99008896
v -0.02302789 -0.27655274 1.12274009
v -0.06682954 -0.24948183 1.05186753
v -0.06163277 -0.27058993 1.12281811
v -0.08435249 -0.25654837 1.08605683
v 0.13564366 -0.24218021 1.12326389
v 0.10501080 -0.23629521 1.05258815
v 0.10030406 -0.25880529 1.12313650
v 0.02270416 -0.17237977 0.94052395
v 0.06638417 -0.21242264 0.99008896
v 0.00000000 -0.19681397 0.96084111
v 0.02302789 -0.27655274 1.12274009
v 0.06682954 -0.24948183 1.05186753
v 0.06163277 -0.27058993 1.12281811
v 0.00000000 -0.26988115 1.08540668
v 0.08435249 -0.25654837 1.08605683
v -0.04380165 -0.23524981 1.01460762
v 0.04380165 -0.23524981 1.01460762
v -0.02271972 -0.21845722 0.98633292
v -0.02305060 -0.25563510 1.04811003
v 0.02271972 -0.21845722 0.98633292
v 0.02305060 -0.25563510 1.04811003
v -0.13564366 0.24218021 1.12326389
v -0.10501080 0.23629521 1.05258815
v -0.10030406 0.25880529 1.12313650
v -0.02270416 0.17237977 0.94052395
v -0.06638417 0.21242264 0.99008896
v -0.02302789 0.27655274 1.12274009
v -0.06682954 0.24948183 1.05186753
v -0.06163277 0.27058993 1.12281811
v -0.08435249 0.25654837 1.08605683
v 0.13564366 0.24218021 1.12326389
v 0.10501080 0.23629521 1.05258815
v 0.10030406 0.25880529 1.12313650
v 0.02270416 0.17237977 0.94052395
v 0.06638417 0.21242264 0.99008896
v 0.00000000 0.19681397 0.96084111
v 0.02302789 0.27655274 1.12274009
v 0.06682954 0.24948183 1.05186753
v 0.06163277 0.27058993 1.12281811
v 0.00000000 0.26988115 1.08540668
v 0.08435249 0.25654837 1.08605683
v -0.04380165 0.23524981 1.01460762
v 0.04380165 0.23524981 1.01460762
v -0.02271972 0.21845722 0.98633292
v -0.02305060 0.25563510 1.04811003
v 0.02271972 0.21845722 0.98633292
v 0.02305060 0.25563510 1.04811003
v 0.00000000 -0.11293950 0.90378784
v 0.00000000 -0.03862663 0.88267711
v 0.00000000 0.11293950 0.90378784
v 0.00000000 0.03862663 0.88267711
v 0.17237977 0.21947605 1.13729584
v 0.21242264 0.16991104 1.09361583
v 0.15995046 0.22194178 1.10035360
v 0.24218021 0.03673611 1.02435634
v 0.23629521 0.10741185 1.05498920
v 0.12711734 0.21222192 1.02883964
v 0.19798990 0.16842027 1.05591055
v 0.14451405 0.21936648 1.06307716
v 0.18127533 0.19664676 1.07711871
v 0.17237977 -0.21947605 1.13729584
v 0.21242264 -0.16991104 1.09361583
v 0.15995046 -0.22194178 1.10035360
v 0.24218021 -0.03673611 1.02435634
v 0.23629521 -0.10741185 1.05498920
v 0.12711734 -0.21222192 1.02883964
v 0.19798990 -0.16842027 1.05591055
v 0.14451405 -0.21936648 1.06307716
v 0.18127533 -0.19664676 1.07711871
v 0.03673611 -0.13564366 0.91781979
v 0.10741185 -0.10501080 0.92370479
v 0.05964640 -0.15995046 0.93805822
v 0.03686350 -0.10030406 0.90119471
v 0.21947605 -0.02270416 0.98762023
v 0.16991104 -0.06638417 0.94757736
v 0.22194178 -0.05964640 1.00004954
v 0.10408945 -0.19798990 0.99157973
v 0.13116036 -0.12711734 0.94777808
v 0.08288129 -0.18127533 0.96335324
v 0.14374512 -0.18104178 1.00200882
v 0.09692284 -0.14451405 0.94063352
v 0.03725991 -0.02302789 0.88344726
v 0.10813247 -0.06682954 0.91051817
v 0.03718189 -0.06163277 0.88941007
v 0.07394317 -0.08435249 0.90345163
v 0.21222192 -0.13116036 1.03288266
v 0.16842027 -0.10408945 0.96201010
v 0.21936648 -0.09692284 1.01548595
v 0.18104178 -0.15799118 1.01625488
v 0.19664676 -0.08288129 0.97872467
v 0.15799118 -0.14374512 0.97895822
v 0.03673611 0.13564366 0.91781979
v 0.10741185 0.10501080 0.92370479
v 0.05964640 0.15995046 0.93805822
v 0.03686350 0.10030406 0.90119471
v 0.21947605 0.02270416 0.98762023
v 0.16991104 0.06638417 0.94757736
v 0.22194178 0.05964640 1.00004954
v 0.19915889 0.00000000 0.96318603
v 0.10408945 0.19798990 0.99157973
v 0.13116036 0.12711734 0.94777808
v 0.08288129 0.18127533 0.96335324
v 0.14374512 0.18104178 1.00200882
v 0.09692284 0.14451405 0.94063352
v 0.03725991 0.02302789 0.88344726
v 0.10813247 0.06682954 0.91051817
v 0.03718189 0.06163277 0.88941007
v 0.07459332 0.00000000 0.89011885
v 0.07394317 0.08435249 0.90345163
v 0.21222192 0.13116036 1.03288266
v 0.16842027 0.10408945 0.96201010
v 0.21936648 0.09692284 1.01548595
v 0.18104178 0.15799118 1.01625488
v 0.19664676 0.08288129 0.97872467
v 0.15799118 0.14374512 0.97895822
v 0.14539238 -0.04380165 0.92475019
v 0.14539238 0.04380165 0.92475019
v 0.17366708 -0.02271972 0.94154278
v 0.11188997 -0.02305060 0.90436490
v 0.17366708 0.02271972 0.94154278
v 0.11188997 0.02305060 0.90436490
v 0.17237977 0.21947605 1.18270416
v 0.21242264 0.16991104 1.22638417
v 0.15995046 0.22194178 1.21964640
v 0.19681397 0.19915889 1.16000000
v 0.24218021 0.03673611 1.29564366
v 0.23629521 0.10741185 1.26501080
v 0.12711734 0.21222192 1.29116036
v 0.19798990 0.16842027 1.26408945
v 0.14451405 0.21936648 1.25692284
v 0.18127533 0.19664676 1.24288129
v 0.23524981 0.14539238 1.11619835
v 0.23524981 0.14539238 1.20380165
v 0.21845722 0.17366708 1.13728028
v 0.21845722 0.17366708 1.18271972
v 0.17237977 -0.21947605 1.18270416
v 0.21242264 -0.16991104 1.22638417
v 0.15995046 -0.22194178 1.21964640
v 0.19681397 -0.19915889 1.16000000
v 0.24218021 -0.03673611 1.29564366
v 0.23629521 -0.10741185 1.26501080
v 0.12711734 -0.21222192 1.29116036
v 0.19798990 -0.16842027 1.26408945
v 0.14451405 -0.21936648 1.25692284
v 0.18127533 -0.19664676 1.24288129
v 0.23524981 -0.14539238 1.11619835
v 0.23524981 -0.14539238 1.20380165
v 0.21845722 -0.17366708 1.13728028
v 0.21845722 -0.17366708 1.18271972
v 0.03673611 -0.13564366 1.40218021
v 0.10741185 -0.10501080 1.39629521
v 0.05964640 -0.15995046 1.38194178
v 0.03686350 -0.10030406 1.41880529
v 0.21947605 -0.02270416 1.33237977
v 0.16991104 -0.06638417 1.37242264
v 0.22194178 -0.05964640 1.31995046
v 0.10408945 -0.19798990 1.32842027
v 0.13116036 -0.12711734 1.37222192
v 0.08288129 -0.18127533 1.35664676
v 0.14374512 -0.18104178 1.31799118
v 0.09692284 -0.14451405 1.37936648
v 0.03725991 -0.02302789 1.43655274
v 0.10813247 -0.06682954 1.40948183
v 0.03718189 -0.06163277 1.43058993
v 0.07394317 -0.08435249 1.41654837
v 0.21222192 -0.13116036 1.28711734
v 0.16842027 -0.10408945 1.35798990
v 0.21936648 -0.09692284 1.30451405
v 0.18104178 -0.15799118 1.30374512
v 0.19664676 -0.08288129 1.34127533
v 0.15799118 -0.14374512 1.34104178
v 0.03673611 0.13564366 1.40218021
v 0.10741185 0.10501080 1.39629521
v 0.05964640 0.15995046 1.38194178
v 0.03686350 0.10030406 1.41880529
v 0.21947605 0.02270416 1.33237977
v 0.16991104 0.06638417 1.37242264
v 0.22194178 0.05964640 1.31995046
v 0.19915889 0.00000000 1.35681397
v 0.10408945 0.19798990 1.32842027
v 0.13116036 0.12711734 1.37222192
v 0.08288129 0.18127533 1.35664676
v 0.14374512 0.18104178 1.31799118
v 0.09692284 0.14451405 1.37936648
v 0.03725991 0.02302789 1.43655274
v 0.10813247 0.06682954 1.40948183
v 0.03718189 0.06163277 1.43058993
v 0.07459332 0.00000000 1.42988115
v 0.07394317 0.08435249 1.41654837
v 0.21222192 0.13116036 1.28711734
v 0.16842027 0.10408945 1.35798990
v 0.21936648 0.09692284 1.30451405
v 0.18104178 0.15799118 1.30374512
v 0.19664676 0.08288129 1.34127533
v 0.15799118 0.14374512 1.34104178
v 0.14539238 -0.04380165 1.39524981
v 0.14539238 0.04380165 1.39524981
v 0.17366708 -0.02271972 1.37845722
v 0.11188997 -0.02305060 1.41563510
v 0.17366708 0.02271972 1.37845722
v 0.11188997 0.02305060 1.41563510
v 0.25621216 0.00000000 1.04706050
v 0.27732289 0.00000000 1.12137337
v 0.25880529 0.03686350 1.05969594
v 0.25880529 -0.03686350 1.05969594
v 0.25621216 0.00000000 1.27293950
v 0.27732289 0.00000000 1.19862663
v 0.25880529 0.03686350 1.26030406
v 0.25880529 -0.03686350 1.26030406
v 0.24948183 0.10813247 1.09317046
v 0.27655274 0.03725991 1.13697211
v 0.25654837 0.07394317 1.07564751
v 0.25563510 0.11188997 1.13694940
v 0.27058993 0.03718189 1.09836723
v 0.24948183 -0.10813247 1.09317046
v 0.27655274 -0.03725991 1.13697211
v 0.25654837 -0.07394317 1.07564751
v 0.25563510 -0.11188997 1.13694940
v 0.27058993 -0.03718189 1.09836723
v 0.24948183 0.10813247 1.22682954
v 0.27655274 0.03725991 1.18302789
v 0.25654837 0.07394317 1.24435249
v 0.25563510 0.11188997 1.18305060
v 0.27058993 0.03718189 1.22163277
v 0.26988115 0.07459332 1.16000000
v 0.24948183 -0.10813247 1.22682954
v 0.27655274 -0.03725991 1.18302789
v 0.25654837 -0.07394317 1.24435249
v 0.25563510 -0.11188997 1.18305060
v 0.27058993 -0.03718189 1.22163277
v 0.26988115 -0.07459332 1.16000000
v -0.17237977 0.21947605 1.13729584
v -0.21242264 0.16991104 1.09361583
v -0.15995046 0.22194178 1.10035360
v -0.24218021 0.03673611 1.02435634
v -0.23629521 0.10741185 1.05498920
v -0.12711734 0.21222192 1.02883964
v -0.19798990 0.16842027 1.05591055
v -0.14451405 0.21936648 1.06307716
v -0.18127533 0.19664676 1.07711871
v -0.17237977 -0.21947605 1.13729584
v -0.21242264 -0.16991104 1.09361583
v -0.15995046 -0.22194178 1.10035360
v -0.24218021 -0.03673611 1.02435634
v -0.23629521 -0.10741185 1.05498920
v -0.12711734 -0.21222192 1.02883964
v -0.19798990 -0.16842027 1.05591055
v -0.14451405 -0.21936648 1.06307716
v -0.18127533 -0.19664676 1.07711871
v -0.03673611 -0.13564366 0.91781979
v -0.10741185 -0.10501080 0.92370479
v -0.05964640 -0.15995046 0.93805822
v -0.03686350 -0.10030406 0.90119471
v -0.21947605 -0.02270416 0.98762023
v -0.16991104 -0.06638417 0.94757736
v -0.22194178 -0.05964640 1.00004954
v -0.10408945 -0.19798990 0.99157973
v -0.13116036 -0.12711734 0.94777808
v -0.08288129 -0.18127533 0.96335324
v -0.14374512 -0.18104178 1.00200882
v -0.09692284 -0.14451405 0.94063352
v -0.03725991 -0.02302789 0.88344726
v -0.10813247 -0.06682954 0.91051817
v -0.03718189 -0.06163277 0.88941007
v -0.07394317 -0.08435249 0.90345163
v -0.21222192 -0.13116036 1.03288266
v -0.16842027 -0.10408945 0.96201010
v -0.21936648 -0.09692284 1.01548595
v -0.18104178 -0.15799118 1.01625488
v -0.19664676 -0.08288129 0.97872467
v -0.15799118 -0.14374512 0.97895822
v -0.03673611 0.13564366 0.91781979
v -0.10741185 0.10501080 0.92370479
v -0.05964640 0.15995046 0.93805822
v -0.03686350 0.10030406 0.90119471
v -0.21947605 0.02270416 0.98762023
v -0.16991104 0.06638417 0.94757736
v -0.22194178 0.05964640 1.00004954
v -0.19915889 0.00000000 0.96318603
v -0.10408945 0.19798990 0.99157973
v -0.13116036 0.12711734 0.94777808
v -0.08288129 0.18127533 0.96335324
v -0.14374512 0.18104178 1.00200882
v -0.09692284 0.14451405 0.94063352
v -0.03725991 0.02302789 0.88344726
v -0.10813247 0.06682954 0.91051817
v -0.03718189 0.06163277 0.88941007
v -0.07459332 0.00000000 0.89011885
v -0.07394317 0.08435249 0.90345163
v -0.21222192 0.13116036 1.03288266
v -0.16842027 0.10408945 0.96201010
v -0.21936648 0.09692284 1.01548595
v -0.18104178 0.15799118 1.01625488
v -0.19664676 0.08288129 0.97872467
v -0.15799118 0.14374512 0.97895822
v -0.14539238 -0.04380165 0.92475019
v -0.14539238 0.04380165 0.92475019
v -0.17366708 -0.02271972 0.94154278
v -0.11188997 -0.02305060 0.90436490
v -0.17366708 0.02271972 0.94154278
v -0.11188997 0.02305060 0.90436490
v -0.17237977 0.21947605 1.18270416
v -0.21242264 0.16991104 1.22638417
v -0.15995046 0.22194178 1.21964640
v -0.19681397 0.19915889 1.16000000
v -0.24218021 0.03673611 1.29564366
v -0.23629521 0.10741185 1.26501080
v -0.12711734 0.21222192 1.29116036
v -0.19798990 0.16842027 1.26408945
v -0.14451405 0.21936648 1.25692284
v -0.18127533 0.19664676 1.24288129
v -0.23524981 0.14539238 1.11619835
v -0.23524981 0.14539238 1.20380165
v -0.21845722 0.17366708 1.13728028
v -0.21845722 0.17366708 1.18271972
v -0.17237977 -0.21947605 1.18270416
v -0.21242264 -0.16991104 1.22638417
v -0.15995046 -0.22194178 1.21964640
v -0.19681397 -0.19915889 1.16000000
v -0.24218021 -0.03673611 1.29564366
v -0.23629521 -0.10741185 1.26501080
v -0.12711734 -0.21222192 1.29116036
v -0.19798990 -0.16842027 1.26408945
v -0.14451405 -0.21936648 1.25692284
v -0.18127533 -0.19664676 1.24288129
v -0.23524981 -0.14539238 1.11619835
v -0.23524981 -0.14539238 1.20380165
v -0.21845722 -0.17366708 1.13728028
v -0.21845722 -0.17366708 1.18271972
v -0.03673611 -0.13564366 1.40218021
v -0.10741185 -0.10501080 1.39629521
v -0.05964640 -0.15995046 1.38194178
v -0.03686350 -0.10030406 1.41880529
v -0.21947605 -0.02270416 1.33237977
v -0.16991104 -0.06638417 1.37242264
v -0.22194178 -0.05964640 1.31995046
v -0.10408945 -0.19798990 1.32842027
v -0.13116036 -0.12711734 1.37222192
v -0.08288129 -0.18127533 1.35664676
v -0.14374512 -0.18104178 1.31799118
v -0.09692284 -0.14451405 1.37936648
v -0.03725991 -0.02302789 1.43655274
v -0.10813247 -0.06682954 1.40948183
v -0.03718189 -0.06163277 1.43058993
v -0.07394317 -0.08435249 1.41654837
v -0.21222192 -0.13116036 1.28711734
v -0.16842027 -0.10408945 1.35798990
v -0.21936648 -0.09692284 1.30451405
v -0.18104178 -0.15799118 1.30374512
v -0.19664676 -0.08288129 1.34127533
v -0.15799118 -0.14374512 1.34104178
v -0.03673611 0.13564366 1.40218021
v -0.10741185 0.10501080 1.39629521
v -0.05964640 0.15995046 1.38194178
v -0.03686350 0.10030406 1.41880529
v -0.21947605 0.02270416 1.33237977
v -0.16991104 0.06638417 1.37242264
v -0.22194178 0.05964640 1.31995046
v -0.19915889 0.00000000 1.35681397
v -0.10408945 0.19798990 1.32842027
v -0.13116036 0.12711734 1.37222192
v -0.08288129 0.18127533 1.35664676
v -0.14374512 0.18104178 1.31799118
v -0.09692284 0.14451405 1.37936648
v -0.03725991 0.02302789 1.43655274
v -0.10813247 0.06682954 1.40948183
v -0.03718189 0.06163277 1.43058993
v -0.07459332 0.00000000 1.42988115
v -0.07394317 0.08435249 1.41654837
v -0.21222192 0.13116036 1.28711734
v -0.16842027 0.10408945 1.35798990
v -0.21936648 0.09692284 1.30451405
v -0.18104178 0.15799118 1.30374512
v -0.19664676 0.08288129 1.34127533
v -0.15799118 0.14374512 1.34104178
v -0.14539238 -0.04380165 1.39524981
v -0.14539238 0.04380165 1.39524981
v -0.17366708 -0.02271972 1.37845722
v -0.11188997 -0.02305060 1.41563510
v -0.17366708 0.02271972 1.37845722
v -0.11188997 0.02305060 1.41563510
v -0.25621216 0.00000000 1.04706050
v -0.27732289 0.00000000 1.12137337
v -0.25880529 0.03686350 1.05969594
v -0.25880529 -0.03686350 1.05969594
v -0.25621216 0.00000000 1.27293950
v -0.27732289 0.00000000 1.19862663
v -0.25880529 0.03686350 1.26030406
v -0.25880529 -0.03686350 1.26030406
v -0.24948183 0.10813247 1.09317046
v -0.27655274 0.03725991 1.13697211
v -0.25654837 0.07394317 1.07564751
v -0.25563510 0.11188997 1.13694940
v -0.27058993 0.03718189 1.09836723
v -0.24948183 -0.10813247 1.09317046
v -0.27655274 -0.03725991 1.13697211
v -0.25654837 -0.07394317 1.07564751
v -0.25563510 -0.11188997 1.13694940
v -0.27058993 -0.03718189 1.09836723
v -0.24948183 0.10813247 1.22682954
v -0.27655274 0.03725991 1.18302789
v -0.25654837 0.07394317 1.24435249
v -0.25563510 0.11188997 1.18305060
v -0.27058993 0.03718189 1.22163277
v -0.26988115 0.07459332 1.16000000
v -0.24948183 -0.10813247 1.22682954
v -0.27655274 -0.03725991 1.18302789
v -0.25654837 -0.07394317 1.24435249
v -0.25563510 -0.11188997 1.18305060
v -0.27058993 -0.03718189 1.22163277
v -0.26988115 -0.07459332 1.16000000
v -0.14720471 0.23818223 -1.16000000
v 0.14720471 0.23818223 -1.16000000
v -0.14720471 -0.23818223 -1.16000000
v 0.14720471 -0.23818223 -1.16000000
v 0.00000000 -0.14720471 -0.92181777
v 0.00000000 0.14720471 -0.92181777
v 0.00000000 -0.14720471 -1.39818223
v 0.00000000 0.14720471 -1.39818223
v 0.23818223 0.00000000 -1.30720471
v 0.23818223 0.00000000 -1.01279529
v -0.23818223 0.00000000 -1.30720471
v -0.23818223 0.00000000 -1.01279529
v 0.00000000 0.28000000 -1.16000000
v 0.00000000 -0.28000000 -1.16000000
v -0.08652476 -0.22652476 -1.02000000
v 0.08652476 -0.22652476 -1.02000000
v -0.08652476 0.22652476 -1.02000000
v 0.08652476 0.22652476 -1.02000000
v 0.00000000 0.00000000 -0.88000000
v -0.08652476 -0.22652476 -1.30000000
v 0.08652476 -0.22652476 -1.30000000
v -0.08652476 0.22652476 -1.30000000
v 0.08652476 0.22652476 -1.30000000
v 0.00000000 0.00000000 -1.44000000
v 0.22652476 0.14000000 -1.24652476
v 0.22652476 -0.14000000 -1.24652476
v 0.14000000 -0.08652476 -1.38652476
v 0.14000000 0.08652476 -1.38652476
v 0.22652476 0.14000000 -1.07347524
v 0.22652476 -0.14000000 -1.07347524
v 0.14000000 -0.08652476 -0.93347524
v 0.14000000 0.08652476 -0.93347524
v 0.28000000 0.00000000 -1.16000000
v -0.22652476 0.14000000 -1.24652476
v -0.22652476 -0.14000000 -1.24652476
v -0.14000000 -0.08652476 -1.38652476
v -0.14000000 0.08652476 -1.38652476
v -0.22652476 0.14000000 -1.07347524
v -0.22652476 -0.14000000 -1.07347524
v -0.14000000 -0.08652476 -0.93347524
v -0.14000000 0.08652476 -0.93347524
v -0.28000000 0.00000000 -1.16000000
v -0.07651463 0.26934274 -1.16000000
v 0.07651463 0.26934274 -1.16000000
v -0.07651463 -0.26934274 -1.16000000
v 0.07651463 -0.26934274 -1.16000000
v -0.12148880 -0.24154717 -1.08723026
v -0.04497417 -0.19425853 -0.96342700
v -0.04548876 -0.26629582 -1.08639764
v 0.12148880 -0.24154717 -1.08723026
v 0.04497417 -0.19425853 -0.96342700
v 0.04548876 -0.26629582 -1.08639764
v 0.00000000 -0.23818223 -1.01279529
v -0.12148880 0.24154717 -1.08723026
v -0.04497417 0.19425853 -0.96342700
v -0.04548876 0.26629582 -1.08639764
v 0.12148880 0.24154717 -1.08723026
v 0.04497417 0.19425853 -0.96342700
v 0.04548876 0.26629582 -1.08639764
v 0.00000000 0.23818223 -1.01279529
v 0.00000000 -0.07651463 -0.89065726
v 0.00000000 0.07651463 -0.89065726
v -0.12148880 -0.24154717 -1.23276974
v -0.04497417 -0.19425853 -1.35657300
v -0.04548876 -0.26629582 -1.23360236
v 0.12148880 -0.24154717 -1.23276974
v 0.04497417 -0.19425853 -1.35657300
v 0.04548876 -0.26629582 -1.23360236
v 0.00000000 -0.23818223 -1.30720471
v -0.12148880 0.24154717 -1.23276974
v -0.04497417 0.19425853 -1.35657300
v -0.04548876 0.26629582 -1.23360236
v 0.12148880 0.24154717 -1.23276974
v 0.04497417 0.19425853 -1.35657300
v 0.04548876 0.26629582 -1.23360236
v 0.00000000 0.23818223 -1.30720471
v 0.00000000 -0.07651463 -1.42934274
v 0.00000000 0.07651463 -1.42934274
v 0.19425853 0.19657300 -1.20497417
v 0.24154717 0.07276974 -1.28148880
v 0.16457987 0.19269347 -1.27909111
v 0.19425853 -0.19657300 -1.20497417
v 0.24154717 -0.07276974 -1.28148880
v 0.16457987 -0.19269347 -1.27909111
v 0.07276974 -0.12148880 -1.40154717
v 0.19657300 -0.04497417 -1.35425853
v 0.11909111 -0.16457987 -1.35269347
v 0.07360236 -0.04548876 -1.42629582
v 0.19269347 -0.11909111 -1.32457987
v 0.07276974 0.12148880 -1.40154717
v 0.19657300 0.04497417 -1.35425853
v 0.11909111 0.16457987 -1.35269347
v 0.07360236 0.04548876 -1.42629582
v 0.19269347 0.11909111 -1.32457987
v 0.14720471 0.00000000 -1.39818223
v 0.19425853 0.19657300 -1.11502583
v 0.24154717 0.07276974 -1.03851120
v 0.16457987 0.19269347 -1.04090889
v 0.23818223 0.14720471 -1.16000000
v 0.19425853 -0.19657300 -1.11502583
v 0.24154717 -0.07276974 -1.03851120
v 0.16457987 -0.19269347 -1.04090889
v 0.23818223 -0.14720471 -1.16000000
v 0.07276974 -0.12148880 -0.91845283
v 0.19657300 -0.04497417 -0.96574147
v 0.11909111 -0.16457987 -0.96730653
v 0.07360236 -0.04548876 -0.89370418
v 0.19269347 -0.11909111 -0.99542013
v 0.07276974 0.12148880 -0.91845283
v 0.19657300 0.04497417 -0.96574147
v 0.11909111 0.16457987 -0.96730653
v 0.07360236 0.04548876 -0.89370418
v 0.19269347 0.11909111 -0.99542013
v 0.14720471 0.00000000 -0.92181777
v 0.26934274 0.00000000 -1.23651463
v 0.26934274 0.00000000 -1.08348537
v 0.26629582 0.07360236 -1.20548876
v 0.26629582 -0.07360236 -1.20548876
v 0.26629582 0.07360236 -1.11451124
v 0.26629582 -0.07360236 -1.11451124
v -0.19425853 0.19657300 -1.20497417
v -0.24154717 0.07276974 -1.28148880
v -0.16457987 0.19269347 -1.27909111
v -0.19425853 -0.19657300 -1.20497417
v -0.24154717 -0.07276974 -1.28148880
v -0.16457987 -0.19269347 -1.27909111
v -0.07276974 -0.12148880 -1.40154717
v -0.19657300 -0.04497417 -1.35425853
v -0.11909111 -0.16457987 -1.35269347
v -0.07360236 -0.04548876 -1.42629582
v -0.19269347 -0.11909111 -1.32457987
v -0.07276974 0.12148880 -1.40154717
v -0.19657300 0.04497417 -1.35425853
v -0.11909111 0.16457987 -1.35269347
v -0.07360236 0.04548876 -1.42629582
v -0.19269347 0.11909111 -1.32457987
v -0.14720471 0.00000000 -1.39818223
v -0.19425853 0.19657300 -1.11502583
v -0.24154717 0.07276974 -1.03851120
v -0.16457987 0.19269347 -1.04090889
v -0.23818223 0.14720471 -1.16000000
v -0.19425853 -0.19657300 -1.11502583
v -0.24154717 -0.07276974 -1.03851120
v -0.16457987 -0.19269347 -1.04090889
v -0.23818223 -0.14720471 -1.16000000
v -0.07276974 -0.12148880 -0.91845283
v -0.19657300 -0.04497417 -0.96574147
v -0.11909111 -0.16457987 -0.96730653
v -0.07360236 -0.04548876 -0.89370418
v -0.19269347 -0.11909111 -0.99542013
v -0.07276974 0.12148880 -0.91845283
v -0.19657300 0.04497417 -0.96574147
v -0.11909111 0.16457987 -0.96730653
v -0.07360236 0.04548876 -0.89370418
v -0.19269347 0.11909111 -0.99542013
v -0.14720471 0.00000000 -0.92181777
v -0.26934274 0.00000000 -1.23651463
v -0.26934274 0.00000000 -1.08348537
v -0.26629582 0.07360236 -1.20548876
v -0.26629582 -0.07360236 -1.20548876
v -0.26629582 0.07360236 -1.11451124
v -0.26629582 -0.07360236 -1.11451124
v -0.11293950 0.25621216 -1.16000000
v -0.03862663 0.27732289 -1.16000000
v 0.11293950 0.25621216 -1.16000000
v 0.03862663 0.27732289 -1.16000000
v -0.11293950 -0.25621216 -1.16000000
v -0.03862663 -0.27732289 -1.16000000
v 0.11293950 -0.25621216 -1.16000000
v 0.03862663 -0.27732289 -1.16000000
v -0.13564366 -0.24218021 -1.12326389
v -0.10501080 -0.23629521 -1.05258815
v -0.10030406 -0.25880529 -1.12313650
v -0.02270416 -0.17237977 -0.94052395
v -0.06638417 -0.21242264 -0.99008896
v -0.02302789 -0.27655274 -1.12274009
v -0.06682954 -0.24948183 -1.05186753
v -0.06163277 -0.27058993 -1.12281811
v -0.08435249 -0.25654837 -1.08605683
v 0.13564366 -0.24218021 -1.12326389
v 0.10501080 -0.23629521 -1.05258815
v 0.10030406 -0.25880529 -1.12313650
v 0.02270416 -0.17237977 -0.94052395
v 0.06638417 -0.21242264 -0.99008896
v 0.00000000 -0.19681397 -0.96084111
v 0.02302789 -0.27655274 -1.12274009
v 0.06682954 -0.24948183 -1.05186753
v 0.06163277 -0.27058993 -1.12281811
v 0.00000000 -0.26988115 -1.08540668
v 0.08435249 -0.25654837 -1.08605683
v -0.04380165 -0.23524981 -1.01460762
v 0.04380165 -0.23524981 -1.01460762
v -0.02271972 -0.21845722 -0.98633292
v -0.02305060 -0.25563510 -1.04811003
v 0.02271972 -0.21845722 -0.98633292
v 0.02305060 -0.25563510 -1.04811003
v -0.13564366 0.24218021 -1.12326389
v -0.10501080 0.23629521 -1.05258815
v -0.10030406 0.25880529 -1.12313650
v -0.02270416 0.17237977 -0.94052395
v -0.06638417 0.21242264 -0.99008896
v -0.02302789 0.27655274 -1.12274009
v -0.06682954 0.24948183 -1.05186753
v -0.06163277 0.27058993 -1.12281811
v -0.08435249 0.25654837 -1.08605683
v 0.13564366 0.24218021 -1.12326389
v 0.10501080 0.23629521 -1.05258815
v 0.10030406 0.25880529 -1.12313650
v 0.02270416 0.17237977 -0.94052395
v 0.06638417 0.21242264 -0.99008896
v 0.00000000 0.19681397 -0.96084111
v 0.02302789 0.27655274 -1.12274009
v 0.06682954 0.24948183 -1.05186753
v 0.06163277 0.27058993 -1.12281811
v 0.00000000 0.26988115 -1.08540668
v 0.08435249 0.25654837 -1.08605683
v -0.04380165 0.23524981 -1.01460762
v 0.04380165 0.23524981 -1.01460762
v -0.02271972 0.21845722 -0.98633292
v -0.02305060 0.25563510 -1.04811003
v 0.02271972 0.21845722 -0.98633292
v 0.02305060 0.25563510 -1.04811003
v 0.00000000 -0.11293950 -0.90378784
v 0.00000000 -0.03862663 -0.88267711
v 0.00000000 0.11293950 -0.90378784
v 0.00000000 0.03862663 -0.88267711
v -0.13564366 -0.24218021 -1.19673611
v -0.10501080 -0.23629521 -1.26741185
v -0.10030406 -0.25880529 -1.19686350
v -0.02270416 -0.17237977 -1.37947605
v -0.06638417 -0.21242264 -1.32991104
v -0.02302789 -0.27655274 -1.19725991
v -0.06682954 -0.24948183 -1.26813247
v -0.06163277 -0.27058993 -1.19718189
v -0.08435249 -0.25654837 -1.23394317
v 0.13564366 -0.24218021 -1.19673611
v 0.10501080 -0.23629521 -1.26741185
v 0.10030406 -0.25880529 -1.19686350
v 0.02270416 -0.17237977 -1.37947605
v 0.06638417 -0.21242264 -1.32991104
v 0.00000000 -0.19681397 -1.35915889
v 0.02302789 -0.27655274 -1.19725991
v 0.06682954 -0.24948183 -1.26813247
v 0.06163277 -0.27058993 -1.19718189
v 0.00000000 -0.26988115 -1.23459332
v 0.08435249 -0.25654837 -1.23394317
v -0.04380165 -0.23524981 -1.30539238
v 0.04380165 -0.23524981 -1.30539238
v -0.02271972 -0.21845722 -1.33366708
v -0.02305060 -0.25563510 -1.27188997
v 0.02271972 -0.21845722 -1.33366708
v 0.02305060 -0.25563510 -1.27188997
v -0.13564366 0.24218021 -1.19673611
v -0.10501080 0.23629521 -1.26741185
v -0.10030406 0.25880529 -1.19686350
v -0.02270416 0.17237977 -1.37947605
v -0.06638417 0.21242264 -1.32991104
v -0.02302789 0.27655274 -1.19725991
v -0.06682954 0.24948183 -1.26813247
v -0.06163277 0.27058993 -1.19718189
v -0.08435249 0.25654837 -1.23394317
v 0.13564366 0.24218021 -1.19673611
v 0.10501080 0.23629521 -1.26741185
v 0.10030406 0.25880529 -1.19686350
v 0.02270416 0.17237977 -1.37947605
v 0.06638417 0.21242264 -1.32991104
v 0.00000000 0.19681397 -1.35915889
v 0.02302789 0.27655274 -1.19725991
v 0.06682954 0.24948183 -1.26813247
v 0.06163277 0.27058993 -1.19718189
v 0.00000000 0.26988115 -1.23459332
v 0.08435249 0.25654837 -1.23394317
v -0.04380165 0.23524981 -1.30539238
v 0.04380165 0.23524981 -1.30539238
v -0.02271972 0.21845722 -1.33366708
v -0.02305060 0.25563510 -1.27188997
v 0.02271972 0.21845722 -1.33366708
v 0.02305060 0.25563510 -1.27188997
v 0.00000000 -0.11293950 -1.41621216
v 0.00000000 -0.03862663 -1.43732289
v 0.00000000 0.11293950 -1.41621216
v 0.00000000 0.03862663 -1.43732289
v 0.17237977 0.21947605 -1.18270416
v 0.21242264 0.16991104 -1.22638417
v 0.15995046 0.22194178 -1.21964640
v 0.24218021 0.03673611 -1.29564366
v 0.23629521 0.10741185 -1.26501080
v 0.12711734 0.21222192 -1.29116036
v 0.19798990 0.16842027 -1.26408945
v 0.14451405 0.21936648 -1.25692284
v 0.18127533 0.19664676 -1.24288129
v 0.17237977 -0.21947605 -1.18270416
v 0.21242264 -0.16991104 -1.22638417
v 0.15995046 -0.22194178 -1.21964640
v 0.24218021 -0.03673611 -1.29564366
v 0.23629521 -0.10741185 -1.26501080
v 0.12711734 -0.21222192 -1.29116036
v 0.19798990 -0.16842027 -1.26408945
v 0.14451405 -0.21936648 -1.25692284
v 0.18127533 -0.19664676 -1.24288129
v 0.03673611 -0.13564366 -1.40218021
v 0.10741185 -0.10501080 -1.39629521
v 0.05964640 -0.15995046 -1.38194178
v 0.03686350 -0.10030406 -1.41880529
v 0.21947605 -0.02270416 -1.33237977
v 0.16991104 -0.06638417 -1.37242264
v 0.22194178 -0.05964640 -1.31995046
v 0.10408945 -0.19798990 -1.32842027
v 0.13116036 -0.12711734 -1.37222192
v 0.08288129 -0.18127533 -1.35664676
v 0.14374512 -0.18104178 -1.31799118
v 0.09692284 -0.14451405 -1.37936648
v 0.03725991 -0.02302789 -1.43655274
v 0.10813247 -0.06682954 -1.40948183
v 0.03718189 -0.06163277 -1.43058993
v 0.07394317 -0.08435249 -1.41654837
v 0.21222192 -0.13116036 -1.28711734
v 0.16842027 -0.10408945 -1.35798990
v 0.21936648 -0.09692284 -1.30451405
v 0.18104178 -0.15799118 -1.30374512
v 0.19664676 -0.08288129 -1.34127533
v 0.15799118 -0.14374512 -1.34104178
v 0.03673611 0.13564366 -1.40218021
v 0.10741185 0.10501080 -1.39629521
v 0.05964640 0.15995046 -1.38194178
v 0.03686350 0.10030406 -1.41880529
v 0.21947605 0.02270416 -1.33237977
v 0.16991104 0.06638417 -1.37242264
v 0.22194178 0.05964640 -1.31995046
v 0.19915889 0.00000000 -1.35681397
v 0.10408945 0.19798990 -1.32842027
v 0.13116036 0.12711734 -1.37222192
v 0.08288129 0.18127533 -1.35664676
v 0.14374512 0.18104178 -1.31799118
v 0.09692284 0.14451405 -1.37936648
v 0.03725991 0.02302789 -1.43655274
v 0.10813247 0.06682954 -1.40948183
v 0.03718189 0.06163277 -1.43058993
v 0.07459332 0.00000000 -1.42988115
v 0.07394317 0.08435249 -1.41654837
v 0.21222192 0.13116036 -1.28711734
v 0.16842027 0.10408945 -1.35798990
v 0.21936648 0.09692284 -1.30451405
v 0.18104178 0.15799118 -1.30374512
v 0.19664676 0.08288129 -1.34127533
v 0.15799118 0.14374512 -1.34104178
v 0.14539238 -0.04380165 -1.39524981
v 0.14539238 0.04380165 -1.39524981
v 0.17366708 -0.02271972 -1.37845722
v 0.11188997 -0.02305060 -1.41563510
v 0.17366708 0.02271972 -1.37845722
v 0.11188997 0.02305060 -1.41563510
v 0.17237977 0.21947605 -1.13729584
v 0.21242264 0.16991104 -1.09361583
v 0.15995046 0.22194178 -1.10035360
v 0.19681397 0.19915889 -1.16000000
v 0.24218021 0.03673611 -1.02435634
v 0.23629521 0.10741185 -1.05498920
v 0.12711734 0.21222192 -1.02883964
v 0.19798990 0.16842027 -1.05591055
v 0.14451405 0.21936648 -1.06307716
v 0.18127533 0.19664676 -1.07711871
v 0.23524981 0.14539238 -1.20380165
v 0.23524981 0.14539238 -1.11619835
v 0.21845722 0.17366708 -1.18271972
v 0.21845722 0.17366708 -1.13728028
v 0.17237977 -0.21947605 -1.13729584
v 0.21242264 -0.16991104 -1.09361583
v 0.15995046 -0.22194178 -1.10035360
v 0.19681397 -0.19915889 -1.16000000
v 0.24218021 -0.03673611 -1.02435634
v 0.23629521 -0.10741185 -1.05498920
v 0.12711734 -0.21222192 -1.02883964
v 0.19798990 -0.16842027 -1.05591055
v 0.14451405 -0.21936648 -1.06307716
v 0.18127533 -0.19664676 -1.07711871
v 0.23524981 -0.14539238 -1.20380165
v 0.23524981 -0.14539238 -1.11619835
v 0.21845722 -0.17366708 -1.18271972
v 0.21845722 -0.17366708 -1.13728028
v 0.03673611 -0.13564366 -0.91781979
v 0.10741185 -0.10501080 -0.92370479
v 0.05964640 -0.15995046 -0.93805822
v 0.03686350 -0.10030406 -0.90119471
v 0.21947605 -0.02270416 -0.98762023
v 0.16991104 -0.06638417 -0.94757736
v 0.22194178 -0.05964640 -1.00004954
v 0.10408945 -0.19798990 -0.99157973
v 0.13116036 -0.12711734 -0.94777808
v 0.08288129 -0.18127533 -0.96335324
v 0.14374512 -0.18104178 -1.00200882
v 0.09692284 -0.14451405 -0.94063352
v 0.03725991 -0.02302789 -0.88344726
v 0.10813247 -0.06682954 -0.91051817
v 0.03718189 -0.06163277 -0.88941007
v 0.07394317 -0.08435249 -0.90345163
v 0.21222192 -0.13116036 -1.03288266
v 0.16842027 -0.10408945 -0.96201010
v 0.21936648 -0.09692284 -1.01548595
v 0.18104178 -0.15799118 -1.01625488
v 0.19664676 -0.08288129 -0.97872467
v 0.15799118 -0.14374512 -0.97895822
v 0.03673611 0.13564366 -0.91781979
v 0.10741185 0.10501080 -0.92370479
v 0.05964640 0.15995046 -0.93805822
v 0.03686350 0.10030406 -0.90119471
v 0.21947605 0.02270416 -0.98762023
v 0.16991104 0.06638417 -0.94757736
v 0.22194178 0.05964640 -1.00004954
v 0.19915889 0.00000000 -0.96318603
v 0.10408945 0.19798990 -0.99157973
v 0.13116036 0.12711734 -0.94777808
v 0.08288129 0.18127533 -0.96335324
v 0.14374512 0.18104178 -1.00200882
v 0.09692284 0.14451405 -0.94063352
v 0.03725991 0.02302789 -0.88344726
v 0.10813247 0.06682954 -0.91051817
v 0.03718189 0.06163277 -0.88941007
v 0.07459332 0.00000000 -0.89011885
v 0.07394317 0.08435249 -0.90345163
v 0.21222192 0.13116036 -1.03288266
v 0.16842027 0.10408945 -0.96201010
v 0.21936648 0.09692284 -1.01548595
v 0.18104178 0.15799118 -1.01625488
v 0.19664676 0.08288129 -0.97872467
v 0.15799118 0.14374512 -0.97895822
v 0.14539238 -0.04380165 -0.92475019
v 0.14539238 0.04380165 -0.92475019
v 0.17366708 -0.02271972 -0.94154278
v 0.11188997 -0.02305060 -0.90436490
v 0.17366708 0.02271972 -0.94154278
v 0.11188997 0.02305060 -0.90436490
v 0.25621216 0.00000000 -1.27293950
v 0.27732289 0.00000000 -1.19862663
v 0.25880529 0.03686350 -1.26030406
v 0.25880529 -0.03686350 -1.26030406
v 0.25621216 0.00000000 -1.04706050
v 0.27732289 0.00000000 -1.12137337
v 0.25880529 0.03686350 -1.05969594
v 0.25880529 -0.03686350 -1.05969594
v 0.24948183 0.10813247 -1.22682954
v 0.27655274 0.03725991 -1.18302789
v 0.25654837 0.07394317 -1.24435249
v 0.25563510 0.11188997 -1.18305060
v 0.27058993 0.03718189 -1.22163277
v 0.24948183 -0.10813247 -1.22682954
v 0.27655274 -0.03725991 -1.18302789
v 0.25654837 -0.07394317 -1.24435249
v 0.25563510 -0.11188997 -1.18305060
v 0.27058993 -0.03718189 -1.22163277
v 0.24948183 0.10813247 -1.09317046
v 0.27655274 0.03725991 -1.13697211
v 0.25654837 0.07394317 -1.07564751
v 0.25563510 0.11188997 -1.13694940
v 0.27058993 0.03718189 -1.09836723
v 0.26988115 0.07459332 -1.16000000
v 0.24948183 -0.10813247 -1.09317046
v 0.27655274 -0.03725991 -1.13697211
v 0.25654837 -0.07394317 -1.07564751
v 0.25563510 -0.11188997 -1.13694940
v 0.27058993 -0.03718189 -1.09836723
v 0.26988115 -0.07459332 -1.16000000
v -0.17237977 0.21947605 -1.18270416
v -0.21242264 0.16991104 -1.22638417
v -0.15995046 0.22194178 -1.21964640
v -0.24218021 0.03673611 -1.29564366
v -0.23629521 0.10741185 -1.26501080
v -0.12711734 0.21222192 -1.29116036
v -0.19798990 0.16842027 -1.26408945
v -0.14451405 0.21936648 -1.25692284
v -0.18127533 0.19664676 -1.24288129
v -0.17237977 -0.21947605 -1.18270416
v -0.21242264 -0.16991104 -1.22638417
v -0.15995046 -0.22194178 -1.21964640
v -0.24218021 -0.03673611 -1.29564366
v -0.23629521 -0.10741185 -1.26501080
v -0.12711734 -0.21222192 -1.29116036
v -0.19798990 -0.16842027 -1.26408945
v -0.14451405 -0.21936648 -1.25692284
v -0.18127533 -0.19664676 -1.24288129
v -0.03673611 -0.13564366 -1.40218021
v -0.10741185 -0.10501080 -1.39629521
v -0.05964640 -0.15995046 -1.38194178
v -0.03686350 -0.10030406 -1.41880529
v -0.21947605 -0.02270416 -1.33237977
v -0.16991104 -0.06638417 -1.37242264
v -0.22194178 -0.05964640 -1.31995046
v -0.10408945 -0.19798990 -1.32842027
v -0.13116036 -0.12711734 -1.37222192
v -0.08288129 -0.18127533 -1.35664676
v -0.14374512 -0.18104178 -1.31799118
v -0.09692284 -0.14451405 -1.37936648
v -0.03725991 -0.02302789 -1.43655274
v -0.10813247 -0.06682954 -1.40948183
v -0.03718189 -0.06163277 -1.43058993
v -0.07394317 -0.08435249 -1.41654837
v -0.21222192 -0.13116036 -1.28711734
v -0.16842027 -0.10408945 -1.35798990
v -0.21936648 -0.09692284 -1.30451405
v -0.18104178 -0.15799118 -1.30374512
v -0.19664676 -0.08288129 -1.34127533
v -0.15799118 -0.14374512 -1.34104178
v -0.03673611 0.13564366 -1.40218021
v -0.10741185 0.10501080 -1.39629521
v -0.05964640 0.15995046 -1.38194178
v -0.03686350 0.10030406 -1.41880529
v -0.21947605 0.02270416 -1.33237977
v -0.16991104 0.06638417 -1.37242264
v -0.22194178 0.05964640 -1.31995046
v -0.19915889 0.00000000 -1.35681397
v -0.10408945 0.19798990 -1.32842027
v -0.13116036 0.12711734 -1.37222192
v -0.08288129 0.18127533 -1.35664676
v -0.14374512 0.18104178 -1.31799118
v -0.09692284 0.14451405 -1.37936648
v -0.03725991 0.02302789 -1.43655274
v -0.10813247 0.06682954 -1.40948183
v -0.03718189 0.06163277 -1.43058993
v -0.07459332 0.00000000 -1.42988115
v -0.07394317 0.08435249 -1.41654837
v -0.21222192 0.13116036 -1.28711734
v -0.16842027 0.10408945 -1.35798990
v -0.21936648 0.09692284 -1.30451405
v -0.18104178 0.15799118 -1.30374512
v -0.19664676 0.08288129 -1.34127533
v -0.15799118 0.14374512 -1.34104178
v -0.14539238 -0.04380165 -1.39524981
v -0.14539238 0.04380165 -1.39524981
v -0.17366708 -0.02271972 -1.37845722
v -0.11188997 -0.02305060 -1.41563510
v -0.17366708 0.02271972 -1.37845722
v -0.11188997 0.02305060 -1.41563510
v -0.17237977 0.21947605 -1.13729584
v -0.21242264 0.16991104 -1.09361583
v -0.15995046 0.22194178 -1.10035360
v -0.19681397 0.19915889 -1.16000000
v -0.24218021 0.03673611 -1.02435634
v -0.23629521 0.10741185 -1.05498920
v -0.12711734 0.21222192 -1.02883964
v -0.19798990 0.16842027 -1.05591055
v -0.14451405 0.21936648 -1.06307716
v -0.18127533 0.19664676 -1.07711871
v -0.23524981 0.14539238 -1.20380165
v -0.23524981 0.14539238 -1.11619835
v -0.21845722 0.17366708 -1.18271972
v -0.21845722 0.17366708 -1.13728028
v -0.17237977 -0.21947605 -1.13729584
v -0.21242264 -0.16991104 -1.09361583
v -0.15995046 -0.22194178 -1.10035360
v -0.19681397 -0.19915889 -1.16000000
v -0.24218021 -0.03673611 -1.02435634
v -0.23629521 -0.10741185 -1.05498920
v -0.12711734 -0.21222192 -1.02883964
v -0.19798990 -0.16842027 -1.05591055
v -0.14451405 -0.21936648 -1.06307716
v -0.18127533 -0.19664676 -1.07711871
v -0.23524981 -0.14539238 -1.20380165
v -0.23524981 -0.14539238 -1.11619835
v -0.21845722 -0.17366708 -1.18271972
v -0.21845722 -0.17366708 -1.13728028
v -0.03673611 -0.13564366 -0.91781979
v -0.10741185 -0.10501080 -0.92370479
v -0.05964640 -0.15995046 -0.93805822
v -0.03686350 -0.10030406 -0.90119471
v -0.21947605 -0.02270416 -0.98762023
v -0.16991104 -0.06638417 -0.94757736
v -0.22194178 -0.05964640 -1.00004954
v -0.10408945 -0.19798990 -0.99157973
v -0.13116036 -0.12711734 -0.94777808
v -0.08288129 -0.18127533 -0.96335324
v -0.14374512 -0.18104178 -1.00200882
v -0.09692284 -0.14451405 -0.94063352
v -0.03725991 -0.02302789 -0.88344726
v -0.10813247 -0.06682954 -0.91051817
v -0.03718189 -0.06163277 -0.88941007
v -0.07394317 -0.08435249 -0.90345163
v -0.21222192 -0.13116036 -1.03288266
v -0.16842027 -0.10408945 -0.96201010
v -0.21936648 -0.09692284 -1.01548595
v -0.18104178 -0.15799118 -1.01625488
v -0.19664676 -0.08288129 -0.97872467
v -0.15799118 -0.14374512 -0.97895822
v -0.03673611 0.13564366 -0.91781979
v -0.10741185 0.10501080 -0.92370479
v -0.05964640 0.15995046 -0.93805822
v -0.03686350 0.10030406 -0.90119471
v -0.21947605 0.02270416 -0.98762023
v -0.16991104 0.06638417 -0.94757736
v -0.22194178 0.05964640 -1.00004954
v -0.19915889 0.00000000 -0.96318603
v -0.10408945 0.19798990 -0.99157973
v -0.13116036 0.12711734 -0.94777808
v -0.08288129 0.18127533 -0.96335324
v -0.14374512 0.18104178 -1.00200882
v -0.09692284 0.14451405 -0.94063352
v -0.03725991 0.02302789 -0.88344726
v -0.10813247 0.06682954 -0.91051817
v -0.03718189 0.06163277 -0.88941007
v -0.07459332 0.00000000 -0.89011885
v -0.07394317 0.08435249 -0.90345163
v -0.21222192 0.13116036 -1.03288266
v -0.16842027 0.10408945 -0.96201010
v -0.21936648 0.09692284 -1.01548595
v -0.18104178 0.15799118 -1.01625488
v -0.19664676 0.08288129 -0.97872467
v -0.15799118 0.14374512 -0.97895822
v -0.14539238 -0.04380165 -0.92475019
v -0.14539238 0.04380165 -0.92475019
v -0.17366708 -0.02271972 -0.94154278
v -0.11188997 -0.02305060 -0.90436490
v -0.17366708 0.02271972 -0.94154278
v -0.11188997 0.02305060 -0.90436490
v -0.25621216 0.00000000 -1.27293950
v -0.27732289 0.00000000 -1.19862663
v -0.25880529 0.03686350 -1.26030406
v -0.25880529 -0.03686350 -1.26030406
v -0.25621216 0.00000000 -1.04706050
v -0.27732289 0.00000000 -1.12137337
v -0.25880529 0.03686350 -1.05969594
v -0.25880529 -0.03686350 -1.05969594
v -0.24948183 0.10813247 -1.22682954
v -0.27655274 0.03725991 -1.18302789
v -0.25654837 0.07394317 -1.24435249
v -0.25563510 0.11188997 -1.18305060
v -0.27058993 0.03718189 -1.22163277
v -0.24948183 -0.10813247 -1.22682954
v -0.27655274 -0.03725991 -1.18302789
v -0.25654837 -0.07394317 -1.24435249
v -0.25563510 -0.11188997 -1.18305060
v -0.27058993 -0.03718189 -1.22163277
v -0.24948183 0.10813247 -1.09317046
v -0.27655274 0.03725991 -1.13697211
v -0.25654837 0.07394317 -1.07564751
v -0.25563510 0.11188997 -1.13694940
v -0.27058993 0.03718189 -1.09836723
v -0.26988115 0.07459332 -1.16000000
v -0.24948183 -0.10813247 -1.09317046
v -0.27655274 -0.03725991 -1.13697211
v -0.25654837 -0.07394317 -1.07564751
v -0.25563510 -0.11188997 -1.13694940
v -0.27058993 -0.03718189 -1.09836723
v -0.26988115 -0.07459332 -1.16000000
f 2 4 1
f 5 2 1
f 1 4 3
f 3 5 1
f 2 8 4
f 6 2 5
f 6 8 2
f 4 8 3
f 7 5 3
f 3 8 7
f 7 6 5
f 8 6 7
f 9 541 205
f 541 146 543
f 205 543 62
f 541 543 205
f 146 542 550
f 542 46 548
f 550 548 148
f 542 548 550
f 62 549 206
f 549 148 547
f 206 547 25
f 549 547 206
f 146 550 543
f 550 148 549
f 543 549 62
f 550 549 543
f 46 546 609
f 546 147 611
f 609 611 163
f 546 611 609
f 147 545 597
f 545 20 595
f 597 595 160
f 545 595 597
f 163 613 610
f 613 160 596
f 610 596 49
f 613 596 610
f 147 597 611
f 597 160 613
f 611 613 163
f 597 613 611
f 25 599 209
f 599 161 601
f 209 601 63
f 599 601 209
f 161 600 603
f 600 49 592
f 603 592 159
f 600 592 603
f 63 593 208
f 593 159 591
f 208 591 14
f 593 591 208
f 161 603 601
f 603 159 593
f 601 593 63
f 603 593 601
f 46 609 548
f 609 163 612
f 548 612 148
f 609 612 548
f 163 610 614
f 610 49 600
f 614 600 161
f 610 600 614
f 148 602 547
f 602 161 599
f 547 599 25
f 602 599 547
f 163 614 612
f 614 161 602
f 612 602 148
f 614 602 612
f 9 205 171
f 205 62 207
f 171 207 51
f 205 207 171
f 62 206 213
f 206 25 211
f 213 211 64
f 206 211 213
f 51 212 172
f 212 64 210
f 172 210 21
f 212 210 172
f 62 213 207
f 213 64 212
f 207 212 51
f 213 212 207
f 25 209 225
f 209 63 227
f 225 227 68
f 209 227 225
f 63 208 219
f 208 14 217
f 219 217 66
f 208 217 219
f 68 229 226
f 229 66 218
f 226 218 26
f 229 218 226
f 63 219 227
f 219 66 229
f 227 229 68
f 219 229 227
f 21 220 174
f 220 67 222
f 174 222 52
f 220 222 174
f 67 221 224
f 221 26 215
f 224 215 65
f 221 215 224
f 52 216 173
f 216 65 214
f 173 214 10
f 216 214 173
f 67 224 222
f 224 65 216
f 222 216 52
f 224 216 222
f 25 225 211
f 225 68 228
f 211 228 64
f 225 228 211
f 68 226 230
f 226 26 221
f 230 221 67
f 226 221 230
f 64 223 210
f 223 67 220
f 210 220 21
f 223 220 210
f 68 230 228
f 230 67 223
f 228 223 64
f 230 223 228
f 9 171 261
f 171 51 263
f 261 263 78
f 171 263 261
f 51 172 268
f 172 21 266
f 268 266 80
f 172 266 268
f 78 269 262
f 269 80 267
f 262 267 30
f 269 267 262
f 51 268 263
f 268 80 269
f 263 269 78
f 268 269 263
f 21 174 276
f 174 52 278
f 276 278 83
f 174 278 276
f 52 173 272
f 173 10 270
f 272 270 81
f 173 270 272
f 83 280 277
f 280 81 271
f 277 271 31
f 280 271 277
f 52 272 278
f 272 81 280
f 278 280 83
f 272 280 278
f 30 281 265
f 281 84 283
f 265 283 79
f 281 283 265
f 84 282 285
f 282 31 274
f 285 274 82
f 282 274 285
f 79 275 264
f 275 82 273
f 264 273 16
f 275 273 264
f 84 285 283
f 285 82 275
f 283 275 79
f 285 275 283
f 21 276 266
f 276 83 279
f 266 279 80
f 276 279 266
f 83 277 286
f 277 31 282
f 286 282 84
f 277 282 286
f 80 284 267
f 284 84 281
f 267 281 30
f 284 281 267
f 83 286 279
f 286 84 284
f 279 284 80
f 286 284 279
f 9 261 471
f 261 78 473
f 471 473 129
f 261 473 471
f 78 262 478
f 262 30 476
f 478 476 131
f 262 476 478
f 129 479 472
f 479 131 477
f 472 477 42
f 479 477 472
f 78 478 473
f 478 131 479
f 473 479 129
f 478 479 473
f 30 265 519
f 265 79 521
f 519 521 142
f 265 521 519
f 79 264 513
f 264 16 511
f 513 511 140
f 264 511 513
f 142 523 520
f 523 140 512
f 520 512 45
f 523 512 520
f 79 513 521
f 513 140 523
f 521 523 142
f 513 523 521
f 42 529 475
f 529 144 531
f 475 531 130
f 529 531 475
f 144 530 533
f 530 45 516
f 533 516 141
f 530 516 533
f 130 517 474
f 517 141 515
f 474 515 19
f 517 515 474
f 144 533 531
f 533 141 517
f 531 517 130
f 533 517 531
f 30 519 476
f 519 142 522
f 476 522 131
f 519 522 476
f 142 520 534
f 520 45 530
f 534 530 144
f 520 530 534
f 131 532 477
f 532 144 529
f 477 529 42
f 532 529 477
f 142 534 522
f 534 144 532
f 522 532 131
f 534 532 522
f 9 471 541
f 471 129 544
f 541 544 146
f 471 544 541
f 129 472 553
f 472 42 551
f 553 551 149
f 472 551 553
f 146 554 542
f 554 149 552
f 542 552 46
f 554 552 542
f 129 553 544
f 553 149 554
f 544 554 146
f 553 554 544
f 42 475 629
f 475 130 631
f 629 631 167
f 475 631 629
f 130 474 623
f 474 19 621
f 623 621 165
f 474 621 623
f 167 633 630
f 633 165 622
f 630 622 50
f 633 622 630
f 130 623 631
f 623 165 633
f 631 633 167
f 623 633 631
f 46 639 546
f 639 169 641
f 546 641 147
f 639 641 546
f 169 640 643
f 640 50 626
f 643 626 166
f 640 626 643
f 147 627 545
f 627 166 625
f 545 625 20
f 627 625 545
f 169 643 641
f 643 166 627
f 641 627 147
f 643 627 641
f 42 629 551
f 629 167 632
f 551 632 149
f 629 632 551
f 167 630 644
f 630 50 640
f 644 640 169
f 630 640 644
f 149 642 552
f 642 169 639
f 552 639 46
f 642 639 552
f 167 644 632
f 644 169 642
f 632 642 149
f 644 642 632
f 10 214 361
f 214 65 363
f 361 363 104
f 214 363 361
f 65 215 369
f 215 26 367
f 369 367 106
f 215 367 369
f 104 370 362
f 370 106 368
f 362 368 37
f 370 368 362
f 65 369 363
f 369 106 370
f 363 370 104
f 369 370 363
f 26 218 419
f 218 66 421
f 419 421 119
f 218 421 419
f 66 217 413
f 217 14 411
f 413 411 117
f 217 411 413
f 119 423 420
f 423 117 412
f 420 412 40
f 423 412 420
f 66 413 421
f 413 117 423
f 421 423 119
f 413 423 421
f 37 429 366
f 429 121 431
f 366 431 105
f 429 431 366
f 121 430 433
f 430 40 416
f 433 416 118
f 430 416 433
f 105 417 365
f 417 118 415
f 365 415 18
f 417 415 365
f 121 433 431
f 433 118 417
f 431 417 105
f 433 417 431
f 26 419 367
f 419 119 422
f 367 422 106
f 419 422 367
f 119 420 434
f 420 40 430
f 434 430 121
f 420 430 434
f 106 432 368
f 432 121 429
f 368 429 37
f 432 429 368
f 119 434 422
f 434 121 432
f 422 432 106
f 434 432 422
f 14 591 233
f 591 159 594
f 233 594 70
f 591 594 233
f 159 592 608
f 592 49 605
f 608 605 162
f 592 605 608
f 70 606 234
f 606 162 604
f 234 604 27
f 606 604 234
f 159 608 594
f 608 162 606
f 594 606 70
f 608 606 594
f 49 596 616
f 596 160 619
f 616 619 164
f 596 619 616
f 160 595 598
f 595 20 573
f 598 573 155
f 595 573 598
f 164 617 615
f 617 155 574
f 615 574 48
f 617 574 615
f 160 598 619
f 598 155 617
f 619 617 164
f 598 617 619
f 27 581 232
f 581 157 583
f 232 583 69
f 581 583 232
f 157 582 584
f 582 48 570
f 584 570 154
f 582 570 584
f 69 572 231
f 572 154 569
f 231 569 13
f 572 569 231
f 157 584 583
f 584 154 572
f 583 572 69
f 584 572 583
f 49 616 605
f 616 164 620
f 605 620 162
f 616 620 605
f 164 615 618
f 615 48 582
f 618 582 157
f 615 582 618
f 162 607 604
f 607 157 581
f 604 581 27
f 607 581 604
f 164 618 620
f 618 157 607
f 620 607 162
f 618 607 620
f 20 625 559
f 625 166 628
f 559 628 151
f 625 628 559
f 166 626 649
f 626 50 646
f 649 646 170
f 626 646 649
f 151 647 560
f 647 170 645
f 560 645 47
f 647 645 560
f 166 649 628
f 649 170 647
f 628 647 151
f 649 647 628
f 50 622 635
f 622 165 638
f 635 638 168
f 622 638 635
f 165 621 624
f 621 19 483
f 624 483 133
f 621 483 624
f 168 636 634
f 636 133 484
f 634 484 43
f 636 484 634
f 165 624 638
f 624 133 636
f 638 636 168
f 624 636 638
f 47 566 556
f 566 153 568
f 556 568 150
f 566 568 556
f 153 565 567
f 565 43 481
f 567 481 132
f 565 481 567
f 150 558 555
f 558 132 480
f 555 480 11
f 558 480 555
f 153 567 568
f 567 132 558
f 568 558 150
f 567 558 568
f 50 635 646
f 635 168 650
f 646 650 170
f 635 650 646
f 168 634 637
f 634 43 565
f 637 565 153
f 634 565 637
f 170 648 645
f 648 153 566
f 645 566 47
f 648 566 645
f 168 637 650
f 637 153 648
f 650 648 170
f 637 648 650
f 19 515 493
f 515 141 518
f 493 518 136
f 515 518 493
f 141 516 539
f 516 45 536
f 539 536 145
f 516 536 539
f 136 537 494
f 537 145 535
f 494 535 44
f 537 535 494
f 141 539 518
f 539 145 537
f 518 537 136
f 539 537 518
f 45 512 525
f 512 140 528
f 525 528 143
f 512 528 525
f 140 511 514
f 511 16 289
f 514 289 86
f 511 289 514
f 143 526 524
f 526 86 290
f 524 290 32
f 526 290 524
f 140 514 528
f 514 86 526
f 528 526 143
f 514 526 528
f 44 502 490
f 502 138 504
f 490 504 135
f 502 504 490
f 138 501 503
f 501 32 288
f 503 288 85
f 501 288 503
f 135 492 489
f 492 85 287
f 489 287 15
f 492 287 489
f 138 503 504
f 503 85 492
f 504 492 135
f 503 492 504
f 45 525 536
f 525 143 540
f 536 540 145
f 525 540 536
f 143 524 527
f 524 32 501
f 527 501 138
f 524 501 527
f 145 538 535
f 538 138 502
f 535 502 44
f 538 502 535
f 143 527 540
f 527 138 538
f 540 538 145
f 527 538 540
f 16 273 331
f 273 82 333
f 331 333 98
f 273 333 331
f 82 274 341
f 274 31 339
f 341 339 100
f 274 339 341
f 98 343 332
f 343 100 340
f 332 340 36
f 343 340 332
f 82 341 333
f 341 100 343
f 333 343 98
f 341 343 333
f 31 271 296
f 271 81 298
f 296 298 89
f 271 298 296
f 81 270 293
f 270 10 291
f 293 291 87
f 270 291 293
f 89 299 297
f 299 87 292
f 297 292 33
f 299 292 297
f 81 293 298
f 293 87 299
f 298 299 89
f 293 299 298
f 36 350 336
f 350 102 353
f 336 353 99
f 350 353 336
f 102 349 351
f 349 33 295
f 351 295 88
f 349 295 351
f 99 337 335
f 337 88 294
f 335 294 17
f 337 294 335
f 102 351 353
f 351 88 337
f 353 337 99
f 351 337 353
f 31 296 339
f 296 89 342
f 339 342 100
f 296 342 339
f 89 297 352
f 297 33 349
f 352 349 102
f 297 349 352
f 100 354 340
f 354 102 350
f 340 350 36
f 354 350 340
f 89 352 342
f 352 102 354
f 342 354 100
f 352 354 342
f 12 375 188
f 375 108 377
f 188 377 58
f 375 377 188
f 108 376 384
f 376 38 382
f 384 382 110
f 376 382 384
f 58 383 189
f 383 110 381
f 189 381 24
f 383 381 189
f 108 384 377
f 384 110 383
f 377 383 58
f 384 383 377
f 38 380 405
f 380 109 407
f 405 407 116
f 380 407 405
f 109 379 395
f 379 18 393
f 395 393 113
f 379 393 395
f 116 409 406
f 409 113 394
f 406 394 39
f 409 394 406
f 109 395 407
f 395 113 409
f 407 409 116
f 395 409 407
f 24 396 192
f 396 114 398
f 192 398 59
f 396 398 192
f 114 397 400
f 397 39 390
f 400 390 112
f 397 390 400
f 59 391 191
f 391 112 389
f 191 389 13
f 391 389 191
f 114 400 398
f 400 112 391
f 398 391 59
f 400 391 398
f 38 405 382
f 405 116 408
f 382 408 110
f 405 408 382
f 116 406 410
f 406 39 397
f 410 397 114
f 406 397 410
f 110 399 381
f 399 114 396
f 381 396 24
f 399 396 381
f 116 410 408
f 410 114 399
f 408 399 110
f 410 399 408
f 12 188 177
f 188 58 190
f 177 190 54
f 188 190 177
f 58 189 198
f 189 24 195
f 198 195 60
f 189 195 198
f 54 196 178
f 196 60 194
f 178 194 22
f 196 194 178
f 58 198 190
f 198 60 196
f 190 196 54
f 198 196 190
f 24 192 200
f 192 59 203
f 200 203 61
f 192 203 200
f 59 191 193
f 191 13 182
f 193 182 56
f 191 182 193
f 61 201 199
f 201 56 183
f 199 183 23
f 201 183 199
f 59 193 203
f 193 56 201
f 203 201 61
f 193 201 203
f 22 184 176
f 184 57 186
f 176 186 53
f 184 186 176
f 57 185 187
f 185 23 180
f 187 180 55
f 185 180 187
f 53 181 175
f 181 55 179
f 175 179 11
f 181 179 175
f 57 187 186
f 187 55 181
f 186 181 53
f 187 181 186
f 24 200 195
f 200 61 204
f 195 204 60
f 200 204 195
f 61 199 202
f 199 23 185
f 202 185 57
f 199 185 202
f 60 197 194
f 197 57 184
f 194 184 22
f 197 184 194
f 61 202 204
f 202 57 197
f 204 197 60
f 202 197 204
f 12 177 244
f 177 54 246
f 244 246 74
f 177 246 244
f 54 178 252
f 178 22 250
f 252 250 76
f 178 250 252
f 74 254 245
f 254 76 251
f 245 251 29
f 254 251 245
f 54 252 246
f 252 76 254
f 246 254 74
f 252 254 246
f 22 176 240
f 176 53 242
f 240 242 73
f 176 242 240
f 53 175 237
f 175 11 235
f 237 235 71
f 175 235 237
f 73 243 241
f 243 71 236
f 241 236 28
f 243 236 241
f 53 237 242
f 237 71 243
f 242 243 73
f 237 243 242
f 29 256 248
f 256 77 259
f 248 259 75
f 256 259 248
f 77 255 257
f 255 28 239
f 257 239 72
f 255 239 257
f 75 249 247
f 249 72 238
f 247 238 15
f 249 238 247
f 77 257 259
f 257 72 249
f 259 249 75
f 257 249 259
f 22 240 250
f 240 73 253
f 250 253 76
f 240 253 250
f 73 241 258
f 241 28 255
f 258 255 77
f 241 255 258
f 76 260 251
f 260 77 256
f 251 256 29
f 260 256 251
f 73 258 253
f 258 77 260
f 253 260 76
f 258 260 253
f 12 244 300
f 244 74 302
f 300 302 90
f 244 302 300
f 74 245 307
f 245 29 305
f 307 305 92
f 245 305 307
f 90 308 301
f 308 92 306
f 301 306 34
f 308 306 301
f 74 307 302
f 307 92 308
f 302 308 90
f 307 308 302
f 29 248 316
f 248 75 318
f 316 318 95
f 248 318 316
f 75 247 311
f 247 15 309
f 311 309 93
f 247 309 311
f 95 320 317
f 320 93 310
f 317 310 35
f 320 310 317
f 75 311 318
f 311 93 320
f 318 320 95
f 311 320 318
f 34 325 304
f 325 97 327
f 304 327 91
f 325 327 304
f 97 326 329
f 326 35 314
f 329 314 94
f 326 314 329
f 91 315 303
f 315 94 313
f 303 313 17
f 315 313 303
f 97 329 327
f 329 94 315
f 327 315 91
f 329 315 327
f 29 316 305
f 316 95 319
f 305 319 92
f 316 319 305
f 95 317 330
f 317 35 326
f 330 326 97
f 317 326 330
f 92 328 306
f 328 97 325
f 306 325 34
f 328 325 306
f 95 330 319
f 330 97 328
f 319 328 92
f 330 328 319
f 12 300 375
f 300 90 378
f 375 378 108
f 300 378 375
f 90 301 387
f 301 34 385
f 387 385 111
f 301 385 387
f 108 388 376
f 388 111 386
f 376 386 38
f 388 386 376
f 90 387 378
f 387 111 388
f 378 388 108
f 387 388 378
f 34 304 454
f 304 91 456
f 454 456 126
f 304 456 454
f 91 303 444
f 303 17 441
f 444 441 123
f 303 441 444
f 126 458 455
f 458 123 442
f 455 442 41
f 458 442 455
f 91 444 456
f 444 123 458
f 456 458 126
f 444 458 456
f 38 465 380
f 465 128 467
f 380 467 109
f 465 467 380
f 128 466 469
f 466 41 446
f 469 446 124
f 466 446 469
f 109 448 379
f 448 124 445
f 379 445 18
f 448 445 379
f 128 469 467
f 469 124 448
f 467 448 109
f 469 448 467
f 34 454 385
f 454 126 457
f 385 457 111
f 454 457 385
f 126 455 470
f 455 41 466
f 470 466 128
f 455 466 470
f 111 468 386
f 468 128 465
f 386 465 38
f 468 465 386
f 126 470 457
f 470 128 468
f 457 468 111
f 470 468 457
f 13 389 231
f 389 112 392
f 231 392 69
f 389 392 231
f 112 390 404
f 390 39 402
f 404 402 115
f 390 402 404
f 69 403 232
f 403 115 401
f 232 401 27
f 403 401 232
f 112 404 392
f 404 115 403
f 392 403 69
f 404 403 392
f 39 394 435
f 394 113 437
f 435 437 122
f 394 437 435
f 113 393 418
f 393 18 415
f 418 415 118
f 393 415 418
f 122 439 436
f 439 118 416
f 436 416 40
f 439 416 436
f 113 418 437
f 418 118 439
f 437 439 122
f 418 439 437
f 27 424 234
f 424 120 426
f 234 426 70
f 424 426 234
f 120 425 428
f 425 40 412
f 428 412 117
f 425 412 428
f 70 414 233
f 414 117 411
f 233 411 14
f 414 411 233
f 120 428 426
f 428 117 414
f 426 414 70
f 428 414 426
f 39 435 402
f 435 122 438
f 402 438 115
f 435 438 402
f 122 436 440
f 436 40 425
f 440 425 120
f 436 425 440
f 115 427 401
f 427 120 424
f 401 424 27
f 427 424 401
f 122 440 438
f 440 120 427
f 438 427 115
f 440 427 438
f 11 179 555
f 179 55 557
f 555 557 150
f 179 557 555
f 55 180 563
f 180 23 561
f 563 561 152
f 180 561 563
f 150 564 556
f 564 152 562
f 556 562 47
f 564 562 556
f 55 563 557
f 563 152 564
f 557 564 150
f 563 564 557
f 23 183 576
f 183 56 578
f 576 578 156
f 183 578 576
f 56 182 571
f 182 13 569
f 571 569 154
f 182 569 571
f 156 580 577
f 580 154 570
f 577 570 48
f 580 570 577
f 56 571 578
f 571 154 580
f 578 580 156
f 571 580 578
f 47 585 560
f 585 158 587
f 560 587 151
f 585 587 560
f 158 586 589
f 586 48 574
f 589 574 155
f 586 574 589
f 151 575 559
f 575 155 573
f 559 573 20
f 575 573 559
f 158 589 587
f 589 155 575
f 587 575 151
f 589 575 587
f 23 576 561
f 576 156 579
f 561 579 152
f 576 579 561
f 156 577 590
f 577 48 586
f 590 586 158
f 577 586 590
f 152 588 562
f 588 158 585
f 562 585 47
f 588 585 562
f 156 590 579
f 590 158 588
f 579 588 152
f 590 588 579
f 15 238 489
f 238 72 491
f 489 491 135
f 238 491 489
f 72 239 498
f 239 28 496
f 498 496 137
f 239 496 498
f 135 500 490
f 500 137 497
f 490 497 44
f 500 497 490
f 72 498 491
f 498 137 500
f 491 500 135
f 498 500 491
f 28 236 485
f 236 71 487
f 485 487 134
f 236 487 485
f 71 235 482
f 235 11 480
f 482 480 132
f 235 480 482
f 134 488 486
f 488 132 481
f 486 481 43
f 488 481 486
f 71 482 487
f 482 132 488
f 487 488 134
f 482 488 487
f 44 506 494
f 506 139 509
f 494 509 136
f 506 509 494
f 139 505 507
f 505 43 484
f 507 484 133
f 505 484 507
f 136 495 493
f 495 133 483
f 493 483 19
f 495 483 493
f 139 507 509
f 507 133 495
f 509 495 136
f 507 495 509
f 28 485 496
f 485 134 499
f 496 499 137
f 485 499 496
f 134 486 508
f 486 43 505
f 508 505 139
f 486 505 508
f 137 510 497
f 510 139 506
f 497 506 44
f 510 506 497
f 134 508 499
f 508 139 510
f 499 510 137
f 508 510 499
f 17 313 335
f 313 94 338
f 335 338 99
f 313 338 335
f 94 314 357
f 314 35 355
f 357 355 103
f 314 355 357
f 99 359 336
f 359 103 356
f 336 356 36
f 359 356 336
f 94 357 338
f 357 103 359
f 338 359 99
f 357 359 338
f 35 310 322
f 310 93 324
f 322 324 96
f 310 324 322
f 93 309 312
f 309 15 287
f 312 287 85
f 309 287 312
f 96 323 321
f 323 85 288
f 321 288 32
f 323 288 321
f 93 312 324
f 312 85 323
f 324 323 96
f 312 323 324
f 36 345 332
f 345 101 348
f 332 348 98
f 345 348 332
f 101 344 346
f 344 32 290
f 346 290 86
f 344 290 346
f 98 334 331
f 334 86 289
f 331 289 16
f 334 289 331
f 101 346 348
f 346 86 334
f 348 334 98
f 346 334 348
f 35 322 355
f 322 96 358
f 355 358 103
f 322 358 355
f 96 321 347
f 321 32 344
f 347 344 101
f 321 344 347
f 103 360 356
f 360 101 345
f 356 345 36
f 360 345 356
f 96 347 358
f 347 101 360
f 358 360 103
f 347 360 358
f 18 445 365
f 445 124 447
f 365 447 105
f 445 447 365
f 124 446 463
f 446 41 460
f 463 460 127
f 446 460 463
f 105 461 366
f 461 127 459
f 366 459 37
f 461 459 366
f 124 463 447
f 463 127 461
f 447 461 105
f 463 461 447
f 41 442 450
f 442 123 453
f 450 453 125
f 442 453 450
f 123 441 443
f 441 17 294
f 443 294 88
f 441 294 443
f 125 451 449
f 451 88 295
f 449 295 33
f 451 295 449
f 123 443 453
f 443 88 451
f 453 451 125
f 443 451 453
f 37 372 362
f 372 107 374
f 362 374 104
f 372 374 362
f 107 371 373
f 371 33 292
f 373 292 87
f 371 292 373
f 104 364 361
f 364 87 291
f 361 291 10
f 364 291 361
f 107 373 374
f 373 87 364
f 374 364 104
f 373 364 374
f 41 450 460
f 450 125 464
f 460 464 127
f 450 464 460
f 125 449 452
f 449 33 371
f 452 371 107
f 449 371 452
f 127 462 459
f 462 107 372
f 459 372 37
f 462 372 459
f 125 452 464
f 452 107 462
f 464 462 127
f 452 462 464
f 651 1183 847
f 1183 788 1185
f 847 1185 704
f 1183 1185 847
f 788 1184 1192
f 1184 688 1190
f 1192 1190 790
f 1184 1190 1192
f 704 1191 848
f 1191 790 1189
f 848 1189 667
f 1191 1189 848
f 788 1192 1185
f 1192 790 1191
f 1185 1191 704
f 1192 1191 1185
f 688 1188 1251
f 1188 789 1253
f 1251 1253 805
f 1188 1253 1251
f 789 1187 1239
f 1187 662 1237
f 1239 1237 802
f 1187 1237 1239
f 805 1255 1252
f 1255 802 1238
f 1252 1238 691
f 1255 1238 1252
f 789 1239 1253
f 1239 802 1255
f 1253 1255 805
f 1239 1255 1253
f 667 1241 851
f 1241 803 1243
f 851 1243 705
f 1241 1243 851
f 803 1242 1245
f 1242 691 1234
f 1245 1234 801
f 1242 1234 1245
f 705 1235 850
f 1235 801 1233
f 850 1233 656
f 1235 1233 850
f 803 1245 1243
f 1245 801 1235
f 1243 1235 705
f 1245 1235 1243
f 688 1251 1190
f 1251 805 1254
f 1190 1254 790
f 1251 1254 1190
f 805 1252 1256
f 1252 691 1242
f 1256 1242 803
f 1252 1242 1256
f 790 1244 1189
f 1244 803 1241
f 1189 1241 667
f 1244 1241 1189
f 805 1256 1254
f 1256 803 1244
f 1254 1244 790
f 1256 1244 1254
f 651 847 813
f 847 704 849
f 813 849 693
f 847 849 813
f 704 848 855
f 848 667 853
f 855 853 706
f 848 853 855
f 693 854 814
f 854 706 852
f 814 852 663
f 854 852 814
f 704 855 849
f 855 706 854
f 849 854 693
f 855 854 849
f 667 851 867
f 851 705 869
f 867 869 710
f 851 869 867
f 705 850 861
f 850 656 859
f 861 859 708
f 850 859 861
f 710 871 868
f 871 708 860
f 868 860 668
f 871 860 868
f 705 861 869
f 861 708 871
f 869 871 710
f 861 871 869
f 663 862 816
f 862 709 864
f 816 864 694
f 862 864 816
f 709 863 866
f 863 668 857
f 866 857 707
f 863 857 866
f 694 858 815
f 858 707 856
f 815 856 652
f 858 856 815
f 709 866 864
f 866 707 858
f 864 858 694
f 866 858 864
f 667 867 853
f 867 710 870
f 853 870 706
f 867 870 853
f 710 868 872
f 868 668 863
f 872 863 709
f 868 863 872
f 706 865 852
f 865 709 862
f 852 862 663
f 865 862 852
f 710 872 870
f 872 709 865
f 870 865 706
f 872 865 870
f 651 813 903
f 813 693 905
f 903 905 720
f 813 905 903
f 693 814 910
f 814 663 908
f 910 908 722
f 814 908 910
f 720 911 904
f 911 722 909
f 904 909 672
f 911 909 904
f 693 910 905
f 910 722 911
f 905 911 720
f 910 911 905
f 663 816 918
f 816 694 920
f 918 920 725
f 816 920 918
f 694 815 914
f 815 652 912
f 914 912 723
f 815 912 914
f 725 922 919
f 922 723 913
f 919 913 673
f 922 913 919
f 694 914 920
f 914 723 922
f 920 922 725
f 914 922 920
f 672 923 907
f 923 726 925
f 907 925 721
f 923 925 907
f 726 924 927
f 924 673 916
f 927 916 724
f 924 916 927
f 721 917 906
f 917 724 915
f 906 915 658
f 917 915 906
f 726 927 925
f 927 724 917
f 925 917 721
f 927 917 925
f 663 918 908
f 918 725 921
f 908 921 722
f 918 921 908
f 725 919 928
f 919 673 924
f 928 924 726
f 919 924 928
f 722 926 909
f 926 726 923
f 909 923 672
f 926 923 909
f 725 928 921
f 928 726 926
f 921 926 722
f 928 926 921
f 651 903 1113
f 903 720 1115
f 1113 1115 771
f 903 1115 1113
f 720 904 1120
f 904 672 1118
f 1120 1118 773
f 904 1118 1120
f 771 1121 1114
f 1121 773 1119
f 1114 1119 684
f 1121 1119 1114
f 720 1120 1115
f 1120 773 1121
f 1115 1121 771
f 1120 1121 1115
f 672 907 1161
f 907 721 1163
f 1161 1163 784
f 907 1163 1161
f 721 906 1155
f 906 658 1153
f 1155 1153 782
f 906 1153 1155
f 784 1165 1162
f 1165 782 1154
f 1162 1154 687
f 1165 1154 1162
f 721 1155 1163
f 1155 782 1165
f 1163 1165 784
f 1155 1165 1163
f 684 1171 1117
f 1171 786 1173
f 1117 1173 772
f 1171 1173 1117
f 786 1172 1175
f 1172 687 1158
f 1175 1158 783
f 1172 1158 1175
f 772 1159 1116
f 1159 783 1157
f 1116 1157 661
f 1159 1157 1116
f 786 1175 1173
f 1175 783 1159
f 1173 1159 772
f 1175 1159 1173
f 672 1161 1118
f 1161 784 1164
f 1118 1164 773
f 1161 1164 1118
f 784 1162 1176
f 1162 687 1172
f 1176 1172 786
f 1162 1172 1176
f 773 1174 1119
f 1174 786 1171
f 1119 1171 684
f 1174 1171 1119
f 784 1176 1164
f 1176 786 1174
f 1164 1174 773
f 1176 1174 1164
f 651 1113 1183
f 1113 771 1186
f 1183 1186 788
f 1113 1186 1183
f 771 1114 1195
f 1114 684 1193
f 1195 1193 791
f 1114 1193 1195
f 788 1196 1184
f 1196 791 1194
f 1184 1194 688
f 1196 1194 1184
f 771 1195 1186
f 1195 791 1196
f 1186 1196 788
f 1195 1196 1186
f 684 1117 1271
f 1117 772 1273
f 1271 1273 809
f 1117 1273 1271
f 772 1116 1265
f 1116 661 1263
f 1265 1263 807
f 1116 1263 1265
f 809 1275 1272
f 1275 807 1264
f 1272 1264 692
f 1275 1264 1272
f 772 1265 1273
f 1265 807 1275
f 1273 1275 809
f 1265 1275 1273
f 688 1281 1188
f 1281 811 1283
f 1188 1283 789
f 1281 1283 1188
f 811 1282 1285
f 1282 692 1268
f 1285 1268 808
f 1282 1268 1285
f 789 1269 1187
f 1269 808 1267
f 1187 1267 662
f 1269 1267 1187
f 811 1285 1283
f 1285 808 1269
f 1283 1269 789
f 1285 1269 1283
f 684 1271 1193
f 1271 809 1274
f 1193 1274 791
f 1271 1274 1193
f 809 1272 1286
f 1272 692 1282
f 1286 1282 811
f 1272 1282 1286
f 791 1284 1194
f 1284 811 1281
f 1194 1281 688
f 1284 1281 1194
f 809 1286 1274
f 1286 811 1284
f 1274 1284 791
f 1286 1284 1274
f 652 856 1003
f 856 707 1005
f 1003 1005 746
f 856 1005 1003
f 707 857 1011
f 857 668 1009
f 1011 1009 748
f 857 1009 1011
f 746 1012 1004
f 1012 748 1010
f 1004 1010 679
f 1012 1010 1004
f 707 1011 1005
f 1011 748 1012
f 1005 1012 746
f 1011 1012 1005
f 668 860 1061
f 860 708 1063
f 1061 1063 761
f 860 1063 1061
f 708 859 1055
f 859 656 1053
f 1055 1053 759
f 859 1053 1055
f 761 1065 1062
f 1065 759 1054
f 1062 1054 682
f 1065 1054 1062
f 708 1055 1063
f 1055 759 1065
f 1063 1065 761
f 1055 1065 1063
f 679 1071 1008
f 1071 763 1073
f 1008 1073 747
f 1071 1073 1008
f 763 1072 1075
f 1072 682 1058
f 1075 1058 760
f 1072 1058 1075
f 747 1059 1007
f 1059 760 1057
f 1007 1057 660
f 1059 1057 1007
f 763 1075 1073
f 1075 760 1059
f 1073 1059 747
f 1075 1059 1073
f 668 1061 1009
f 1061 761 1064
f 1009 1064 748
f 1061 1064 1009
f 761 1062 1076
f 1062 682 1072
f 1076 1072 763
f 1062 1072 1076
f 748 1074 1010
f 1074 763 1071
f 1010 1071 679
f 1074 1071 1010
f 761 1076 1064
f 1076 763 1074
f 1064 1074 748
f 1076 1074 1064
f 656 1233 875
f 1233 801 1236
f 875 1236 712
f 1233 1236 875
f 801 1234 1250
f 1234 691 1247
f 1250 1247 804
f 1234 1247 1250
f 712 1248 876
f 1248 804 1246
f 876 1246 669
f 1248 1246 876
f 801 1250 1236
f 1250 804 1248
f 1236 1248 712
f 1250 1248 1236
f 691 1238 1258
f 1238 802 1261
f 1258 1261 806
f 1238 1261 1258
f 802 1237 1240
f 1237 662 1215
f 1240 1215 797
f 1237 1215 1240
f 806 1259 1257
f 1259 797 1216
f 1257 1216 690
f 1259 1216 1257
f 802 1240 1261
f 1240 797 1259
f 1261 1259 806
f 1240 1259 1261
f 669 1223 874
f 1223 799 1225
f 874 1225 711
f 1223 1225 874
f 799 1224 1226
f 1224 690 1212
f 1226 1212 796
f 1224 1212 1226
f 711 1214 873
f 1214 796 1211
f 873 1211 655
f 1214 1211 873
f 799 1226 1225
f 1226 796 1214
f 1225 1214 711
f 1226 1214 1225
f 691 1258 1247
f 1258 806 1262
f 1247 1262 804
f 1258 1262 1247
f 806 1257 1260
f 1257 690 1224
f 1260 1224 799
f 1257 1224 1260
f 804 1249 1246
f 1249 799 1223
f 1246 1223 669
f 1249 1223 1246
f 806 1260 1262
f 1260 799 1249
f 1262 1249 804
f 1260 1249 1262
f 662 1267 1201
f 1267 808 1270
f 1201 1270 793
f 1267 1270 1201
f 808 1268 1291
f 1268 692 1288
f 1291 1288 812
f 1268 1288 1291
f 793 1289 1202
f 1289 812 1287
f 1202 1287 689
f 1289 1287 1202
f 808 1291 1270
f 1291 812 1289
f 1270 1289 793
f 1291 1289 1270
f 692 1264 1277
f 1264 807 1280
f 1277 1280 810
f 1264 1280 1277
f 807 1263 1266
f 1263 661 1125
f 1266 1125 775
f 1263 1125 1266
f 810 1278 1276
f 1278 775 1126
f 1276 1126 685
f 1278 1126 1276
f 807 1266 1280
f 1266 775 1278
f 1280 1278 810
f 1266 1278 1280
f 689 1208 1198
f 1208 795 1210
f 1198 1210 792
f 1208 1210 1198
f 795 1207 1209
f 1207 685 1123
f 1209 1123 774
f 1207 1123 1209
f 792 1200 1197
f 1200 774 1122
f 1197 1122 653
f 1200 1122 1197
f 795 1209 1210
f 1209 774 1200
f 1210 1200 792
f 1209 1200 1210
f 692 1277 1288
f 1277 810 1292
f 1288 1292 812
f 1277 1292 1288
f 810 1276 1279
f 1276 685 1207
f 1279 1207 795
f 1276 1207 1279
f 812 1290 1287
f 1290 795 1208
f 1287 1208 689
f 1290 1208 1287
f 810 1279 1292
f 1279 795 1290
f 1292 1290 812
f 1279 1290 1292
f 661 1157 1135
f 1157 783 1160
f 1135 1160 778
f 1157 1160 1135
f 783 1158 1181
f 1158 687 1178
f 1181 1178 787
f 1158 1178 1181
f 778 1179 1136
f 1179 787 1177
f 1136 1177 686
f 1179 1177 1136
f 783 1181 1160
f 1181 787 1179
f 1160 1179 778
f 1181 1179 1160
f 687 1154 1167
f 1154 782 1170
f 1167 1170 785
f 1154 1170 1167
f 782 1153 1156
f 1153 658 931
f 1156 931 728
f 1153 931 1156
f 785 1168 1166
f 1168 728 932
f 1166 932 674
f 1168 932 1166
f 782 1156 1170
f 1156 728 1168
f 1170 1168 785
f 1156 1168 1170
f 686 1144 1132
f 1144 780 1146
f 1132 1146 777
f 1144 1146 1132
f 780 1143 1145
f 1143 674 930
f 1145 930 727
f 1143 930 1145
f 777 1134 1131
f 1134 727 929
f 1131 929 657
f 1134 929 1131
f 780 1145 1146
f 1145 727 1134
f 1146 1134 777
f 1145 1134 1146
f 687 1167 1178
f 1167 785 1182
f 1178 1182 787
f 1167 1182 1178
f 785 1166 1169
f 1166 674 1143
f 1169 1143 780
f 1166 1143 1169
f 787 1180 1177
f 1180 780 1144
f 1177 1144 686
f 1180 1144 1177
f 785 1169 1182
f 1169 780 1180
f 1182 1180 787
f 1169 1180 1182
f 658 915 973
f 915 724 975
f 973 975 740
f 915 975 973
f 724 916 983
f 916 673 981
f 983 981 742
f 916 981 983
f 740 985 974
f 985 742 982
f 974 982 678
f 985 982 974
f 724 983 975
f 983 742 985
f 975 985 740
f 983 985 975
f 673 913 938
f 913 723 940
f 938 940 731
f 913 940 938
f 723 912 935
f 912 652 933
f 935 933 729
f 912 933 935
f 731 941 939
f 941 729 934
f 939 934 675
f 941 934 939
f 723 935 940
f 935 729 941
f 940 941 731
f 935 941 940
f 678 992 978
f 992 744 995
f 978 995 741
f 992 995 978
f 744 991 993
f 991 675 937
f 993 937 730
f 991 937 993
f 741 979 977
f 979 730 936
f 977 936 659
f 979 936 977
f 744 993 995
f 993 730 979
f 995 979 741
f 993 979 995
f 673 938 981
f 938 731 984
f 981 984 742
f 938 984 981
f 731 939 994
f 939 675 991
f 994 991 744
f 939 991 994
f 742 996 982
f 996 744 992
f 982 992 678
f 996 992 982
f 731 994 984
f 994 744 996
f 984 996 742
f 994 996 984
f 654 1017 830
f 1017 750 1019
f 830 1019 700
f 1017 1019 830
f 750 1018 1026
f 1018 680 1024
f 1026 1024 752
f 1018 1024 1026
f 700 1025 831
f 1025 752 1023
f 831 1023 666
f 1025 1023 831
f 750 1026 1019
f 1026 752 1025
f 1019 1025 700
f 1026 1025 1019
f 680 1022 1047
f 1022 751 1049
f 1047 1049 758
f 1022 1049 1047
f 751 1021 1037
f 1021 660 1035
f 1037 1035 755
f 1021 1035 1037
f 758 1051 1048
f 1051 755 1036
f 1048 1036 681
f 1051 1036 1048
f 751 1037 1049
f 1037 755 1051
f 1049 1051 758
f 1037 1051 1049
f 666 1038 834
f 1038 756 1040
f 834 1040 701
f 1038 1040 834
f 756 1039 1042
f 1039 681 1032
f 1042 1032 754
f 1039 1032 1042
f 701 1033 833
f 1033 754 1031
f 833 1031 655
f 1033 1031 833
f 756 1042 1040
f 1042 754 1033
f 1040 1033 701
f 1042 1033 1040
f 680 1047 1024
f 1047 758 1050
f 1024 1050 752
f 1047 1050 1024
f 758 1048 1052
f 1048 681 1039
f 1052 1039 756
f 1048 1039 1052
f 752 1041 1023
f 1041 756 1038
f 1023 1038 666
f 1041 1038 1023
f 758 1052 1050
f 1052 756 1041
f 1050 1041 752
f 1052 1041 1050
f 654 830 819
f 830 700 832
f 819 832 696
f 830 832 819
f 700 831 840
f 831 666 837
f 840 837 702
f 831 837 840
f 696 838 820
f 838 702 836
f 820 836 664
f 838 836 820
f 700 840 832
f 840 702 838
f 832 838 696
f 840 838 832
f 666 834 842
f 834 701 845
f 842 845 703
f 834 845 842
f 701 833 835
f 833 655 824
f 835 824 698
f 833 824 835
f 703 843 841
f 843 698 825
f 841 825 665
f 843 825 841
f 701 835 845
f 835 698 843
f 845 843 703
f 835 843 845
f 664 826 818
f 826 699 828
f 818 828 695
f 826 828 818
f 699 827 829
f 827 665 822
f 829 822 697
f 827 822 829
f 695 823 817
f 823 697 821
f 817 821 653
f 823 821 817
f 699 829 828
f 829 697 823
f 828 823 695
f 829 823 828
f 666 842 837
f 842 703 846
f 837 846 702
f 842 846 837
f 703 841 844
f 841 665 827
f 844 827 699
f 841 827 844
f 702 839 836
f 839 699 826
f 836 826 664
f 839 826 836
f 703 844 846
f 844 699 839
f 846 839 702
f 844 839 846
f 654 819 886
f 819 696 888
f 886 888 716
f 819 888 886
f 696 820 894
f 820 664 892
f 894 892 718
f 820 892 894
f 716 896 887
f 896 718 893
f 887 893 671
f 896 893 887
f 696 894 888
f 894 718 896
f 888 896 716
f 894 896 888
f 664 818 882
f 818 695 884
f 882 884 715
f 818 884 882
f 695 817 879
f 817 653 877
f 879 877 713
f 817 877 879
f 715 885 883
f 885 713 878
f 883 878 670
f 885 878 883
f 695 879 884
f 879 713 885
f 884 885 715
f 879 885 884
f 671 898 890
f 898 719 901
f 890 901 717
f 898 901 890
f 719 897 899
f 897 670 881
f 899 881 714
f 897 881 899
f 717 891 889
f 891 714 880
f 889 880 657
f 891 880 889
f 719 899 901
f 899 714 891
f 901 891 717
f 899 891 901
f 664 882 892
f 882 715 895
f 892 895 718
f 882 895 892
f 715 883 900
f 883 670 897
f 900 897 719
f 883 897 900
f 718 902 893
f 902 719 898
f 893 898 671
f 902 898 893
f 715 900 895
f 900 719 902
f 895 902 718
f 900 902 895
f 654 886 942
f 886 716 944
f 942 944 732
f 886 944 942
f 716 887 949
f 887 671 947
f 949 947 734
f 887 947 949
f 732 950 943
f 950 734 948
f 943 948 676
f 950 948 943
f 716 949 944
f 949 734 950
f 944 950 732
f 949 950 944
f 671 890 958
f 890 717 960
f 958 960 737
f 890 960 958
f 717 889 953
f 889 657 951
f 953 951 735
f 889 951 953
f 737 962 959
f 962 735 952
f 959 952 677
f 962 952 959
f 717 953 960
f 953 735 962
f 960 962 737
f 953 962 960
f 676 967 946
f 967 739 969
f 946 969 733
f 967 969 946
f 739 968 971
f 968 677 956
f 971 956 736
f 968 956 971
f 733 957 945
f 957 736 955
f 945 955 659
f 957 955 945
f 739 971 969
f 971 736 957
f 969 957 733
f 971 957 969
f 671 958 947
f 958 737 961
f 947 961 734
f 958 961 947
f 737 959 972
f 959 677 968
f 972 968 739
f 959 968 972
f 734 970 948
f 970 739 967
f 948 967 676
f 970 967 948
f 737 972 961
f 972 739 970
f 961 970 734
f 972 970 961
f 654 942 1017
f 942 732 1020
f 1017 1020 750
f 942 1020 1017
f 732 943 1029
f 943 676 1027
f 1029 1027 753
f 943 1027 1029
f 750 1030 1018
f 1030 753 1028
f 1018 1028 680
f 1030 1028 1018
f 732 1029 1020
f 1029 753 1030
f 1020 1030 750
f 1029 1030 1020
f 676 946 1096
f 946 733 1098
f 1096 1098 768
f 946 1098 1096
f 733 945 1086
f 945 659 1083
f 1086 1083 765
f 945 1083 1086
f 768 1100 1097
f 1100 765 1084
f 1097 1084 683
f 1100 1084 1097
f 733 1086 1098
f 1086 765 1100
f 1098 1100 768
f 1086 1100 1098
f 680 1107 1022
f 1107 770 1109
f 1022 1109 751
f 1107 1109 1022
f 770 1108 1111
f 1108 683 1088
f 1111 1088 766
f 1108 1088 1111
f 751 1090 1021
f 1090 766 1087
f 1021 1087 660
f 1090 1087 1021
f 770 1111 1109
f 1111 766 1090
f 1109 1090 751
f 1111 1090 1109
f 676 1096 1027
f 1096 768 1099
f 1027 1099 753
f 1096 1099 1027
f 768 1097 1112
f 1097 683 1108
f 1112 1108 770
f 1097 1108 1112
f 753 1110 1028
f 1110 770 1107
f 1028 1107 680
f 1110 1107 1028
f 768 1112 1099
f 1112 770 1110
f 1099 1110 753
f 1112 1110 1099
f 655 1031 873
f 1031 754 1034
f 873 1034 711
f 1031 1034 873
f 754 1032 1046
f 1032 681 1044
f 1046 1044 757
f 1032 1044 1046
f 711 1045 874
f 1045 757 1043
f 874 1043 669
f 1045 1043 874
f 754 1046 1034
f 1046 757 1045
f 1034 1045 711
f 1046 1045 1034
f 681 1036 1077
f 1036 755 1079
f 1077 1079 764
f 1036 1079 1077
f 755 1035 1060
f 1035 660 1057
f 1060 1057 760
f 1035 1057 1060
f 764 1081 1078
f 1081 760 1058
f 1078 1058 682
f 1081 1058 1078
f 755 1060 1079
f 1060 760 1081
f 1079 1081 764
f 1060 1081 1079
f 669 1066 876
f 1066 762 1068
f 876 1068 712
f 1066 1068 876
f 762 1067 1070
f 1067 682 1054
f 1070 1054 759
f 1067 1054 1070
f 712 1056 875
f 1056 759 1053
f 875 1053 656
f 1056 1053 875
f 762 1070 1068
f 1070 759 1056
f 1068 1056 712
f 1070 1056 1068
f 681 1077 1044
f 1077 764 1080
f 1044 1080 757
f 1077 1080 1044
f 764 1078 1082
f 1078 682 1067
f 1082 1067 762
f 1078 1067 1082
f 757 1069 1043
f 1069 762 1066
f 1043 1066 669
f 1069 1066 1043
f 764 1082 1080
f 1082 762 1069
f 1080 1069 757
f 1082 1069 1080
f 653 821 1197
f 821 697 1199
f 1197 1199 792
f 821 1199 1197
f 697 822 1205
f 822 665 1203
f 1205 1203 794
f 822 1203 1205
f 792 1206 1198
f 1206 794 1204
f 1198 1204 689
f 1206 1204 1198
f 697 1205 1199
f 1205 794 1206
f 1199 1206 792
f 1205 1206 1199
f 665 825 1218
f 825 698 1220
f 1218 1220 798
f 825 1220 1218
f 698 824 1213
f 824 655 1211
f 1213 1211 796
f 824 1211 1213
f 798 1222 1219
f 1222 796 1212
f 1219 1212 690
f 1222 1212 1219
f 698 1213 1220
f 1213 796 1222
f 1220 1222 798
f 1213 1222 1220
f 689 1227 1202
f 1227 800 1229
f 1202 1229 793
f 1227 1229 1202
f 800 1228 1231
f 1228 690 1216
f 1231 1216 797
f 1228 1216 1231
f 793 1217 1201
f 1217 797 1215
f 1201 1215 662
f 1217 1215 1201
f 800 1231 1229
f 1231 797 1217
f 1229 1217 793
f 1231 1217 1229
f 665 1218 1203
f 1218 798 1221
f 1203 1221 794
f 1218 1221 1203
f 798 1219 1232
f 1219 690 1228
f 1232 1228 800
f 1219 1228 1232
f 794 1230 1204
f 1230 800 1227
f 1204 1227 689
f 1230 1227 1204
f 798 1232 1221
f 1232 800 1230
f 1221 1230 794
f 1232 1230 1221
f 657 880 1131
f 880 714 1133
f 1131 1133 777
f 880 1133 1131
f 714 881 1140
f 881 670 1138
f 1140 1138 779
f 881 1138 1140
f 777 1142 1132
f 1142 779 1139
f 1132 1139 686
f 1142 1139 1132
f 714 1140 1133
f 1140 779 1142
f 1133 1142 777
f 1140 1142 1133
f 670 878 1127
f 878 713 1129
f 1127 1129 776
f 878 1129 1127
f 713 877 1124
f 877 653 1122
f 1124 1122 774
f 877 1122 1124
f 776 1130 1128
f 1130 774 1123
f 1128 1123 685
f 1130 1123 1128
f 713 1124 1129
f 1124 774 1130
f 1129 1130 776
f 1124 1130 1129
f 686 1148 1136
f 1148 781 1151
f 1136 1151 778
f 1148 1151 1136
f 781 1147 1149
f 1147 685 1126
f 1149 1126 775
f 1147 1126 1149
f 778 1137 1135
f 1137 775 1125
f 1135 1125 661
f 1137 1125 1135
f 781 1149 1151
f 1149 775 1137
f 1151 1137 778
f 1149 1137 1151
f 670 1127 1138
f 1127 776 1141
f 1138 1141 779
f 1127 1141 1138
f 776 1128 1150
f 1128 685 1147
f 1150 1147 781
f 1128 1147 1150
f 779 1152 1139
f 1152 781 1148
f 1139 1148 686
f 1152 1148 1139
f 776 1150 1141
f 1150 781 1152
f 1141 1152 779
f 1150 1152 1141
f 659 955 977
f 955 736 980
f 977 980 741
f 955 980 977
f 736 956 999
f 956 677 997
f 999 997 745
f 956 997 999
f 741 1001 978
f 1001 745 998
f 978 998 678
f 1001 998 978
f 736 999 980
f 999 745 1001
f 980 1001 741
f 999 1001 980
f 677 952 964
f 952 735 966
f 964 966 738
f 952 966 964
f 735 951 954
f 951 657 929
f 954 929 727
f 951 929 954
f 738 965 963
f 965 727 930
f 963 930 674
f 965 930 963
f 735 954 966
f 954 727 965
f 966 965 738
f 954 965 966
f 678 987 974
f 987 743 990
f 974 990 740
f 987 990 974
f 743 986 988
f 986 674 932
f 988 932 728
f 986 932 988
f 740 976 973
f 976 728 931
f 973 931 658
f 976 931 973
f 743 988 990
f 988 728 976
f 990 976 740
f 988 976 990
f 677 964 997
f 964 738 1000
f 997 1000 745
f 964 1000 997
f 738 963 989
f 963 674 986
f 989 986 743
f 963 986 989
f 745 1002 998
f 1002 743 987
f 998 987 678
f 1002 987 998
f 738 989 1000
f 989 743 1002
f 1000 1002 745
f 989 1002 1000
f 660 1087 1007
f 1087 766 1089
f 1007 1089 747
f 1087 1089 1007
f 766 1088 1105
f 1088 683 1102
f 1105 1102 769
f 1088 1102 1105
f 747 1103 1008
f 1103 769 1101
f 1008 1101 679
f 1103 1101 1008
f 766 1105 1089
f 1105 769 1103
f 1089 1103 747
f 1105 1103 1089
f 683 1084 1092
f 1084 765 1095
f 1092 1095 767
f 1084 1095 1092
f 765 1083 1085
f 1083 659 936
f 1085 936 730
f 1083 936 1085
f 767 1093 1091
f 1093 730 937
f 1091 937 675
f 1093 937 1091
f 765 1085 1095
f 1085 730 1093
f 1095 1093 767
f 1085 1093 1095
f 679 1014 1004
f 1014 749 1016
f 1004 1016 746
f 1014 1016 1004
f 749 1013 1015
f 1013 675 934
f 1015 934 729
f 1013 934 1015
f 746 1006 1003
f 1006 729 933
f 1003 933 652
f 1006 933 1003
f 749 1015 1016
f 1015 729 1006
f 1016 1006 746
f 1015 1006 1016
f 683 1092 1102
f 1092 767 1106
f 1102 1106 769
f 1092 1106 1102
f 767 1091 1094
f 1091 675 1013
f 1094 1013 749
f 1091 1013 1094
f 769 1104 1101
f 1104 749 1014
f 1101 1014 679
f 1104 1014 1101
f 767 1094 1106
f 1094 749 1104
f 1106 1104 769
f 1094 1104 1106
f 1293 1825 1489
f 1825 1430 1827
f 1489 1827 1346
f 1825 1827 1489
f 1430 1826 1834
f 1826 1330 1832
f 1834 1832 1432
f 1826 1832 1834
f 1346 1833 1490
f 1833 1432 1831
f 1490 1831 1309
f 1833 1831 1490
f 1430 1834 1827
f 1834 1432 1833
f 1827 1833 1346
f 1834 1833 1827
f 1330 1830 1893
f 1830 1431 1895
f 1893 1895 1447
f 1830 1895 1893
f 1431 1829 1881
f 1829 1304 1879
f 1881 1879 1444
f 1829 1879 1881
f 1447 1897 1894
f 1897 1444 1880
f 1894 1880 1333
f 1897 1880 1894
f 1431 1881 1895
f 1881 1444 1897
f 1895 1897 1447
f 1881 1897 1895
f 1309 1883 1493
f 1883 1445 1885
f 1493 1885 1347
f 1883 1885 1493
f 1445 1884 1887
f 1884 1333 1876
f 1887 1876 1443
f 1884 1876 1887
f 1347 1877 1492
f 1877 1443 1875
f 1492 1875 1298
f 1877 1875 1492
f 1445 1887 1885
f 1887 1443 1877
f 1885 1877 1347
f 1887 1877 1885
f 1330 1893 1832
f 1893 1447 1896
f 1832 1896 1432
f 1893 1896 1832
f 1447 1894 1898
f 1894 1333 1884
f 1898 1884 1445
f 1894 1884 1898
f 1432 1886 1831
f 1886 1445 1883
f 1831 1883 1309
f 1886 1883 1831
f 1447 1898 1896
f 1898 1445 1886
f 1896 1886 1432
f 1898 1886 1896
f 1293 1489 1455
f 1489 1346 1491
f 1455 1491 1335
f 1489 1491 1455
f 1346 1490 1497
f 1490 1309 1495
f 1497 1495 1348
f 1490 1495 1497
f 1335 1496 1456
f 1496 1348 1494
f 1456 1494 1305
f 1496 1494 1456
f 1346 1497 1491
f 1497 1348 1496
f 1491 1496 1335
f 1497 1496 1491
f 1309 1493 1509
f 1493 1347 1511
f 1509 1511 1352
f 1493 1511 1509
f 1347 1492 1503
f 1492 1298 1501
f 1503 1501 1350
f 1492 1501 1503
f 1352 1513 1510
f 1513 1350 1502
f 1510 1502 1310
f 1513 1502 1510
f 1347 1503 1511
f 1503 1350 1513
f 1511 1513 1352
f 1503 1513 1511
f 1305 1504 1458
f 1504 1351 1506
f 1458 1506 1336
f 1504 1506 1458
f 1351 1505 1508
f 1505 1310 1499
f 1508 1499 1349
f 1505 1499 1508
f 1336 1500 1457
f 1500 1349 1498
f 1457 1498 1294
f 1500 1498 1457
f 1351 1508 1506
f 1508 1349 1500
f 1506 1500 1336
f 1508 1500 1506
f 1309 1509 1495
f 1509 1352 1512
f 1495 1512 1348
f 1509 1512 1495
f 1352 1510 1514
f 1510 1310 1505
f 1514 1505 1351
f 1510 1505 1514
f 1348 1507 1494
f 1507 1351 1504
f 1494 1504 1305
f 1507 1504 1494
f 1352 1514 1512
f 1514 1351 1507
f 1512 1507 1348
f 1514 1507 1512
f 1293 1455 1545
f 1455 1335 1547
f 1545 1547 1362
f 1455 1547 1545
f 1335 1456 1552
f 1456 1305 1550
f 1552 1550 1364
f 1456 1550 1552
f 1362 1553 1546
f 1553 1364 1551
f 1546 1551 1314
f 1553 1551 1546
f 1335 1552 1547
f 1552 1364 1553
f 1547 1553 1362
f 1552 1553 1547
f 1305 1458 1560
f 1458 1336 1562
f 1560 1562 1367
f 1458 1562 1560
f 1336 1457 1556
f 1457 1294 1554
f 1556 1554 1365
f 1457 1554 1556
f 1367 1564 1561
f 1564 1365 1555
f 1561 1555 1315
f 1564 1555 1561
f 1336 1556 1562
f 1556 1365 1564
f 1562 1564 1367
f 1556 1564 1562
f 1314 1565 1549
f 1565 1368 1567
f 1549 1567 1363
f 1565 1567 1549
f 1368 1566 1569
f 1566 1315 1558
f 1569 1558 1366
f 1566 1558 1569
f 1363 1559 1548
f 1559 1366 1557
f 1548 1557 1300
f 1559 1557 1548
f 1368 1569 1567
f 1569 1366 1559
f 1567 1559 1363
f 1569 1559 1567
f 1305 1560 1550
f 1560 1367 1563
f 1550 1563 1364
f 1560 1563 1550
f 1367 1561 1570
f 1561 1315 1566
f 1570 1566 1368
f 1561 1566 1570
f 1364 1568 1551
f 1568 1368 1565
f 1551 1565 1314
f 1568 1565 1551
f 1367 1570 1563
f 1570 1368 1568
f 1563 1568 1364
f 1570 1568 1563
f 1293 1545 1755
f 1545 1362 1757
f 1755 1757 1413
f 1545 1757 1755
f 1362 1546 1762
f 1546 1314 1760
f 1762 1760 1415
f 1546 1760 1762
f 1413 1763 1756
f 1763 1415 1761
f 1756 1761 1326
f 1763 1761 1756
f 1362 1762 1757
f 1762 1415 1763
f 1757 1763 1413
f 1762 1763 1757
f 1314 1549 1803
f 1549 1363 1805
f 1803 1805 1426
f 1549 1805 1803
f 1363 1548 1797
f 1548 1300 1795
f 1797 1795 1424
f 1548 1795 1797
f 1426 1807 1804
f 1807 1424 1796
f 1804 1796 1329
f 1807 1796 1804
f 1363 1797 1805
f 1797 1424 1807
f 1805 1807 1426
f 1797 1807 1805
f 1326 1813 1759
f 1813 1428 1815
f 1759 1815 1414
f 1813 1815 1759
f 1428 1814 1817
f 1814 1329 1800
f 1817 1800 1425
f 1814 1800 1817
f 1414 1801 1758
f 1801 1425 1799
f 1758 1799 1303
f 1801 1799 1758
f 1428 1817 1815
f 1817 1425 1801
f 1815 1801 1414
f 1817 1801 1815
f 1314 1803 1760
f 1803 1426 1806
f 1760 1806 1415
f 1803 1806 1760
f 1426 1804 1818
f 1804 1329 1814
f 1818 1814 1428
f 1804 1814 1818
f 1415 1816 1761
f 1816 1428 1813
f 1761 1813 1326
f 1816 1813 1761
f 1426 1818 1806
f 1818 1428 1816
f 1806 1816 1415
f 1818 1816 1806
f 1293 1755 1825
f 1755 1413 1828
f 1825 1828 1430
f 1755 1828 1825
f 1413 1756 1837
f 1756 1326 1835
f 1837 1835 1433
f 1756 1835 1837
f 1430 1838 1826
f 1838 1433 1836
f 1826 1836 1330
f 1838 1836 1826
f 1413 1837 1828
f 1837 1433 1838
f 1828 1838 1430
f 1837 1838 1828
f 1326 1759 1913
f 1759 1414 1915
f 1913 1915 1451
f 1759 1915 1913
f 1414 1758 1907
f 1758 1303 1905
f 1907 1905 1449
f 1758 1905 1907
f 1451 1917 1914
f 1917 1449 1906
f 1914 1906 1334
f 1917 1906 1914
f 1414 1907 1915
f 1907 1449 1917
f 1915 1917 1451
f 1907 1917 1915
f 1330 1923 1830
f 1923 1453 1925
f 1830 1925 1431
f 1923 1925 1830
f 1453 1924 1927
f 1924 1334 1910
f 1927 1910 1450
f 1924 1910 1927
f 1431 1911 1829
f 1911 1450 1909
f 1829 1909 1304
f 1911 1909 1829
f 1453 1927 1925
f 1927 1450 1911
f 1925 1911 1431
f 1927 1911 1925
f 1326 1913 1835
f 1913 1451 1916
f 1835 1916 1433
f 1913 1916 1835
f 1451 1914 1928
f 1914 1334 1924
f 1928 1924 1453
f 1914 1924 1928
f 1433 1926 1836
f 1926 1453 1923
f 1836 1923 1330
f 1926 1923 1836
f 1451 1928 1916
f 1928 1453 1926
f 1916 1926 1433
f 1928 1926 1916
f 1294 1498 1645
f 1498 1349 1647
f 1645 1647 1388
f 1498 1647 1645
f 1349 1499 1653
f 1499 1310 1651
f 1653 1651 1390
f 1499 1651 1653
f 1388 1654 1646
f 1654 1390 1652
f 1646 1652 1321
f 1654 1652 1646
f 1349 1653 1647
f 1653 1390 1654
f 1647 1654 1388
f 1653 1654 1647
f 1310 1502 1703
f 1502 1350 1705
f 1703 1705 1403
f 1502 1705 1703
f 1350 1501 1697
f 1501 1298 1695
f 1697 1695 1401
f 1501 1695 1697
f 1403 1707 1704
f 1707 1401 1696
f 1704 1696 1324
f 1707 1696 1704
f 1350 1697 1705
f 1697 1401 1707
f 1705 1707 1403
f 1697 1707 1705
f 1321 1713 1650
f 1713 1405 1715
f 1650 1715 1389
f 1713 1715 1650
f 1405 1714 1717
f 1714 1324 1700
f 1717 1700 1402
f 1714 1700 1717
f 1389 1701 1649
f 1701 1402 1699
f 1649 1699 1302
f 1701 1699 1649
f 1405 1717 1715
f 1717 1402 1701
f 1715 1701 1389
f 1717 1701 1715
f 1310 1703 1651
f 1703 1403 1706
f 1651 1706 1390
f 1703 1706 1651
f 1403 1704 1718
f 1704 1324 1714
f 1718 1714 1405
f 1704 1714 1718
f 1390 1716 1652
f 1716 1405 1713
f 1652 1713 1321
f 1716 1713 1652
f 1403 1718 1706
f 1718 1405 1716
f 1706 1716 1390
f 1718 1716 1706
f 1298 1875 1517
f 1875 1443 1878
f 1517 1878 1354
f 1875 1878 1517
f 1443 1876 1892
f 1876 1333 1889
f 1892 1889 1446
f 1876 1889 1892
f 1354 1890 1518
f 1890 1446 1888
f 1518 1888 1311
f 1890 1888 1518
f 1443 1892 1878
f 1892 1446 1890
f 1878 1890 1354
f 1892 1890 1878
f 1333 1880 1900
f 1880 1444 1903
f 1900 1903 1448
f 1880 1903 1900
f 1444 1879 1882
f 1879 1304 1857
f 1882 1857 1439
f 1879 1857 1882
f 1448 1901 1899
f 1901 1439 1858
f 1899 1858 1332
f 1901 1858 1899
f 1444 1882 1903
f 1882 1439 1901
f 1903 1901 1448
f 1882 1901 1903
f 1311 1865 1516
f 1865 1441 1867
f 1516 1867 1353
f 1865 1867 1516
f 1441 1866 1868
f 1866 1332 1854
f 1868 1854 1438
f 1866 1854 1868
f 1353 1856 1515
f 1856 1438 1853
f 1515 1853 1297
f 1856 1853 1515
f 1441 1868 1867
f 1868 1438 1856
f 1867 1856 1353
f 1868 1856 1867
f 1333 1900 1889
f 1900 1448 1904
f 1889 1904 1446
f 1900 1904 1889
f 1448 1899 1902
f 1899 1332 1866
f 1902 1866 1441
f 1899 1866 1902
f 1446 1891 1888
f 1891 1441 1865
f 1888 1865 1311
f 1891 1865 1888
f 1448 1902 1904
f 1902 1441 1891
f 1904 1891 1446
f 1902 1891 1904
f 1304 1909 1843
f 1909 1450 1912
f 1843 1912 1435
f 1909 1912 1843
f 1450 1910 1933
f 1910 1334 1930
f 1933 1930 1454
f 1910 1930 1933
f 1435 1931 1844
f 1931 1454 1929
f 1844 1929 1331
f 1931 1929 1844
f 1450 1933 1912
f 1933 1454 1931
f 1912 1931 1435
f 1933 1931 1912
f 1334 1906 1919
f 1906 1449 1922
f 1919 1922 1452
f 1906 1922 1919
f 1449 1905 1908
f 1905 1303 1767
f 1908 1767 1417
f 1905 1767 1908
f 1452 1920 1918
f 1920 1417 1768
f 1918 1768 1327
f 1920 1768 1918
f 1449 1908 1922
f 1908 1417 1920
f 1922 1920 1452
f 1908 1920 1922
f 1331 1850 1840
f 1850 1437 1852
f 1840 1852 1434
f 1850 1852 1840
f 1437 1849 1851
f 1849 1327 1765
f 1851 1765 1416
f 1849 1765 1851
f 1434 1842 1839
f 1842 1416 1764
f 1839 1764 1295
f 1842 1764 1839
f 1437 1851 1852
f 1851 1416 1842
f 1852 1842 1434
f 1851 1842 1852
f 1334 1919 1930
f 1919 1452 1934
f 1930 1934 1454
f 1919 1934 1930
f 1452 1918 1921
f 1918 1327 1849
f 1921 1849 1437
f 1918 1849 1921
f 1454 1932 1929
f 1932 1437 1850
f 1929 1850 1331
f 1932 1850 1929
f 1452 1921 1934
f 1921 1437 1932
f 1934 1932 1454
f 1921 1932 1934
f 1303 1799 1777
f 1799 1425 1802
f 1777 1802 1420
f 1799 1802 1777
f 1425 1800 1823
f 1800 1329 1820
f 1823 1820 1429
f 1800 1820 1823
f 1420 1821 1778
f 1821 1429 1819
f 1778 1819 1328
f 1821 1819 1778
f 1425 1823 1802
f 1823 1429 1821
f 1802 1821 1420
f 1823 1821 1802
f 1329 1796 1809
f 1796 1424 1812
f 1809 1812 1427
f 1796 1812 1809
f 1424 1795 1798
f 1795 1300 1573
f 1798 1573 1370
f 1795 1573 1798
f 1427 1810 1808
f 1810 1370 1574
f 1808 1574 1316
f 1810 1574 1808
f 1424 1798 1812
f 1798 1370 1810
f 1812 1810 1427
f 1798 1810 1812
f 1328 1786 1774
f 1786 1422 1788
f 1774 1788 1419
f 1786 1788 1774
f 1422 1785 1787
f 1785 1316 1572
f 1787 1572 1369
f 1785 1572 1787
f 1419 1776 1773
f 1776 1369 1571
f 1773 1571 1299
f 1776 1571 1773
f 1422 1787 1788
f 1787 1369 1776
f 1788 1776 1419
f 1787 1776 1788
f 1329 1809 1820
f 1809 1427 1824
f 1820 1824 1429
f 1809 1824 1820
f 1427 1808 1811
f 1808 1316 1785
f 1811 1785 1422
f 1808 1785 1811
f 1429 1822 1819
f 1822 1422 1786
f 1819 1786 1328
f 1822 1786 1819
f 1427 1811 1824
f 1811 1422 1822
f 1824 1822 1429
f 1811 1822 1824
f 1300 1557 1615
f 1557 1366 1617
f 1615 1617 1382
f 1557 1617 1615
f 1366 1558 1625
f 1558 1315 1623
f 1625 1623 1384
f 1558 1623 1625
f 1382 1627 1616
f 1627 1384 1624
f 1616 1624 1320
f 1627 1624 1616
f 1366 1625 1617
f 1625 1384 1627
f 1617 1627 1382
f 1625 1627 1617
f 1315 1555 1580
f 1555 1365 1582
f 1580 1582 1373
f 1555 1582 1580
f 1365 1554 1577
f 1554 1294 1575
f 1577 1575 1371
f 1554 1575 1577
f 1373 1583 1581
f 1583 1371 1576
f 1581 1576 1317
f 1583 1576 1581
f 1365 1577 1582
f 1577 1371 1583
f 1582 1583 1373
f 1577 1583 1582
f 1320 1634 1620
f 1634 1386 1637
f 1620 1637 1383
f 1634 1637 1620
f 1386 1633 1635
f 1633 1317 1579
f 1635 1579 1372
f 1633 1579 1635
f 1383 1621 1619
f 1621 1372 1578
f 1619 1578 1301
f 1621 1578 1619
f 1386 1635 1637
f 1635 1372 1621
f 1637 1621 1383
f 1635 1621 1637
f 1315 1580 1623
f 1580 1373 1626
f 1623 1626 1384
f 1580 1626 1623
f 1373 1581 1636
f 1581 1317 1633
f 1636 1633 1386
f 1581 1633 1636
f 1384 1638 1624
f 1638 1386 1634
f 1624 1634 1320
f 1638 1634 1624
f 1373 1636 1626
f 1636 1386 1638
f 1626 1638 1384
f 1636 1638 1626
f 1296 1659 1472
f 1659 1392 1661
f 1472 1661 1342
f 1659 1661 1472
f 1392 1660 1668
f 1660 1322 1666
f 1668 1666 1394
f 1660 1666 1668
f 1342 1667 1473
f 1667 1394 1665
f 1473 1665 1308
f 1667 1665 1473
f 1392 1668 1661
f 1668 1394 1667
f 1661 1667 1342
f 1668 1667 1661
f 1322 1664 1689
f 1664 1393 1691
f 1689 1691 1400
f 1664 1691 1689
f 1393 1663 1679
f 1663 1302 1677
f 1679 1677 1397
f 1663 1677 1679
f 1400 1693 1690
f 1693 1397 1678
f 1690 1678 1323
f 1693 1678 1690
f 1393 1679 1691
f 1679 1397 1693
f 1691 1693 1400
f 1679 1693 1691
f 1308 1680 1476
f 1680 1398 1682
f 1476 1682 1343
f 1680 1682 1476
f 1398 1681 1684
f 1681 1323 1674
f 1684 1674 1396
f 1681 1674 1684
f 1343 1675 1475
f 1675 1396 1673
f 1475 1673 1297
f 1675 1673 1475
f 1398 1684 1682
f 1684 1396 1675
f 1682 1675 1343
f 1684 1675 1682
f 1322 1689 1666
f 1689 1400 1692
f 1666 1692 1394
f 1689 1692 1666
f 1400 1690 1694
f 1690 1323 1681
f 1694 1681 1398
f 1690 1681 1694
f 1394 1683 1665
f 1683 1398 1680
f 1665 1680 1308
f 1683 1680 1665
f 1400 1694 1692
f 1694 1398 1683
f 1692 1683 1394
f 1694 1683 1692
f 1296 1472 1461
f 1472 1342 1474
f 1461 1474 1338
f 1472 1474 1461
f 1342 1473 1482
f 1473 1308 1479
f 1482 1479 1344
f 1473 1479 1482
f 1338 1480 1462
f 1480 1344 1478
f 1462 1478 1306
f 1480 1478 1462
f 1342 1482 1474
f 1482 1344 1480
f 1474 1480 1338
f 1482 1480 1474
f 1308 1476 1484
f 1476 1343 1487
f 1484 1487 1345
f 1476 1487 1484
f 1343 1475 1477
f 1475 1297 1466
f 1477 1466 1340
f 1475 1466 1477
f 1345 1485 1483
f 1485 1340 1467
f 1483 1467 1307
f 1485 1467 1483
f 1343 1477 1487
f 1477 1340 1485
f 1487 1485 1345
f 1477 1485 1487
f 1306 1468 1460
f 1468 1341 1470
f 1460 1470 1337
f 1468 1470 1460
f 1341 1469 1471
f 1469 1307 1464
f 1471 1464 1339
f 1469 1464 1471
f 1337 1465 1459
f 1465 1339 1463
f 1459 1463 1295
f 1465 1463 1459
f 1341 1471 1470
f 1471 1339 1465
f 1470 1465 1337
f 1471 1465 1470
f 1308 1484 1479
f 1484 1345 1488
f 1479 1488 1344
f 1484 1488 1479
f 1345 1483 1486
f 1483 1307 1469
f 1486 1469 1341
f 1483 1469 1486
f 1344 1481 1478
f 1481 1341 1468
f 1478 1468 1306
f 1481 1468 1478
f 1345 1486 1488
f 1486 1341 1481
f 1488 1481 1344
f 1486 1481 1488
f 1296 1461 1528
f 1461 1338 1530
f 1528 1530 1358
f 1461 1530 1528
f 1338 1462 1536
f 1462 1306 1534
f 1536 1534 1360
f 1462 1534 1536
f 1358 1538 1529
f 1538 1360 1535
f 1529 1535 1313
f 1538 1535 1529
f 1338 1536 1530
f 1536 1360 1538
f 1530 1538 1358
f 1536 1538 1530
f 1306 1460 1524
f 1460 1337 1526
f 1524 1526 1357
f 1460 1526 1524
f 1337 1459 1521
f 1459 1295 1519
f 1521 1519 1355
f 1459 1519 1521
f 1357 1527 1525
f 1527 1355 1520
f 1525 1520 1312
f 1527 1520 1525
f 1337 1521 1526
f 1521 1355 1527
f 1526 1527 1357
f 1521 1527 1526
f 1313 1540 1532
f 1540 1361 1543
f 1532 1543 1359
f 1540 1543 1532
f 1361 1539 1541
f 1539 1312 1523
f 1541 1523 1356
f 1539 1523 1541
f 1359 1533 1531
f 1533 1356 1522
f 1531 1522 1299
f 1533 1522 1531
f 1361 1541 1543
f 1541 1356 1533
f 1543 1533 1359
f 1541 1533 1543
f 1306 1524 1534
f 1524 1357 1537
f 1534 1537 1360
f 1524 1537 1534
f 1357 1525 1542
f 1525 1312 1539
f 1542 1539 1361
f 1525 1539 1542
f 1360 1544 1535
f 1544 1361 1540
f 1535 1540 1313
f 1544 1540 1535
f 1357 1542 1537
f 1542 1361 1544
f 1537 1544 1360
f 1542 1544 1537
f 1296 1528 1584
f 1528 1358 1586
f 1584 1586 1374
f 1528 1586 1584
f 1358 1529 1591
f 1529 1313 1589
f 1591 1589 1376
f 1529 1589 1591
f 1374 1592 1585
f 1592 1376 1590
f 1585 1590 1318
f 1592 1590 1585
f 1358 1591 1586
f 1591 1376 1592
f 1586 1592 1374
f 1591 1592 1586
f 1313 1532 1600
f 1532 1359 1602
f 1600 1602 1379
f 1532 1602 1600
f 1359 1531 1595
f 1531 1299 1593
f 1595 1593 1377
f 1531 1593 1595
f 1379 1604 1601
f 1604 1377 1594
f 1601 1594 1319
f 1604 1594 1601
f 1359 1595 1602
f 1595 1377 1604
f 1602 1604 1379
f 1595 1604 1602
f 1318 1609 1588
f 1609 1381 1611
f 1588 1611 1375
f 1609 1611 1588
f 1381 1610 1613
f 1610 1319 1598
f 1613 1598 1378
f 1610 1598 1613
f 1375 1599 1587
f 1599 1378 1597
f 1587 1597 1301
f 1599 1597 1587
f 1381 1613 1611
f 1613 1378 1599
f 1611 1599 1375
f 1613 1599 1611
f 1313 1600 1589
f 1600 1379 1603
f 1589 1603 1376
f 1600 1603 1589
f 1379 1601 1614
f 1601 1319 1610
f 1614 1610 1381
f 1601 1610 1614
f 1376 1612 1590
f 1612 1381 1609
f 1590 1609 1318
f 1612 1609 1590
f 1379 1614 1603
f 1614 1381 1612
f 1603 1612 1376
f 1614 1612 1603
f 1296 1584 1659
f 1584 1374 1662
f 1659 1662 1392
f 1584 1662 1659
f 1374 1585 1671
f 1585 1318 1669
f 1671 1669 1395
f 1585 1669 1671
f 1392 1672 1660
f 1672 1395 1670
f 1660 1670 1322
f 1672 1670 1660
f 1374 1671 1662
f 1671 1395 1672
f 1662 1672 1392
f 1671 1672 1662
f 1318 1588 1738
f 1588 1375 1740
f 1738 1740 1410
f 1588 1740 1738
f 1375 1587 1728
f 1587 1301 1725
f 1728 1725 1407
f 1587 1725 1728
f 1410 1742 1739
f 1742 1407 1726
f 1739 1726 1325
f 1742 1726 1739
f 1375 1728 1740
f 1728 1407 1742
f 1740 1742 1410
f 1728 1742 1740
f 1322 1749 1664
f 1749 1412 1751
f 1664 1751 1393
f 1749 1751 1664
f 1412 1750 1753
f 1750 1325 1730
f 1753 1730 1408
f 1750 1730 1753
f 1393 1732 1663
f 1732 1408 1729
f 1663 1729 1302
f 1732 1729 1663
f 1412 1753 1751
f 1753 1408 1732
f 1751 1732 1393
f 1753 1732 1751
f 1318 1738 1669
f 1738 1410 1741
f 1669 1741 1395
f 1738 1741 1669
f 1410 1739 1754
f 1739 1325 1750
f 1754 1750 1412
f 1739 1750 1754
f 1395 1752 1670
f 1752 1412 1749
f 1670 1749 1322
f 1752 1749 1670
f 1410 1754 1741
f 1754 1412 1752
f 1741 1752 1395
f 1754 1752 1741
f 1297 1673 1515
f 1673 1396 1676
f 1515 1676 1353
f 1673 1676 1515
f 1396 1674 1688
f 1674 1323 1686
f 1688 1686 1399
f 1674 1686 1688
f 1353 1687 1516
f 1687 1399 1685
f 1516 1685 1311
f 1687 1685 1516
f 1396 1688 1676
f 1688 1399 1687
f 1676 1687 1353
f 1688 1687 1676
f 1323 1678 1719
f 1678 1397 1721
f 1719 1721 1406
f 1678 1721 1719
f 1397 1677 1702
f 1677 1302 1699
f 1702 1699 1402
f 1677 1699 1702
f 1406 1723 1720
f 1723 1402 1700
f 1720 1700 1324
f 1723 1700 1720
f 1397 1702 1721
f 1702 1402 1723
f 1721 1723 1406
f 1702 1723 1721
f 1311 1708 1518
f 1708 1404 1710
f 1518 1710 1354
f 1708 1710 1518
f 1404 1709 1712
f 1709 1324 1696
f 1712 1696 1401
f 1709 1696 1712
f 1354 1698 1517
f 1698 1401 1695
f 1517 1695 1298
f 1698 1695 1517
f 1404 1712 1710
f 1712 1401 1698
f 1710 1698 1354
f 1712 1698 1710
f 1323 1719 1686
f 1719 1406 1722
f 1686 1722 1399
f 1719 1722 1686
f 1406 1720 1724
f 1720 1324 1709
f 1724 1709 1404
f 1720 1709 1724
f 1399 1711 1685
f 1711 1404 1708
f 1685 1708 1311
f 1711 1708 1685
f 1406 1724 1722
f 1724 1404 1711
f 1722 1711 1399
f 1724 1711 1722
f 1295 1463 1839
f 1463 1339 1841
f 1839 1841 1434
f 1463 1841 1839
f 1339 1464 1847
f 1464 1307 1845
f 1847 1845 1436
f 1464 1845 1847
f 1434 1848 1840
f 1848 1436 1846
f 1840 1846 1331
f 1848 1846 1840
f 1339 1847 1841
f 1847 1436 1848
f 1841 1848 1434
f 1847 1848 1841
f 1307 1467 1860
f 1467 1340 1862
f 1860 1862 1440
f 1467 1862 1860
f 1340 1466 1855
f 1466 1297 1853
f 1855 1853 1438
f 1466 1853 1855
f 1440 1864 1861
f 1864 1438 1854
f 1861 1854 1332
f 1864 1854 1861
f 1340 1855 1862
f 1855 1438 1864
f 1862 1864 1440
f 1855 1864 1862
f 1331 1869 1844
f 1869 1442 1871
f 1844 1871 1435
f 1869 1871 1844
f 1442 1870 1873
f 1870 1332 1858
f 1873 1858 1439
f 1870 1858 1873
f 1435 1859 1843
f 1859 1439 1857
f 1843 1857 1304
f 1859 1857 1843
f 1442 1873 1871
f 1873 1439 1859
f 1871 1859 1435
f 1873 1859 1871
f 1307 1860 1845
f 1860 1440 1863
f 1845 1863 1436
f 1860 1863 1845
f 1440 1861 1874
f 1861 1332 1870
f 1874 1870 1442
f 1861 1870 1874
f 1436 1872 1846
f 1872 1442 1869
f 1846 1869 1331
f 1872 1869 1846
f 1440 1874 1863
f 1874 1442 1872
f 1863 1872 1436
f 1874 1872 1863
f 1299 1522 1773
f 1522 1356 1775
f 1773 1775 1419
f 1522 1775 1773
f 1356 1523 1782
f 1523 1312 1780
f 1782 1780 1421
f 1523 1780 1782
f 1419 1784 1774
f 1784 1421 1781
f 1774 1781 1328
f 1784 1781 1774
f 1356 1782 1775
f 1782 1421 1784
f 1775 1784 1419
f 1782 1784 1775
f 1312 1520 1769
f 1520 1355 1771
f 1769 1771 1418
f 1520 1771 1769
f 1355 1519 1766
f 1519 1295 1764
f 1766 1764 1416
f 1519 1764 1766
f 1418 1772 1770
f 1772 1416 1765
f 1770 1765 1327
f 1772 1765 1770
f 1355 1766 1771
f 1766 1416 1772
f 1771 1772 1418
f 1766 1772 1771
f 1328 1790 1778
f 1790 1423 1793
f 1778 1793 1420
f 1790 1793 1778
f 1423 1789 1791
f 1789 1327 1768
f 1791 1768 1417
f 1789 1768 1791
f 1420 1779 1777
f 1779 1417 1767
f 1777 1767 1303
f 1779 1767 1777
f 1423 1791 1793
f 1791 1417 1779
f 1793 1779 1420
f 1791 1779 1793
f 1312 1769 1780
f 1769 1418 1783
f 1780 1783 1421
f 1769 1783 1780
f 1418 1770 1792
f 1770 1327 1789
f 1792 1789 1423
f 1770 1789 1792
f 1421 1794 1781
f 1794 1423 1790
f 1781 1790 1328
f 1794 1790 1781
f 1418 1792 1783
f 1792 1423 1794
f 1783 1794 1421
f 1792 1794 1783
f 1301 1597 1619
f 1597 1378 1622
f 1619 1622 1383
f 1597 1622 1619
f 1378 1598 1641
f 1598 1319 1639
f 1641 1639 1387
f 1598 1639 1641
f 1383 1643 1620
f 1643 1387 1640
f 1620 1640 1320
f 1643 1640 1620
f 1378 1641 1622
f 1641 1387 1643
f 1622 1643 1383
f 1641 1643 1622
f 1319 1594 1606
f 1594 1377 1608
f 1606 1608 1380
f 1594 1608 1606
f 1377 1593 1596
f 1593 1299 1571
f 1596 1571 1369
f 1593 1571 1596
f 1380 1607 1605
f 1607 1369 1572
f 1605 1572 1316
f 1607 1572 1605
f 1377 1596 1608
f 1596 1369 1607
f 1608 1607 1380
f 1596 1607 1608
f 1320 1629 1616
f 1629 1385 1632
f 1616 1632 1382
f 1629 1632 1616
f 1385 1628 1630
f 1628 1316 1574
f 1630 1574 1370
f 1628 1574 1630
f 1382 1618 1615
f 1618 1370 1573
f 1615 1573 1300
f 1618 1573 1615
f 1385 1630 1632
f 1630 1370 1618
f 1632 1618 1382
f 1630 1618 1632
f 1319 1606 1639
f 1606 1380 1642
f 1639 1642 1387
f 1606 1642 1639
f 1380 1605 1631
f 1605 1316 1628
f 1631 1628 1385
f 1605 1628 1631
f 1387 1644 1640
f 1644 1385 1629
f 1640 1629 1320
f 1644 1629 1640
f 1380 1631 1642
f 1631 1385 1644
f 1642 1644 1387
f 1631 1644 1642
f 1302 1729 1649
f 1729 1408 1731
f 1649 1731 1389
f 1729 1731 1649
f 1408 1730 1747
f 1730 1325 1744
f 1747 1744 1411
f 1730 1744 1747
f 1389 1745 1650
f 1745 1411 1743
f 1650 1743 1321
f 1745 1743 1650
f 1408 1747 1731
f 1747 1411 1745
f 1731 1745 1389
f 1747 1745 1731
f 1325 1726 1734
f 1726 1407 1737
f 1734 1737 1409
f 1726 1737 1734
f 1407 1725 1727
f 1725 1301 1578
f 1727 1578 1372
f 1725 1578 1727
f 1409 1735 1733
f 1735 1372 1579
f 1733 1579 1317
f 1735 1579 1733
f 1407 1727 1737
f 1727 1372 1735
f 1737 1735 1409
f 1727 1735 1737
f 1321 1656 1646
f 1656 1391 1658
f 1646 1658 1388
f 1656 1658 1646
f 1391 1655 1657
f 1655 1317 1576
f 1657 1576 1371
f 1655 1576 1657
f 1388 1648 1645
f 1648 1371 1575
f 1645 1575 1294
f 1648 1575 1645
f 1391 1657 1658
f 1657 1371 1648
f 1658 1648 1388
f 1657 1648 1658
f 1325 1734 1744
f 1734 1409 1748
f 1744 1748 1411
f 1734 1748 1744
f 1409 1733 1736
f 1733 1317 1655
f 1736 1655 1391
f 1733 1655 1736
f 1411 1746 1743
f 1746 1391 1656
f 1743 1656 1321
f 1746 1656 1743
f 1409 1736 1748
f 1736 1391 1746
f 1748 1746 1411
f 1736 1746 1748
f 1935 2467 2131
f 2467 2072 2469
f 2131 2469 1988
f 2467 2469 2131
f 2072 2468 2476
f 2468 1972 2474
f 2476 2474 2074
f 2468 2474 2476
f 1988 2475 2132
f 2475 2074 2473
f 2132 2473 1951
f 2475 2473 2132
f 2072 2476 2469
f 2476 2074 2475
f 2469 2475 1988
f 2476 2475 2469
f 1972 2472 2535
f 2472 2073 2537
f 2535 2537 2089
f 2472 2537 2535
f 2073 2471 2523
f 2471 1946 2521
f 2523 2521 2086
f 2471 2521 2523
f 2089 2539 2536
f 2539 2086 2522
f 2536 2522 1975
f 2539 2522 2536
f 2073 2523 2537
f 2523 2086 2539
f 2537 2539 2089
f 2523 2539 2537
f 1951 2525 2135
f 2525 2087 2527
f 2135 2527 1989
f 2525 2527 2135
f 2087 2526 2529
f 2526 1975 2518
f 2529 2518 2085
f 2526 2518 2529
f 1989 2519 2134
f 2519 2085 2517
f 2134 2517 1940
f 2519 2517 2134
f 2087 2529 2527
f 2529 2085 2519
f 2527 2519 1989
f 2529 2519 2527
f 1972 2535 2474
f 2535 2089 2538
f 2474 2538 2074
f 2535 2538 2474
f 2089 2536 2540
f 2536 1975 2526
f 2540 2526 2087
f 2536 2526 2540
f 2074 2528 2473
f 2528 2087 2525
f 2473 2525 1951
f 2528 2525 2473
f 2089 2540 2538
f 2540 2087 2528
f 2538 2528 2074
f 2540 2528 2538
f 1935 2131 2097
f 2131 1988 2133
f 2097 2133 1977
f 2131 2133 2097
f 1988 2132 2139
f 2132 1951 2137
f 2139 2137 1990
f 2132 2137 2139
f 1977 2138 2098
f 2138 1990 2136
f 2098 2136 1947
f 2138 2136 2098
f 1988 2139 2133
f 2139 1990 2138
f 2133 2138 1977
f 2139 2138 2133
f 1951 2135 2151
f 2135 1989 2153
f 2151 2153 1994
f 2135 2153 2151
f 1989 2134 2145
f 2134 1940 2143
f 2145 2143 1992
f 2134 2143 2145
f 1994 2155 2152
f 2155 1992 2144
f 2152 2144 1952
f 2155 2144 2152
f 1989 2145 2153
f 2145 1992 2155
f 2153 2155 1994
f 2145 2155 2153
f 1947 2146 2100
f 2146 1993 2148
f 2100 2148 1978
f 2146 2148 2100
f 1993 2147 2150
f 2147 1952 2141
f 2150 2141 1991
f 2147 2141 2150
f 1978 2142 2099
f 2142 1991 2140
f 2099 2140 1936
f 2142 2140 2099
f 1993 2150 2148
f 2150 1991 2142
f 2148 2142 1978
f 2150 2142 2148
f 1951 2151 2137
f 2151 1994 2154
f 2137 2154 1990
f 2151 2154 2137
f 1994 2152 2156
f 2152 1952 2147
f 2156 2147 1993
f 2152 2147 2156
f 1990 2149 2136
f 2149 1993 2146
f 2136 2146 1947
f 2149 2146 2136
f 1994 2156 2154
f 2156 1993 2149
f 2154 2149 1990
f 2156 2149 2154
f 1935 2097 2187
f 2097 1977 2189
f 2187 2189 2004
f 2097 2189 2187
f 1977 2098 2194
f 2098 1947 2192
f 2194 2192 2006
f 2098 2192 2194
f 2004 2195 2188
f 2195 2006 2193
f 2188 2193 1956
f 2195 2193 2188
f 1977 2194 2189
f 2194 2006 2195
f 2189 2195 2004
f 2194 2195 2189
f 1947 2100 2202
f 2100 1978 2204
f 2202 2204 2009
f 2100 2204 2202
f 1978 2099 2198
f 2099 1936 2196
f 2198 2196 2007
f 2099 2196 2198
f 2009 2206 2203
f 2206 2007 2197
f 2203 2197 1957
f 2206 2197 2203
f 1978 2198 2204
f 2198 2007 2206
f 2204 2206 2009
f 2198 2206 2204
f 1956 2207 2191
f 2207 2010 2209
f 2191 2209 2005
f 2207 2209 2191
f 2010 2208 2211
f 2208 1957 2200
f 2211 2200 2008
f 2208 2200 2211
f 2005 2201 2190
f 2201 2008 2199
f 2190 2199 1942
f 2201 2199 2190
f 2010 2211 2209
f 2211 2008 2201
f 2209 2201 2005
f 2211 2201 2209
f 1947 2202 2192
f 2202 2009 2205
f 2192 2205 2006
f 2202 2205 2192
f 2009 2203 2212
f 2203 1957 2208
f 2212 2208 2010
f 2203 2208 2212
f 2006 2210 2193
f 2210 2010 2207
f 2193 2207 1956
f 2210 2207 2193
f 2009 2212 2205
f 2212 2010 2210
f 2205 2210 2006
f 2212 2210 2205
f 1935 2187 2397
f 2187 2004 2399
f 2397 2399 2055
f 2187 2399 2397
f 2004 2188 2404
f 2188 1956 2402
f 2404 2402 2057
f 2188 2402 2404
f 2055 2405 2398
f 2405 2057 2403
f 2398 2403 1968
f 2405 2403 2398
f 2004 2404 2399
f 2404 2057 2405
f 2399 2405 2055
f 2404 2405 2399
f 1956 2191 2445
f 2191 2005 2447
f 2445 2447 2068
f 2191 2447 2445
f 2005 2190 2439
f 2190 1942 2437
f 2439 2437 2066
f 2190 2437 2439
f 2068 2449 2446
f 2449 2066 2438
f 2446 2438 1971
f 2449 2438 2446
f 2005 2439 2447
f 2439 2066 2449
f 2447 2449 2068
f 2439 2449 2447
f 1968 2455 2401
f 2455 2070 2457
f 2401 2457 2056
f 2455 2457 2401
f 2070 2456 2459
f 2456 1971 2442
f 2459 2442 2067
f 2456 2442 2459
f 2056 2443 2400
f 2443 2067 2441
f 2400 2441 1945
f 2443 2441 2400
f 2070 2459 2457
f 2459 2067 2443
f 2457 2443 2056
f 2459 2443 2457
f 1956 2445 2402
f 2445 2068 2448
f 2402 2448 2057
f 2445 2448 2402
f 2068 2446 2460
f 2446 1971 2456
f 2460 2456 2070
f 2446 2456 2460
f 2057 2458 2403
f 2458 2070 2455
f 2403 2455 1968
f 2458 2455 2403
f 2068 2460 2448
f 2460 2070 2458
f 2448 2458 2057
f 2460 2458 2448
f 1935 2397 2467
f 2397 2055 2470
f 2467 2470 2072
f 2397 2470 2467
f 2055 2398 2479
f 2398 1968 2477
f 2479 2477 2075
f 2398 2477 2479
f 2072 2480 2468
f 2480 2075 2478
f 2468 2478 1972
f 2480 2478 2468
f 2055 2479 2470
f 2479 2075 2480
f 2470 2480 2072
f 2479 2480 2470
f 1968 2401 2555
f 2401 2056 2557
f 2555 2557 2093
f 2401 2557 2555
f 2056 2400 2549
f 2400 1945 2547
f 2549 2547 2091
f 2400 2547 2549
f 2093 2559 2556
f 2559 2091 2548
f 2556 2548 1976
f 2559 2548 2556
f 2056 2549 2557
f 2549 2091 2559
f 2557 2559 2093
f 2549 2559 2557
f 1972 2565 2472
f 2565 2095 2567
f 2472 2567 2073
f 2565 2567 2472
f 2095 2566 2569
f 2566 1976 2552
f 2569 2552 2092
f 2566 2552 2569
f 2073 2553 2471
f 2553 2092 2551
f 2471 2551 1946
f 2553 2551 2471
f 2095 2569 2567
f 2569 2092 2553
f 2567 2553 2073
f 2569 2553 2567
f 1968 2555 2477
f 2555 2093 2558
f 2477 2558 2075
f 2555 2558 2477
f 2093 2556 2570
f 2556 1976 2566
f 2570 2566 2095
f 2556 2566 2570
f 2075 2568 2478
f 2568 2095 2565
f 2478 2565 1972
f 2568 2565 2478
f 2093 2570 2558
f 2570 2095 2568
f 2558 2568 2075
f 2570 2568 2558
f 1936 2140 2287
f 2140 1991 2289
f 2287 2289 2030
f 2140 2289 2287
f 1991 2141 2295
f 2141 1952 2293
f 2295 2293 2032
f 2141 2293 2295
f 2030 2296 2288
f 2296 2032 2294
f 2288 2294 1963
f 2296 2294 2288
f 1991 2295 2289
f 2295 2032 2296
f 2289 2296 2030
f 2295 2296 2289
f 1952 2144 2345
f 2144 1992 2347
f 2345 2347 2045
f 2144 2347 2345
f 1992 2143 2339
f 2143 1940 2337
f 2339 2337 2043
f 2143 2337 2339
f 2045 2349 2346
f 2349 2043 2338
f 2346 2338 1966
f 2349 2338 2346
f 1992 2339 2347
f 2339 2043 2349
f 2347 2349 2045
f 2339 2349 2347
f 1963 2355 2292
f 2355 2047 2357
f 2292 2357 2031
f 2355 2357 2292
f 2047 2356 2359
f 2356 1966 2342
f 2359 2342 2044
f 2356 2342 2359
f 2031 2343 2291
f 2343 2044 2341
f 2291 2341 1944
f 2343 2341 2291
f 2047 2359 2357
f 2359 2044 2343
f 2357 2343 2031
f 2359 2343 2357
f 1952 2345 2293
f 2345 2045 2348
f 2293 2348 2032
f 2345 2348 2293
f 2045 2346 2360
f 2346 1966 2356
f 2360 2356 2047
f 2346 2356 2360
f 2032 2358 2294
f 2358 2047 2355
f 2294 2355 1963
f 2358 2355 2294
f 2045 2360 2348
f 2360 2047 2358
f 2348 2358 2032
f 2360 2358 2348
f 1940 2517 2159
f 2517 2085 2520
f 2159 2520 1996
f 2517 2520 2159
f 2085 2518 2534
f 2518 1975 2531
f 2534 2531 2088
f 2518 2531 2534
f 1996 2532 2160
f 2532 2088 2530
f 2160 2530 1953
f 2532 2530 2160
f 2085 2534 2520
f 2534 2088 2532
f 2520 2532 1996
f 2534 2532 2520
f 1975 2522 2542
f 2522 2086 2545
f 2542 2545 2090
f 2522 2545 2542
f 2086 2521 2524
f 2521 1946 2499
f 2524 2499 2081
f 2521 2499 2524
f 2090 2543 2541
f 2543 2081 2500
f 2541 2500 1974
f 2543 2500 2541
f 2086 2524 2545
f 2524 2081 2543
f 2545 2543 2090
f 2524 2543 2545
f 1953 2507 2158
f 2507 2083 2509
f 2158 2509 1995
f 2507 2509 2158
f 2083 2508 2510
f 2508 1974 2496
f 2510 2496 2080
f 2508 2496 2510
f 1995 2498 2157
f 2498 2080 2495
f 2157 2495 1939
f 2498 2495 2157
f 2083 2510 2509
f 2510 2080 2498
f 2509 2498 1995
f 2510 2498 2509
f 1975 2542 2531
f 2542 2090 2546
f 2531 2546 2088
f 2542 2546 2531
f 2090 2541 2544
f 2541 1974 2508
f 2544 2508 2083
f 2541 2508 2544
f 2088 2533 2530
f 2533 2083 2507
f 2530 2507 1953
f 2533 2507 2530
f 2090 2544 2546
f 2544 2083 2533
f 2546 2533 2088
f 2544 2533 2546
f 1946 2551 2485
f 2551 2092 2554
f 2485 2554 2077
f 2551 2554 2485
f 2092 2552 2575
f 2552 1976 2572
f 2575 2572 2096
f 2552 2572 2575
f 2077 2573 2486
f 2573 2096 2571
f 2486 2571 1973
f 2573 2571 2486
f 2092 2575 2554
f 2575 2096 2573
f 2554 2573 2077
f 2575 2573 2554
f 1976 2548 2561
f 2548 2091 2564
f 2561 2564 2094
f 2548 2564 2561
f 2091 2547 2550
f 2547 1945 2409
f 2550 2409 2059
f 2547 2409 2550
f 2094 2562 2560
f 2562 2059 2410
f 2560 2410 1969
f 2562 2410 2560
f 2091 2550 2564
f 2550 2059 2562
f 2564 2562 2094
f 2550 2562 2564
f 1973 2492 2482
f 2492 2079 2494
f 2482 2494 2076
f 2492 2494 2482
f 2079 2491 2493
f 2491 1969 2407
f 2493 2407 2058
f 2491 2407 2493
f 2076 2484 2481
f 2484 2058 2406
f 2481 2406 1937
f 2484 2406 2481
f 2079 2493 2494
f 2493 2058 2484
f 2494 2484 2076
f 2493 2484 2494
f 1976 2561 2572
f 2561 2094 2576
f 2572 2576 2096
f 2561 2576 2572
f 2094 2560 2563
f 2560 1969 2491
f 2563 2491 2079
f 2560 2491 2563
f 2096 2574 2571
f 2574 2079 2492
f 2571 2492 1973
f 2574 2492 2571
f 2094 2563 2576
f 2563 2079 2574
f 2576 2574 2096
f 2563 2574 2576
f 1945 2441 2419
f 2441 2067 2444
f 2419 2444 2062
f 2441 2444 2419
f 2067 2442 2465
f 2442 1971 2462
f 2465 2462 2071
f 2442 2462 2465
f 2062 2463 2420
f 2463 2071 2461
f 2420 2461 1970
f 2463 2461 2420
f 2067 2465 2444
f 2465 2071 2463
f 2444 2463 2062
f 2465 2463 2444
f 1971 2438 2451
f 2438 2066 2454
f 2451 2454 2069
f 2438 2454 2451
f 2066 2437 2440
f 2437 1942 2215
f 2440 2215 2012
f 2437 2215 2440
f 2069 2452 2450
f 2452 2012 2216
f 2450 2216 1958
f 2452 2216 2450
f 2066 2440 2454
f 2440 2012 2452
f 2454 2452 2069
f 2440 2452 2454
f 1970 2428 2416
f 2428 2064 2430
f 2416 2430 2061
f 2428 2430 2416
f 2064 2427 2429
f 2427 1958 2214
f 2429 2214 2011
f 2427 2214 2429
f 2061 2418 2415
f 2418 2011 2213
f 2415 2213 1941
f 2418 2213 2415
f 2064 2429 2430
f 2429 2011 2418
f 2430 2418 2061
f 2429 2418 2430
f 1971 2451 2462
f 2451 2069 2466
f 2462 2466 2071
f 2451 2466 2462
f 2069 2450 2453
f 2450 1958 2427
f 2453 2427 2064
f 2450 2427 2453
f 2071 2464 2461
f 2464 2064 2428
f 2461 2428 1970
f 2464 2428 2461
f 2069 2453 2466
f 2453 2064 2464
f 2466 2464 2071
f 2453 2464 2466
f 1942 2199 2257
f 2199 2008 2259
f 2257 2259 2024
f 2199 2259 2257
f 2008 2200 2267
f 2200 1957 2265
f 2267 2265 2026
f 2200 2265 2267
f 2024 2269 2258
f 2269 2026 2266
f 2258 2266 1962
f 2269 2266 2258
f 2008 2267 2259
f 2267 2026 2269
f 2259 2269 2024
f 2267 2269 2259
f 1957 2197 2222
f 2197 2007 2224
f 2222 2224 2015
f 2197 2224 2222
f 2007 2196 2219
f 2196 1936 2217
f 2219 2217 2013
f 2196 2217 2219
f 2015 2225 2223
f 2225 2013 2218
f 2223 2218 1959
f 2225 2218 2223
f 2007 2219 2224
f 2219 2013 2225
f 2224 2225 2015
f 2219 2225 2224
f 1962 2276 2262
f 2276 2028 2279
f 2262 2279 2025
f 2276 2279 2262
f 2028 2275 2277
f 2275 1959 2221
f 2277 2221 2014
f 2275 2221 2277
f 2025 2263 2261
f 2263 2014 2220
f 2261 2220 1943
f 2263 2220 2261
f 2028 2277 2279
f 2277 2014 2263
f 2279 2263 2025
f 2277 2263 2279
f 1957 2222 2265
f 2222 2015 2268
f 2265 2268 2026
f 2222 2268 2265
f 2015 2223 2278
f 2223 1959 2275
f 2278 2275 2028
f 2223 2275 2278
f 2026 2280 2266
f 2280 2028 2276
f 2266 2276 1962
f 2280 2276 2266
f 2015 2278 2268
f 2278 2028 2280
f 2268 2280 2026
f 2278 2280 2268
f 1938 2301 2114
f 2301 2034 2303
f 2114 2303 1984
f 2301 2303 2114
f 2034 2302 2310
f 2302 1964 2308
f 2310 2308 2036
f 2302 2308 2310
f 1984 2309 2115
f 2309 2036 2307
f 2115 2307 1950
f 2309 2307 2115
f 2034 2310 2303
f 2310 2036 2309
f 2303 2309 1984
f 2310 2309 2303
f 1964 2306 2331
f 2306 2035 2333
f 2331 2333 2042
f 2306 2333 2331
f 2035 2305 2321
f 2305 1944 2319
f 2321 2319 2039
f 2305 2319 2321
f 2042 2335 2332
f 2335 2039 2320
f 2332 2320 1965
f 2335 2320 2332
f 2035 2321 2333
f 2321 2039 2335
f 2333 2335 2042
f 2321 2335 2333
f 1950 2322 2118
f 2322 2040 2324
f 2118 2324 1985
f 2322 2324 2118
f 2040 2323 2326
f 2323 1965 2316
f 2326 2316 2038
f 2323 2316 2326
f 1985 2317 2117
f 2317 2038 2315
f 2117 2315 1939
f 2317 2315 2117
f 2040 2326 2324
f 2326 2038 2317
f 2324 2317 1985
f 2326 2317 2324
f 1964 2331 2308
f 2331 2042 2334
f 2308 2334 2036
f 2331 2334 2308
f 2042 2332 2336
f 2332 1965 2323
f 2336 2323 2040
f 2332 2323 2336
f 2036 2325 2307
f 2325 2040 2322
f 2307 2322 1950
f 2325 2322 2307
f 2042 2336 2334
f 2336 2040 2325
f 2334 2325 2036
f 2336 2325 2334
f 1938 2114 2103
f 2114 1984 2116
f 2103 2116 1980
f 2114 2116 2103
f 1984 2115 2124
f 2115 1950 2121
f 2124 2121 1986
f 2115 2121 2124
f 1980 2122 2104
f 2122 1986 2120
f 2104 2120 1948
f 2122 2120 2104
f 1984 2124 2116
f 2124 1986 2122
f 2116 2122 1980
f 2124 2122 2116
f 1950 2118 2126
f 2118 1985 2129
f 2126 2129 1987
f 2118 2129 2126
f 1985 2117 2119
f 2117 1939 2108
f 2119 2108 1982
f 2117 2108 2119
f 1987 2127 2125
f 2127 1982 2109
f 2125 2109 1949
f 2127 2109 2125
f 1985 2119 2129
f 2119 1982 2127
f 2129 2127 1987
f 2119 2127 2129
f 1948 2110 2102
f 2110 1983 2112
f 2102 2112 1979
f 2110 2112 2102
f 1983 2111 2113
f 2111 1949 2106
f 2113 2106 1981
f 2111 2106 2113
f 1979 2107 2101
f 2107 1981 2105
f 2101 2105 1937
f 2107 2105 2101
f 1983 2113 2112
f 2113 1981 2107
f 2112 2107 1979
f 2113 2107 2112
f 1950 2126 2121
f 2126 1987 2130
f 2121 2130 1986
f 2126 2130 2121
f 1987 2125 2128
f 2125 1949 2111
f 2128 2111 1983
f 2125 2111 2128
f 1986 2123 2120
f 2123 1983 2110
f 2120 2110 1948
f 2123 2110 2120
f 1987 2128 2130
f 2128 1983 2123
f 2130 2123 1986
f 2128 2123 2130
f 1938 2103 2170
f 2103 1980 2172
f 2170 2172 2000
f 2103 2172 2170
f 1980 2104 2178
f 2104 1948 2176
f 2178 2176 2002
f 2104 2176 2178
f 2000 2180 2171
f 2180 2002 2177
f 2171 2177 1955
f 2180 2177 2171
f 1980 2178 2172
f 2178 2002 2180
f 2172 2180 2000
f 2178 2180 2172
f 1948 2102 2166
f 2102 1979 2168
f 2166 2168 1999
f 2102 2168 2166
f 1979 2101 2163
f 2101 1937 2161
f 2163 2161 1997
f 2101 2161 2163
f 1999 2169 2167
f 2169 1997 2162
f 2167 2162 1954
f 2169 2162 2167
f 1979 2163 2168
f 2163 1997 2169
f 2168 2169 1999
f 2163 2169 2168
f 1955 2182 2174
f 2182 2003 2185
f 2174 2185 2001
f 2182 2185 2174
f 2003 2181 2183
f 2181 1954 2165
f 2183 2165 1998
f 2181 2165 2183
f 2001 2175 2173
f 2175 1998 2164
f 2173 2164 1941
f 2175 2164 2173
f 2003 2183 2185
f 2183 1998 2175
f 2185 2175 2001
f 2183 2175 2185
f 1948 2166 2176
f 2166 1999 2179
f 2176 2179 2002
f 2166 2179 2176
f 1999 2167 2184
f 2167 1954 2181
f 2184 2181 2003
f 2167 2181 2184
f 2002 2186 2177
f 2186 2003 2182
f 2177 2182 1955
f 2186 2182 2177
f 1999 2184 2179
f 2184 2003 2186
f 2179 2186 2002
f 2184 2186 2179
f 1938 2170 2226
f 2170 2000 2228
f 2226 2228 2016
f 2170 2228 2226
f 2000 2171 2233
f 2171 1955 2231
f 2233 2231 2018
f 2171 2231 2233
f 2016 2234 2227
f 2234 2018 2232
f 2227 2232 1960
f 2234 2232 2227
f 2000 2233 2228
f 2233 2018 2234
f 2228 2234 2016
f 2233 2234 2228
f 1955 2174 2242
f 2174 2001 2244
f 2242 2244 2021
f 2174 2244 2242
f 2001 2173 2237
f 2173 1941 2235
f 2237 2235 2019
f 2173 2235 2237
f 2021 2246 2243
f 2246 2019 2236
f 2243 2236 1961
f 2246 2236 2243
f 2001 2237 2244
f 2237 2019 2246
f 2244 2246 2021
f 2237 2246 2244
f 1960 2251 2230
f 2251 2023 2253
f 2230 2253 2017
f 2251 2253 2230
f 2023 2252 2255
f 2252 1961 2240
f 2255 2240 2020
f 2252 2240 2255
f 2017 2241 2229
f 2241 2020 2239
f 2229 2239 1943
f 2241 2239 2229
f 2023 2255 2253
f 2255 2020 2241
f 2253 2241 2017
f 2255 2241 2253
f 1955 2242 2231
f 2242 2021 2245
f 2231 2245 2018
f 2242 2245 2231
f 2021 2243 2256
f 2243 1961 2252
f 2256 2252 2023
f 2243 2252 2256
f 2018 2254 2232
f 2254 2023 2251
f 2232 2251 1960
f 2254 2251 2232
f 2021 2256 2245
f 2256 2023 2254
f 2245 2254 2018
f 2256 2254 2245
f 1938 2226 2301
f 2226 2016 2304
f 2301 2304 2034
f 2226 2304 2301
f 2016 2227 2313
f 2227 1960 2311
f 2313 2311 2037
f 2227 2311 2313
f 2034 2314 2302
f 2314 2037 2312
f 2302 2312 1964
f 2314 2312 2302
f 2016 2313 2304
f 2313 2037 2314
f 2304 2314 2034
f 2313 2314 2304
f 1960 2230 2380
f 2230 2017 2382
f 2380 2382 2052
f 2230 2382 2380
f 2017 2229 2370
f 2229 1943 2367
f 2370 2367 2049
f 2229 2367 2370
f 2052 2384 2381
f 2384 2049 2368
f 2381 2368 1967
f 2384 2368 2381
f 2017 2370 2382
f 2370 2049 2384
f 2382 2384 2052
f 2370 2384 2382
f 1964 2391 2306
f 2391 2054 2393
f 2306 2393 2035
f 2391 2393 2306
f 2054 2392 2395
f 2392 1967 2372
f 2395 2372 2050
f 2392 2372 2395
f 2035 2374 2305
f 2374 2050 2371
f 2305 2371 1944
f 2374 2371 2305
f 2054 2395 2393
f 2395 2050 2374
f 2393 2374 2035
f 2395 2374 2393
f 1960 2380 2311
f 2380 2052 2383
f 2311 2383 2037
f 2380 2383 2311
f 2052 2381 2396
f 2381 1967 2392
f 2396 2392 2054
f 2381 2392 2396
f 2037 2394 2312
f 2394 2054 2391
f 2312 2391 1964
f 2394 2391 2312
f 2052 2396 2383
f 2396 2054 2394
f 2383 2394 2037
f 2396 2394 2383
f 1939 2315 2157
f 2315 2038 2318
f 2157 2318 1995
f 2315 2318 2157
f 2038 2316 2330
f 2316 1965 2328
f 2330 2328 2041
f 2316 2328 2330
f 1995 2329 2158
f 2329 2041 2327
f 2158 2327 1953
f 2329 2327 2158
f 2038 2330 2318
f 2330 2041 2329
f 2318 2329 1995
f 2330 2329 2318
f 1965 2320 2361
f 2320 2039 2363
f 2361 2363 2048
f 2320 2363 2361
f 2039 2319 2344
f 2319 1944 2341
f 2344 2341 2044
f 2319 2341 2344
f 2048 2365 2362
f 2365 2044 2342
f 2362 2342 1966
f 2365 2342 2362
f 2039 2344 2363
f 2344 2044 2365
f 2363 2365 2048
f 2344 2365 2363
f 1953 2350 2160
f 2350 2046 2352
f 2160 2352 1996
f 2350 2352 2160
f 2046 2351 2354
f 2351 1966 2338
f 2354 2338 2043
f 2351 2338 2354
f 1996 2340 2159
f 2340 2043 2337
f 2159 2337 1940
f 2340 2337 2159
f 2046 2354 2352
f 2354 2043 2340
f 2352 2340 1996
f 2354 2340 2352
f 1965 2361 2328
f 2361 2048 2364
f 2328 2364 2041
f 2361 2364 2328
f 2048 2362 2366
f 2362 1966 2351
f 2366 2351 2046
f 2362 2351 2366
f 2041 2353 2327
f 2353 2046 2350
f 2327 2350 1953
f 2353 2350 2327
f 2048 2366 2364
f 2366 2046 2353
f 2364 2353 2041
f 2366 2353 2364
f 1937 2105 2481
f 2105 1981 2483
f 2481 2483 2076
f 2105 2483 2481
f 1981 2106 2489
f 2106 1949 2487
f 2489 2487 2078
f 2106 2487 2489
f 2076 2490 2482
f 2490 2078 2488
f 2482 2488 1973
f 2490 2488 2482
f 1981 2489 2483
f 2489 2078 2490
f 2483 2490 2076
f 2489 2490 2483
f 1949 2109 2502
f 2109 1982 2504
f 2502 2504 2082
f 2109 2504 2502
f 1982 2108 2497
f 2108 1939 2495
f 2497 2495 2080
f 2108 2495 2497
f 2082 2506 2503
f 2506 2080 2496
f 2503 2496 1974
f 2506 2496 2503
f 1982 2497 2504
f 2497 2080 2506
f 2504 2506 2082
f 2497 2506 2504
f 1973 2511 2486
f 2511 2084 2513
f 2486 2513 2077
f 2511 2513 2486
f 2084 2512 2515
f 2512 1974 2500
f 2515 2500 2081
f 2512 2500 2515
f 2077 2501 2485
f 2501 2081 2499
f 2485 2499 1946
f 2501 2499 2485
f 2084 2515 2513
f 2515 2081 2501
f 2513 2501 2077
f 2515 2501 2513
f 1949 2502 2487
f 2502 2082 2505
f 2487 2505 2078
f 2502 2505 2487
f 2082 2503 2516
f 2503 1974 2512
f 2516 2512 2084
f 2503 2512 2516
f 2078 2514 2488
f 2514 2084 2511
f 2488 2511 1973
f 2514 2511 2488
f 2082 2516 2505
f 2516 2084 2514
f 2505 2514 2078
f 2516 2514 2505
f 1941 2164 2415
f 2164 1998 2417
f 2415 2417 2061
f 2164 2417 2415
f 1998 2165 2424
f 2165 1954 2422
f 2424 2422 2063
f 2165 2422 2424
f 2061 2426 2416
f 2426 2063 2423
f 2416 2423 1970
f 2426 2423 2416
f 1998 2424 2417
f 2424 2063 2426
f 2417 2426 2061
f 2424 2426 2417
f 1954 2162 2411
f 2162 1997 2413
f 2411 2413 2060
f 2162 2413 2411
f 1997 2161 2408
f 2161 1937 2406
f 2408 2406 2058
f 2161 2406 2408
f 2060 2414 2412
f 2414 2058 2407
f 2412 2407 1969
f 2414 2407 2412
f 1997 2408 2413
f 2408 2058 2414
f 2413 2414 2060
f 2408 2414 2413
f 1970 2432 2420
f 2432 2065 2435
f 2420 2435 2062
f 2432 2435 2420
f 2065 2431 2433
f 2431 1969 2410
f 2433 2410 2059
f 2431 2410 2433
f 2062 2421 2419
f 2421 2059 2409
f 2419 2409 1945
f 2421 2409 2419
f 2065 2433 2435
f 2433 2059 2421
f 2435 2421 2062
f 2433 2421 2435
f 1954 2411 2422
f 2411 2060 2425
f 2422 2425 2063
f 2411 2425 2422
f 2060 2412 2434
f 2412 1969 2431
f 2434 2431 2065
f 2412 2431 2434
f 2063 2436 2423
f 2436 2065 2432
f 2423 2432 1970
f 2436 2432 2423
f 2060 2434 2425
f 2434 2065 2436
f 2425 2436 2063
f 2434 2436 2425
f 1943 2239 2261
f 2239 2020 2264
f 2261 2264 2025
f 2239 2264 2261
f 2020 2240 2283
f 2240 1961 2281
f 2283 2281 2029
f 2240 2281 2283
f 2025 2285 2262
f 2285 2029 2282
f 2262 2282 1962
f 2285 2282 2262
f 2020 2283 2264
f 2283 2029 2285
f 2264 2285 2025
f 2283 2285 2264
f 1961 2236 2248
f 2236 2019 2250
f 2248 2250 2022
f 2236 2250 2248
f 2019 2235 2238
f 2235 1941 2213
f 2238 2213 2011
f 2235 2213 2238
f 2022 2249 2247
f 2249 2011 2214
f 2247 2214 1958
f 2249 2214 2247
f 2019 2238 2250
f 2238 2011 2249
f 2250 2249 2022
f 2238 2249 2250
f 1962 2271 2258
f 2271 2027 2274
f 2258 2274 2024
f 2271 2274 2258
f 2027 2270 2272
f 2270 1958 2216
f 2272 2216 2012
f 2270 2216 2272
f 2024 2260 2257
f 2260 2012 2215
f 2257 2215 1942
f 2260 2215 2257
f 2027 2272 2274
f 2272 2012 2260
f 2274 2260 2024
f 2272 2260 2274
f 1961 2248 2281
f 2248 2022 2284
f 2281 2284 2029
f 2248 2284 2281
f 2022 2247 2273
f 2247 1958 2270
f 2273 2270 2027
f 2247 2270 2273
f 2029 2286 2282
f 2286 2027 2271
f 2282 2271 1962
f 2286 2271 2282
f 2022 2273 2284
f 2273 2027 2286
f 2284 2286 2029
f 2273 2286 2284
f 1944 2371 2291
f 2371 2050 2373
f 2291 2373 2031
f 2371 2373 2291
f 2050 2372 2389
f 2372 1967 2386
f 2389 2386 2053
f 2372 2386 2389
f 2031 2387 2292
f 2387 2053 2385
f 2292 2385 1963
f 2387 2385 2292
f 2050 2389 2373
f 2389 2053 2387
f 2373 2387 2031
f 2389 2387 2373
f 1967 2368 2376
f 2368 2049 2379
f 2376 2379 2051
f 2368 2379 2376
f 2049 2367 2369
f 2367 1943 2220
f 2369 2220 2014
f 2367 2220 2369
f 2051 2377 2375
f 2377 2014 2221
f 2375 2221 1959
f 2377 2221 2375
f 2049 2369 2379
f 2369 2014 2377
f 2379 2377 2051
f 2369 2377 2379
f 1963 2298 2288
f 2298 2033 2300
f 2288 2300 2030
f 2298 2300 2288
f 2033 2297 2299
f 2297 1959 2218
f 2299 2218 2013
f 2297 2218 2299
f 2030 2290 2287
f 2290 2013 2217
f 2287 2217 1936
f 2290 2217 2287
f 2033 2299 2300
f 2299 2013 2290
f 2300 2290 2030
f 2299 2290 2300
f 1967 2376 2386
f 2376 2051 2390
f 2386 2390 2053
f 2376 2390 2386
f 2051 2375 2378
f 2375 1959 2297
f 2378 2297 2033
f 2375 2297 2378
f 2053 2388 2385
f 2388 2033 2298
f 2385 2298 1963
f 2388 2298 2385
f 2051 2378 2390
f 2378 2033 2388
f 2390 2388 2053
f 2378 2388 2390
f 2577 3109 2773
f 3109 2714 3111
f 2773 3111 2630
f 3109 3111 2773
f 2714 3110 3118
f 3110 2614 3116
f 3118 3116 2716
f 3110 3116 3118
f 2630 3117 2774
f 3117 2716 3115
f 2774 3115 2593
f 3117 3115 2774
f 2714 3118 3111
f 3118 2716 3117
f 3111 3117 2630
f 3118 3117 3111
f 2614 3114 3177
f 3114 2715 3179
f 3177 3179 2731
f 3114 3179 3177
f 2715 3113 3165
f 3113 2588 3163
f 3165 3163 2728
f 3113 3163 3165
f 2731 3181 3178
f 3181 2728 3164
f 3178 3164 2617
f 3181 3164 3178
f 2715 3165 3179
f 3165 2728 3181
f 3179 3181 2731
f 3165 3181 3179
f 2593 3167 2777
f 3167 2729 3169
f 2777 3169 2631
f 3167 3169 2777
f 2729 3168 3171
f 3168 2617 3160
f 3171 3160 2727
f 3168 3160 3171
f 2631 3161 2776
f 3161 2727 3159
f 2776 3159 2582
f 3161 3159 2776
f 2729 3171 3169
f 3171 2727 3161
f 3169 3161 2631
f 3171 3161 3169
f 2614 3177 3116
f 3177 2731 3180
f 3116 3180 2716
f 3177 3180 3116
f 2731 3178 3182
f 3178 2617 3168
f 3182 3168 2729
f 3178 3168 3182
f 2716 3170 3115
f 3170 2729 3167
f 3115 3167 2593
f 3170 3167 3115
f 2731 3182 3180
f 3182 2729 3170
f 3180 3170 2716
f 3182 3170 3180
f 2577 2773 2739
f 2773 2630 2775
f 2739 2775 2619
f 2773 2775 2739
f 2630 2774 2781
f 2774 2593 2779
f 2781 2779 2632
f 2774 2779 2781
f 2619 2780 2740
f 2780 2632 2778
f 2740 2778 2589
f 2780 2778 2740
f 2630 2781 2775
f 2781 2632 2780
f 2775 2780 2619
f 2781 2780 2775
f 2593 2777 2793
f 2777 2631 2795
f 2793 2795 2636
f 2777 2795 2793
f 2631 2776 2787
f 2776 2582 2785
f 2787 2785 2634
f 2776 2785 2787
f 2636 2797 2794
f 2797 2634 2786
f 2794 2786 2594
f 2797 2786 2794
f 2631 2787 2795
f 2787 2634 2797
f 2795 2797 2636
f 2787 2797 2795
f 2589 2788 2742
f 2788 2635 2790
f 2742 2790 2620
f 2788 2790 2742
f 2635 2789 2792
f 2789 2594 2783
f 2792 2783 2633
f 2789 2783 2792
f 2620 2784 2741
f 2784 2633 2782
f 2741 2782 2578
f 2784 2782 2741
f 2635 2792 2790
f 2792 2633 2784
f 2790 2784 2620
f 2792 2784 2790
f 2593 2793 2779
f 2793 2636 2796
f 2779 2796 2632
f 2793 2796 2779
f 2636 2794 2798
f 2794 2594 2789
f 2798 2789 2635
f 2794 2789 2798
f 2632 2791 2778
f 2791 2635 2788
f 2778 2788 2589
f 2791 2788 2778
f 2636 2798 2796
f 2798 2635 2791
f 2796 2791 2632
f 2798 2791 2796
f 2577 2739 2829
f 2739 2619 2831
f 2829 2831 2646
f 2739 2831 2829
f 2619 2740 2836
f 2740 2589 2834
f 2836 2834 2648
f 2740 2834 2836
f 2646 2837 2830
f 2837 2648 2835
f 2830 2835 2598
f 2837 2835 2830
f 2619 2836 2831
f 2836 2648 2837
f 2831 2837 2646
f 2836 2837 2831
f 2589 2742 2844
f 2742 2620 2846
f 2844 2846 2651
f 2742 2846 2844
f 2620 2741 2840
f 2741 2578 2838
f 2840 2838 2649
f 2741 2838 2840
f 2651 2848 2845
f 2848 2649 2839
f 2845 2839 2599
f 2848 2839 2845
f 2620 2840 2846
f 2840 2649 2848
f 2846 2848 2651
f 2840 2848 2846
f 2598 2849 2833
f 2849 2652 2851
f 2833 2851 2647
f 2849 2851 2833
f 2652 2850 2853
f 2850 2599 2842
f 2853 2842 2650
f 2850 2842 2853
f 2647 2843 2832
f 2843 2650 2841
f 2832 2841 2584
f 2843 2841 2832
f 2652 2853 2851
f 2853 2650 2843
f 2851 2843 2647
f 2853 2843 2851
f 2589 2844 2834
f 2844 2651 2847
f 2834 2847 2648
f 2844 2847 2834
f 2651 2845 2854
f 2845 2599 2850
f 2854 2850 2652
f 2845 2850 2854
f 2648 2852 2835
f 2852 2652 2849
f 2835 2849 2598
f 2852 2849 2835
f 2651 2854 2847
f 2854 2652 2852
f 2847 2852 2648
f 2854 2852 2847
f 2577 2829 3039
f 2829 2646 3041
f 3039 3041 2697
f 2829 3041 3039
f 2646 2830 3046
f 2830 2598 3044
f 3046 3044 2699
f 2830 3044 3046
f 2697 3047 3040
f 3047 2699 3045
f 3040 3045 2610
f 3047 3045 3040
f 2646 3046 3041
f 3046 2699 3047
f 3041 3047 2697
f 3046 3047 3041
f 2598 2833 3087
f 2833 2647 3089
f 3087 3089 2710
f 2833 3089 3087
f 2647 2832 3081
f 2832 2584 3079
f 3081 3079 2708
f 2832 3079 3081
f 2710 3091 3088
f 3091 2708 3080
f 3088 3080 2613
f 3091 3080 3088
f 2647 3081 3089
f 3081 2708 3091
f 3089 3091 2710
f 3081 3091 3089
f 2610 3097 3043
f 3097 2712 3099
f 3043 3099 2698
f 3097 3099 3043
f 2712 3098 3101
f 3098 2613 3084
f 3101 3084 2709
f 3098 3084 3101
f 2698 3085 3042
f 3085 2709 3083
f 3042 3083 2587
f 3085 3083 3042
f 2712 3101 3099
f 3101 2709 3085
f 3099 3085 2698
f 3101 3085 3099
f 2598 3087 3044
f 3087 2710 3090
f 3044 3090 2699
f 3087 3090 3044
f 2710 3088 3102
f 3088 2613 3098
f 3102 3098 2712
f 3088 3098 3102
f 2699 3100 3045
f 3100 2712 3097
f 3045 3097 2610
f 3100 3097 3045
f 2710 3102 3090
f 3102 2712 3100
f 3090 3100 2699
f 3102 3100 3090
f 2577 3039 3109
f 3039 2697 3112
f 3109 3112 2714
f 3039 3112 3109
f 2697 3040 3121
f 3040 2610 3119
f 3121 3119 2717
f 3040 3119 3121
f 2714 3122 3110
f 3122 2717 3120
f 3110 3120 2614
f 3122 3120 3110
f 2697 3121 3112
f 3121 2717 3122
f 3112 3122 2714
f 3121 3122 3112
f 2610 3043 3197
f 3043 2698 3199
f 3197 3199 2735
f 3043 3199 3197
f 2698 3042 3191
f 3042 2587 3189
f 3191 3189 2733
f 3042 3189 3191
f 2735 3201 3198
f 3201 2733 3190
f 3198 3190 2618
f 3201 3190 3198
f 2698 3191 3199
f 3191 2733 3201
f 3199 3201 2735
f 3191 3201 3199
f 2614 3207 3114
f 3207 2737 3209
f 3114 3209 2715
f 3207 3209 3114
f 2737 3208 3211
f 3208 2618 3194
f 3211 3194 2734
f 3208 3194 3211
f 2715 3195 3113
f 3195 2734 3193
f 3113 3193 2588
f 3195 3193 3113
f 2737 3211 3209
f 3211 2734 3195
f 3209 3195 2715
f 3211 3195 3209
f 2610 3197 3119
f 3197 2735 3200
f 3119 3200 2717
f 3197 3200 3119
f 2735 3198 3212
f 3198 2618 3208
f 3212 3208 2737
f 3198 3208 3212
f 2717 3210 3120
f 3210 2737 3207
f 3120 3207 2614
f 3210 3207 3120
f 2735 3212 3200
f 3212 2737 3210
f 3200 3210 2717
f 3212 3210 3200
f 2578 2782 2929
f 2782 2633 2931
f 2929 2931 2672
f 2782 2931 2929
f 2633 2783 2937
f 2783 2594 2935
f 2937 2935 2674
f 2783 2935 2937
f 2672 2938 2930
f 2938 2674 2936
f 2930 2936 2605
f 2938 2936 2930
f 2633 2937 2931
f 2937 2674 2938
f 2931 2938 2672
f 2937 2938 2931
f 2594 2786 2987
f 2786 2634 2989
f 2987 2989 2687
f 2786 2989 2987
f 2634 2785 2981
f 2785 2582 2979
f 2981 2979 2685
f 2785 2979 2981
f 2687 2991 2988
f 2991 2685 2980
f 2988 2980 2608
f 2991 2980 2988
f 2634 2981 2989
f 2981 2685 2991
f 2989 2991 2687
f 2981 2991 2989
f 2605 2997 2934
f 2997 2689 2999
f 2934 2999 2673
f 2997 2999 2934
f 2689 2998 3001
f 2998 2608 2984
f 3001 2984 2686
f 2998 2984 3001
f 2673 2985 2933
f 2985 2686 2983
f 2933 2983 2586
f 2985 2983 2933
f 2689 3001 2999
f 3001 2686 2985
f 2999 2985 2673
f 3001 2985 2999
f 2594 2987 2935
f 2987 2687 2990
f 2935 2990 2674
f 2987 2990 2935
f 2687 2988 3002
f 2988 2608 2998
f 3002 2998 2689
f 2988 2998 3002
f 2674 3000 2936
f 3000 2689 2997
f 2936 2997 2605
f 3000 2997 2936
f 2687 3002 2990
f 3002 2689 3000
f 2990 3000 2674
f 3002 3000 2990
f 2582 3159 2801
f 3159 2727 3162
f 2801 3162 2638
f 3159 3162 2801
f 2727 3160 3176
f 3160 2617 3173
f 3176 3173 2730
f 3160 3173 3176
f 2638 3174 2802
f 3174 2730 3172
f 2802 3172 2595
f 3174 3172 2802
f 2727 3176 3162
f 3176 2730 3174
f 3162 3174 2638
f 3176 3174 3162
f 2617 3164 3184
f 3164 2728 3187
f 3184 3187 2732
f 3164 3187 3184
f 2728 3163 3166
f 3163 2588 3141
f 3166 3141 2723
f 3163 3141 3166
f 2732 3185 3183
f 3185 2723 3142
f 3183 3142 2616
f 3185 3142 3183
f 2728 3166 3187
f 3166 2723 3185
f 3187 3185 2732
f 3166 3185 3187
f 2595 3149 2800
f 3149 2725 3151
f 2800 3151 2637
f 3149 3151 2800
f 2725 3150 3152
f 3150 2616 3138
f 3152 3138 2722
f 3150 3138 3152
f 2637 3140 2799
f 3140 2722 3137
f 2799 3137 2581
f 3140 3137 2799
f 2725 3152 3151
f 3152 2722 3140
f 3151 3140 2637
f 3152 3140 3151
f 2617 3184 3173
f 3184 2732 3188
f 3173 3188 2730
f 3184 3188 3173
f 2732 3183 3186
f 3183 2616 3150
f 3186 3150 2725
f 3183 3150 3186
f 2730 3175 3172
f 3175 2725 3149
f 3172 3149 2595
f 3175 3149 3172
f 2732 3186 3188
f 3186 2725 3175
f 3188 3175 2730
f 3186 3175 3188
f 2588 3193 3127
f 3193 2734 3196
f 3127 3196 2719
f 3193 3196 3127
f 2734 3194 3217
f 3194 2618 3214
f 3217 3214 2738
f 3194 3214 3217
f 2719 3215 3128
f 3215 2738 3213
f 3128 3213 2615
f 3215 3213 3128
f 2734 3217 3196
f 3217 2738 3215
f 3196 3215 2719
f 3217 3215 3196
f 2618 3190 3203
f 3190 2733 3206
f 3203 3206 2736
f 3190 3206 3203
f 2733 3189 3192
f 3189 2587 3051
f 3192 3051 2701
f 3189 3051 3192
f 2736 3204 3202
f 3204 2701 3052
f 3202 3052 2611
f 3204 3052 3202
f 2733 3192 3206
f 3192 2701 3204
f 3206 3204 2736
f 3192 3204 3206
f 2615 3134 3124
f 3134 2721 3136
f 3124 3136 2718
f 3134 3136 3124
f 2721 3133 3135
f 3133 2611 3049
f 3135 3049 2700
f 3133 3049 3135
f 2718 3126 3123
f 3126 2700 3048
f 3123 3048 2579
f 3126 3048 3123
f 2721 3135 3136
f 3135 2700 3126
f 3136 3126 2718
f 3135 3126 3136
f 2618 3203 3214
f 3203 2736 3218
f 3214 3218 2738
f 3203 3218 3214
f 2736 3202 3205
f 3202 2611 3133
f 3205 3133 2721
f 3202 3133 3205
f 2738 3216 3213
f 3216 2721 3134
f 3213 3134 2615
f 3216 3134 3213
f 2736 3205 3218
f 3205 2721 3216
f 3218 3216 2738
f 3205 3216 3218
f 2587 3083 3061
f 3083 2709 3086
f 3061 3086 2704
f 3083 3086 3061
f 2709 3084 3107
f 3084 2613 3104
f 3107 3104 2713
f 3084 3104 3107
f 2704 3105 3062
f 3105 2713 3103
f 3062 3103 2612
f 3105 3103 3062
f 2709 3107 3086
f 3107 2713 3105
f 3086 3105 2704
f 3107 3105 3086
f 2613 3080 3093
f 3080 2708 3096
f 3093 3096 2711
f 3080 3096 3093
f 2708 3079 3082
f 3079 2584 2857
f 3082 2857 2654
f 3079 2857 3082
f 2711 3094 3092
f 3094 2654 2858
f 3092 2858 2600
f 3094 2858 3092
f 2708 3082 3096
f 3082 2654 3094
f 3096 3094 2711
f 3082 3094 3096
f 2612 3070 3058
f 3070 2706 3072
f 3058 3072 2703
f 3070 3072 3058
f 2706 3069 3071
f 3069 2600 2856
f 3071 2856 2653
f 3069 2856 3071
f 2703 3060 3057
f 3060 2653 2855
f 3057 2855 2583
f 3060 2855 3057
f 2706 3071 3072
f 3071 2653 3060
f 3072 3060 2703
f 3071 3060 3072
f 2613 3093 3104
f 3093 2711 3108
f 3104 3108 2713
f 3093 3108 3104
f 2711 3092 3095
f 3092 2600 3069
f 3095 3069 2706
f 3092 3069 3095
f 2713 3106 3103
f 3106 2706 3070
f 3103 3070 2612
f 3106 3070 3103
f 2711 3095 3108
f 3095 2706 3106
f 3108 3106 2713
f 3095 3106 3108
f 2584 2841 2899
f 2841 2650 2901
f 2899 2901 2666
f 2841 2901 2899
f 2650 2842 2909
f 2842 2599 2907
f 2909 2907 2668
f 2842 2907 2909
f 2666 2911 2900
f 2911 2668 2908
f 2900 2908 2604
f 2911 2908 2900
f 2650 2909 2901
f 2909 2668 2911
f 2901 2911 2666
f 2909 2911 2901
f 2599 2839 2864
f 2839 2649 2866
f 2864 2866 2657
f 2839 2866 2864
f 2649 2838 2861
f 2838 2578 2859
f 2861 2859 2655
f 2838 2859 2861
f 2657 2867 2865
f 2867 2655 2860
f 2865 2860 2601
f 2867 2860 2865
f 2649 2861 2866
f 2861 2655 2867
f 2866 2867 2657
f 2861 2867 2866
f 2604 2918 2904
f 2918 2670 2921
f 2904 2921 2667
f 2918 2921 2904
f 2670 2917 2919
f 2917 2601 2863
f 2919 2863 2656
f 2917 2863 2919
f 2667 2905 2903
f 2905 2656 2862
f 2903 2862 2585
f 2905 2862 2903
f 2670 2919 2921
f 2919 2656 2905
f 2921 2905 2667
f 2919 2905 2921
f 2599 2864 2907
f 2864 2657 2910
f 2907 2910 2668
f 2864 2910 2907
f 2657 2865 2920
f 2865 2601 2917
f 2920 2917 2670
f 2865 2917 2920
f 2668 2922 2908
f 2922 2670 2918
f 2908 2918 2604
f 2922 2918 2908
f 2657 2920 2910
f 2920 2670 2922
f 2910 2922 2668
f 2920 2922 2910
f 2580 2943 2756
f 2943 2676 2945
f 2756 2945 2626
f 2943 2945 2756
f 2676 2944 2952
f 2944 2606 2950
f 2952 2950 2678
f 2944 2950 2952
f 2626 2951 2757
f 2951 2678 2949
f 2757 2949 2592
f 2951 2949 2757
f 2676 2952 2945
f 2952 2678 2951
f 2945 2951 2626
f 2952 2951 2945
f 2606 2948 2973
f 2948 2677 2975
f 2973 2975 2684
f 2948 2975 2973
f 2677 2947 2963
f 2947 2586 2961
f 2963 2961 2681
f 2947 2961 2963
f 2684 2977 2974
f 2977 2681 2962
f 2974 2962 2607
f 2977 2962 2974
f 2677 2963 2975
f 2963 2681 2977
f 2975 2977 2684
f 2963 2977 2975
f 2592 2964 2760
f 2964 2682 2966
f 2760 2966 2627
f 2964 2966 2760
f 2682 2965 2968
f 2965 2607 2958
f 2968 2958 2680
f 2965 2958 2968
f 2627 2959 2759
f 2959 2680 2957
f 2759 2957 2581
f 2959 2957 2759
f 2682 2968 2966
f 2968 2680 2959
f 2966 2959 2627
f 2968 2959 2966
f 2606 2973 2950
f 2973 2684 2976
f 2950 2976 2678
f 2973 2976 2950
f 2684 2974 2978
f 2974 2607 2965
f 2978 2965 2682
f 2974 2965 2978
f 2678 2967 2949
f 2967 2682 2964
f 2949 2964 2592
f 2967 2964 2949
f 2684 2978 2976
f 2978 2682 2967
f 2976 2967 2678
f 2978 2967 2976
f 2580 2756 2745
f 2756 2626 2758
f 2745 2758 2622
f 2756 2758 2745
f 2626 2757 2766
f 2757 2592 2763
f 2766 2763 2628
f 2757 2763 2766
f 2622 2764 2746
f 2764 2628 2762
f 2746 2762 2590
f 2764 2762 2746
f 2626 2766 2758
f 2766 2628 2764
f 2758 2764 2622
f 2766 2764 2758
f 2592 2760 2768
f 2760 2627 2771
f 2768 2771 2629
f 2760 2771 2768
f 2627 2759 2761
f 2759 2581 2750
f 2761 2750 2624
f 2759 2750 2761
f 2629 2769 2767
f 2769 2624 2751
f 2767 2751 2591
f 2769 2751 2767
f 2627 2761 2771
f 2761 2624 2769
f 2771 2769 2629
f 2761 2769 2771
f 2590 2752 2744
f 2752 2625 2754
f 2744 2754 2621
f 2752 2754 2744
f 2625 2753 2755
f 2753 2591 2748
f 2755 2748 2623
f 2753 2748 2755
f 2621 2749 2743
f 2749 2623 2747
f 2743 2747 2579
f 2749 2747 2743
f 2625 2755 2754
f 2755 2623 2749
f 2754 2749 2621
f 2755 2749 2754
f 2592 2768 2763
f 2768 2629 2772
f 2763 2772 2628
f 2768 2772 2763
f 2629 2767 2770
f 2767 2591 2753
f 2770 2753 2625
f 2767 2753 2770
f 2628 2765 2762
f 2765 2625 2752
f 2762 2752 2590
f 2765 2752 2762
f 2629 2770 2772
f 2770 2625 2765
f 2772 2765 2628
f 2770 2765 2772
f 2580 2745 2812
f 2745 2622 2814
f 2812 2814 2642
f 2745 2814 2812
f 2622 2746 2820
f 2746 2590 2818
f 2820 2818 2644
f 2746 2818 2820
f 2642 2822 2813
f 2822 2644 2819
f 2813 2819 2597
f 2822 2819 2813
f 2622 2820 2814
f 2820 2644 2822
f 2814 2822 2642
f 2820 2822 2814
f 2590 2744 2808
f 2744 2621 2810
f 2808 2810 2641
f 2744 2810 2808
f 2621 2743 2805
f 2743 2579 2803
f 2805 2803 2639
f 2743 2803 2805
f 2641 2811 2809
f 2811 2639 2804
f 2809 2804 2596
f 2811 2804 2809
f 2621 2805 2810
f 2805 2639 2811
f 2810 2811 2641
f 2805 2811 2810
f 2597 2824 2816
f 2824 2645 2827
f 2816 2827 2643
f 2824 2827 2816
f 2645 2823 2825
f 2823 2596 2807
f 2825 2807 2640
f 2823 2807 2825
f 2643 2817 2815
f 2817 2640 2806
f 2815 2806 2583
f 2817 2806 2815
f 2645 2825 2827
f 2825 2640 2817
f 2827 2817 2643
f 2825 2817 2827
f 2590 2808 2818
f 2808 2641 2821
f 2818 2821 2644
f 2808 2821 2818
f 2641 2809 2826
f 2809 2596 2823
f 2826 2823 2645
f 2809 2823 2826
f 2644 2828 2819
f 2828 2645 2824
f 2819 2824 2597
f 2828 2824 2819
f 2641 2826 2821
f 2826 2645 2828
f 2821 2828 2644
f 2826 2828 2821
f 2580 2812 2868
f 2812 2642 2870
f 2868 2870 2658
f 2812 2870 2868
f 2642 2813 2875
f 2813 2597 2873
f 2875 2873 2660
f 2813 2873 2875
f 2658 2876 2869
f 2876 2660 2874
f 2869 2874 2602
f 2876 2874 2869
f 2642 2875 2870
f 2875 2660 2876
f 2870 2876 2658
f 2875 2876 2870
f 2597 2816 2884
f 2816 2643 2886
f 2884 2886 2663
f 2816 2886 2884
f 2643 2815 2879
f 2815 2583 2877
f 2879 2877 2661
f 2815 2877 2879
f 2663 2888 2885
f 2888 2661 2878
f 2885 2878 2603
f 2888 2878 2885
f 2643 2879 2886
f 2879 2661 2888
f 2886 2888 2663
f 2879 2888 2886
f 2602 2893 2872
f 2893 2665 2895
f 2872 2895 2659
f 2893 2895 2872
f 2665 2894 2897
f 2894 2603 2882
f 2897 2882 2662
f 2894 2882 2897
f 2659 2883 2871
f 2883 2662 2881
f 2871 2881 2585
f 2883 2881 2871
f 2665 2897 2895
f 2897 2662 2883
f 2895 2883 2659
f 2897 2883 2895
f 2597 2884 2873
f 2884 2663 2887
f 2873 2887 2660
f 2884 2887 2873
f 2663 2885 2898
f 2885 2603 2894
f 2898 2894 2665
f 2885 2894 2898
f 2660 2896 2874
f 2896 2665 2893
f 2874 2893 2602
f 2896 2893 2874
f 2663 2898 2887
f 2898 2665 2896
f 2887 2896 2660
f 2898 2896 2887
f 2580 2868 2943
f 2868 2658 2946
f 2943 2946 2676
f 2868 2946 2943
f 2658 2869 2955
f 2869 2602 2953
f 2955 2953 2679
f 2869 2953 2955
f 2676 2956 2944
f 2956 2679 2954
f 2944 2954 2606
f 2956 2954 2944
f 2658 2955 2946
f 2955 2679 2956
f 2946 2956 2676
f 2955 2956 2946
f 2602 2872 3022
f 2872 2659 3024
f 3022 3024 2694
f 2872 3024 3022
f 2659 2871 3012
f 2871 2585 3009
f 3012 3009 2691
f 2871 3009 3012
f 2694 3026 3023
f 3026 2691 3010
f 3023 3010 2609
f 3026 3010 3023
f 2659 3012 3024
f 3012 2691 3026
f 3024 3026 2694
f 3012 3026 3024
f 2606 3033 2948
f 3033 2696 3035
f 2948 3035 2677
f 3033 3035 2948
f 2696 3034 3037
f 3034 2609 3014
f 3037 3014 2692
f 3034 3014 3037
f 2677 3016 2947
f 3016 2692 3013
f 2947 3013 2586
f 3016 3013 2947
f 2696 3037 3035
f 3037 2692 3016
f 3035 3016 2677
f 3037 3016 3035
f 2602 3022 2953
f 3022 2694 3025
f 2953 3025 2679
f 3022 3025 2953
f 2694 3023 3038
f 3023 2609 3034
f 3038 3034 2696
f 3023 3034 3038
f 2679 3036 2954
f 3036 2696 3033
f 2954 3033 2606
f 3036 3033 2954
f 2694 3038 3025
f 3038 2696 3036
f 3025 3036 2679
f 3038 3036 3025
f 2581 2957 2799
f 2957 2680 2960
f 2799 2960 2637
f 2957 2960 2799
f 2680 2958 2972
f 2958 2607 2970
f 2972 2970 2683
f 2958 2970 2972
f 2637 2971 2800
f 2971 2683 2969
f 2800 2969 2595
f 2971 2969 2800
f 2680 2972 2960
f 2972 2683 2971
f 2960 2971 2637
f 2972 2971 2960
f 2607 2962 3003
f 2962 2681 3005
f 3003 3005 2690
f 2962 3005 3003
f 2681 2961 2986
f 2961 2586 2983
f 2986 2983 2686
f 2961 2983 2986
f 2690 3007 3004
f 3007 2686 2984
f 3004 2984 2608
f 3007 2984 3004
f 2681 2986 3005
f 2986 2686 3007
f 3005 3007 2690
f 2986 3007 3005
f 2595 2992 2802
f 2992 2688 2994
f 2802 2994 2638
f 2992 2994 2802
f 2688 2993 2996
f 2993 2608 2980
f 2996 2980 2685
f 2993 2980 2996
f 2638 2982 2801
f 2982 2685 2979
f 2801 2979 2582
f 2982 2979 2801
f 2688 2996 2994
f 2996 2685 2982
f 2994 2982 2638
f 2996 2982 2994
f 2607 3003 2970
f 3003 2690 3006
f 2970 3006 2683
f 3003 3006 2970
f 2690 3004 3008
f 3004 2608 2993
f 3008 2993 2688
f 3004 2993 3008
f 2683 2995 2969
f 2995 2688 2992
f 2969 2992 2595
f 2995 2992 2969
f 2690 3008 3006
f 3008 2688 2995
f 3006 2995 2683
f 3008 2995 3006
f 2579 2747 3123
f 2747 2623 3125
f 3123 3125 2718
f 2747 3125 3123
f 2623 2748 3131
f 2748 2591 3129
f 3131 3129 2720
f 2748 3129 3131
f 2718 3132 3124
f 3132 2720 3130
f 3124 3130 2615
f 3132 3130 3124
f 2623 3131 3125
f 3131 2720 3132
f 3125 3132 2718
f 3131 3132 3125
f 2591 2751 3144
f 2751 2624 3146
f 3144 3146 2724
f 2751 3146 3144
f 2624 2750 3139
f 2750 2581 3137
f 3139 3137 2722
f 2750 3137 3139
f 2724 3148 3145
f 3148 2722 3138
f 3145 3138 2616
f 3148 3138 3145
f 2624 3139 3146
f 3139 2722 3148
f 3146 3148 2724
f 3139 3148 3146
f 2615 3153 3128
f 3153 2726 3155
f 3128 3155 2719
f 3153 3155 3128
f 2726 3154 3157
f 3154 2616 3142
f 3157 3142 2723
f 3154 3142 3157
f 2719 3143 3127
f 3143 2723 3141
f 3127 3141 2588
f 3143 3141 3127
f 2726 3157 3155
f 3157 2723 3143
f 3155 3143 2719
f 3157 3143 3155
f 2591 3144 3129
f 3144 2724 3147
f 3129 3147 2720
f 3144 3147 3129
f 2724 3145 3158
f 3145 2616 3154
f 3158 3154 2726
f 3145 3154 3158
f 2720 3156 3130
f 3156 2726 3153
f 3130 3153 2615
f 3156 3153 3130
f 2724 3158 3147
f 3158 2726 3156
f 3147 3156 2720
f 3158 3156 3147
f 2583 2806 3057
f 2806 2640 3059
f 3057 3059 2703
f 2806 3059 3057
f 2640 2807 3066
f 2807 2596 3064
f 3066 3064 2705
f 2807 3064 3066
f 2703 3068 3058
f 3068 2705 3065
f 3058 3065 2612
f 3068 3065 3058
f 2640 3066 3059
f 3066 2705 3068
f 3059 3068 2703
f 3066 3068 3059
f 2596 2804 3053
f 2804 2639 3055
f 3053 3055 2702
f 2804 3055 3053
f 2639 2803 3050
f 2803 2579 3048
f 3050 3048 2700
f 2803 3048 3050
f 2702 3056 3054
f 3056 2700 3049
f 3054 3049 2611
f 3056 3049 3054
f 2639 3050 3055
f 3050 2700 3056
f 3055 3056 2702
f 3050 3056 3055
f 2612 3074 3062
f 3074 2707 3077
f 3062 3077 2704
f 3074 3077 3062
f 2707 3073 3075
f 3073 2611 3052
f 3075 3052 2701
f 3073 3052 3075
f 2704 3063 3061
f 3063 2701 3051
f 3061 3051 2587
f 3063 3051 3061
f 2707 3075 3077
f 3075 2701 3063
f 3077 3063 2704
f 3075 3063 3077
f 2596 3053 3064
f 3053 2702 3067
f 3064 3067 2705
f 3053 3067 3064
f 2702 3054 3076
f 3054 2611 3073
f 3076 3073 2707
f 3054 3073 3076
f 2705 3078 3065
f 3078 2707 3074
f 3065 3074 2612
f 3078 3074 3065
f 2702 3076 3067
f 3076 2707 3078
f 3067 3078 2705
f 3076 3078 3067
f 2585 2881 2903
f 2881 2662 2906
f 2903 2906 2667
f 2881 2906 2903
f 2662 2882 2925
f 2882 2603 2923
f 2925 2923 2671
f 2882 2923 2925
f 2667 2927 2904
f 2927 2671 2924
f 2904 2924 2604
f 2927 2924 2904
f 2662 2925 2906
f 2925 2671 2927
f 2906 2927 2667
f 2925 2927 2906
f 2603 2878 2890
f 2878 2661 2892
f 2890 2892 2664
f 2878 2892 2890
f 2661 2877 2880
f 2877 2583 2855
f 2880 2855 2653
f 2877 2855 2880
f 2664 2891 2889
f 2891 2653 2856
f 2889 2856 2600
f 2891 2856 2889
f 2661 2880 2892
f 2880 2653 2891
f 2892 2891 2664
f 2880 2891 2892
f 2604 2913 2900
f 2913 2669 2916
f 2900 2916 2666
f 2913 2916 2900
f 2669 2912 2914
f 2912 2600 2858
f 2914 2858 2654
f 2912 2858 2914
f 2666 2902 2899
f 2902 2654 2857
f 2899 2857 2584
f 2902 2857 2899
f 2669 2914 2916
f 2914 2654 2902
f 2916 2902 2666
f 2914 2902 2916
f 2603 2890 2923
f 2890 2664 2926
f 2923 2926 2671
f 2890 2926 2923
f 2664 2889 2915
f 2889 2600 2912
f 2915 2912 2669
f 2889 2912 2915
f 2671 2928 2924
f 2928 2669 2913
f 2924 2913 2604
f 2928 2913 2924
f 2664 2915 2926
f 2915 2669 2928
f 2926 2928 2671
f 2915 2928 2926
f 2586 3013 2933
f 3013 2692 3015
f 2933 3015 2673
f 3013 3015 2933
f 2692 3014 3031
f 3014 2609 3028
f 3031 3028 2695
f 3014 3028 3031
f 2673 3029 2934
f 3029 2695 3027
f 2934 3027 2605
f 3029 3027 2934
f 2692 3031 3015
f 3031 2695 3029
f 3015 3029 2673
f 3031 3029 3015
f 2609 3010 3018
f 3010 2691 3021
f 3018 3021 2693
f 3010 3021 3018
f 2691 3009 3011
f 3009 2585 2862
f 3011 2862 2656
f 3009 2862 3011
f 2693 3019 3017
f 3019 2656 2863
f 3017 2863 2601
f 3019 2863 3017
f 2691 3011 3021
f 3011 2656 3019
f 3021 3019 2693
f 3011 3019 3021
f 2605 2940 2930
f 2940 2675 2942
f 2930 2942 2672
f 2940 2942 2930
f 2675 2939 2941
f 2939 2601 2860
f 2941 2860 2655
f 2939 2860 2941
f 2672 2932 2929
f 2932 2655 2859
f 2929 2859 2578
f 2932 2859 2929
f 2675 2941 2942
f 2941 2655 2932
f 2942 2932 2672
f 2941 2932 2942
f 2609 3018 3028
f 3018 2693 3032
f 3028 3032 2695
f 3018 3032 3028
f 2693 3017 3020
f 3017 2601 2939
f 3020 2939 2675
f 3017 2939 3020
f 2695 3030 3027
f 3030 2675 2940
f 3027 2940 2605
f 3030 2940 3027
f 2693 3020 3032
f 3020 2675 3030
f 3032 3030 2695
f 3020 3030 3032
f 3219 3751 3415
f 3751 3356 3753
f 3415 3753 3272
f 3751 3753 3415
f 3356 3752 3760
f 3752 3256 3758
f 3760 3758 3358
f 3752 3758 3760
f 3272 3759 3416
f 3759 3358 3757
f 3416 3757 3235
f 3759 3757 3416
f 3356 3760 3753
f 3760 3358 3759
f 3753 3759 3272
f 3760 3759 3753
f 3256 3756 3819
f 3756 3357 3821
f 3819 3821 3373
f 3756 3821 3819
f 3357 3755 3807
f 3755 3230 3805
f 3807 3805 3370
f 3755 3805 3807
f 3373 3823 3820
f 3823 3370 3806
f 3820 3806 3259
f 3823 3806 3820
f 3357 3807 3821
f 3807 3370 3823
f 3821 3823 3373
f 3807 3823 3821
f 3235 3809 3419
f 3809 3371 3811
f 3419 3811 3273
f 3809 3811 3419
f 3371 3810 3813
f 3810 3259 3802
f 3813 3802 3369
f 3810 3802 3813
f 3273 3803 3418
f 3803 3369 3801
f 3418 3801 3224
f 3803 3801 3418
f 3371 3813 3811
f 3813 3369 3803
f 3811 3803 3273
f 3813 3803 3811
f 3256 3819 3758
f 3819 3373 3822
f 3758 3822 3358
f 3819 3822 3758
f 3373 3820 3824
f 3820 3259 3810
f 3824 3810 3371
f 3820 3810 3824
f 3358 3812 3757
f 3812 3371 3809
f 3757 3809 3235
f 3812 3809 3757
f 3373 3824 3822
f 3824 3371 3812
f 3822 3812 3358
f 3824 3812 3822
f 3219 3415 3381
f 3415 3272 3417
f 3381 3417 3261
f 3415 3417 3381
f 3272 3416 3423
f 3416 3235 3421
f 3423 3421 3274
f 3416 3421 3423
f 3261 3422 3382
f 3422 3274 3420
f 3382 3420 3231
f 3422 3420 3382
f 3272 3423 3417
f 3423 3274 3422
f 3417 3422 3261
f 3423 3422 3417
f 3235 3419 3435
f 3419 3273 3437
f 3435 3437 3278
f 3419 3437 3435
f 3273 3418 3429
f 3418 3224 3427
f 3429 3427 3276
f 3418 3427 3429
f 3278 3439 3436
f 3439 3276 3428
f 3436 3428 3236
f 3439 3428 3436
f 3273 3429 3437
f 3429 3276 3439
f 3437 3439 3278
f 3429 3439 3437
f 3231 3430 3384
f 3430 3277 3432
f 3384 3432 3262
f 3430 3432 3384
f 3277 3431 3434
f 3431 3236 3425
f 3434 3425 3275
f 3431 3425 3434
f 3262 3426 3383
f 3426 3275 3424
f 3383 3424 3220
f 3426 3424 3383
f 3277 3434 3432
f 3434 3275 3426
f 3432 3426 3262
f 3434 3426 3432
f 3235 3435 3421
f 3435 3278 3438
f 3421 3438 3274
f 3435 3438 3421
f 3278 3436 3440
f 3436 3236 3431
f 3440 3431 3277
f 3436 3431 3440
f 3274 3433 3420
f 3433 3277 3430
f 3420 3430 3231
f 3433 3430 3420
f 3278 3440 3438
f 3440 3277 3433
f 3438 3433 3274
f 3440 3433 3438
f 3219 3381 3471
f 3381 3261 3473
f 3471 3473 3288
f 3381 3473 3471
f 3261 3382 3478
f 3382 3231 3476
f 3478 3476 3290
f 3382 3476 3478
f 3288 3479 3472
f 3479 3290 3477
f 3472 3477 3240
f 3479 3477 3472
f 3261 3478 3473
f 3478 3290 3479
f 3473 3479 3288
f 3478 3479 3473
f 3231 3384 3486
f 3384 3262 3488
f 3486 3488 3293
f 3384 3488 3486
f 3262 3383 3482
f 3383 3220 3480
f 3482 3480 3291
f 3383 3480 3482
f 3293 3490 3487
f 3490 3291 3481
f 3487 3481 3241
f 3490 3481 3487
f 3262 3482 3488
f 3482 3291 3490
f 3488 3490 3293
f 3482 3490 3488
f 3240 3491 3475
f 3491 3294 3493
f 3475 3493 3289
f 3491 3493 3475
f 3294 3492 3495
f 3492 3241 3484
f 3495 3484 3292
f 3492 3484 3495
f 3289 3485 3474
f 3485 3292 3483
f 3474 3483 3226
f 3485 3483 3474
f 3294 3495 3493
f 3495 3292 3485
f 3493 3485 3289
f 3495 3485 3493
f 3231 3486 3476
f 3486 3293 3489
f 3476 3489 3290
f 3486 3489 3476
f 3293 3487 3496
f 3487 3241 3492
f 3496 3492 3294
f 3487 3492 3496
f 3290 3494 3477
f 3494 3294 3491
f 3477 3491 3240
f 3494 3491 3477
f 3293 3496 3489
f 3496 3294 3494
f 3489 3494 3290
f 3496 3494 3489
f 3219 3471 3681
f 3471 3288 3683
f 3681 3683 3339
f 3471 3683 3681
f 3288 3472 3688
f 3472 3240 3686
f 3688 3686 3341
f 3472 3686 3688
f 3339 3689 3682
f 3689 3341 3687
f 3682 3687 3252
f 3689 3687 3682
f 3288 3688 3683
f 3688 3341 3689
f 3683 3689 3339
f 3688 3689 3683
f 3240 3475 3729
f 3475 3289 3731
f 3729 3731 3352
f 3475 3731 3729
f 3289 3474 3723
f 3474 3226 3721
f 3723 3721 3350
f 3474 3721 3723
f 3352 3733 3730
f 3733 3350 3722
f 3730 3722 3255
f 3733 3722 3730
f 3289 3723 3731
f 3723 3350 3733
f 3731 3733 3352
f 3723 3733 3731
f 3252 3739 3685
f 3739 3354 3741
f 3685 3741 3340
f 3739 3741 3685
f 3354 3740 3743
f 3740 3255 3726
f 3743 3726 3351
f 3740 3726 3743
f 3340 3727 3684
f 3727 3351 3725
f 3684 3725 3229
f 3727 3725 3684
f 3354 3743 3741
f 3743 3351 3727
f 3741 3727 3340
f 3743 3727 3741
f 3240 3729 3686
f 3729 3352 3732
f 3686 3732 3341
f 3729 3732 3686
f 3352 3730 3744
f 3730 3255 3740
f 3744 3740 3354
f 3730 3740 3744
f 3341 3742 3687
f 3742 3354 3739
f 3687 3739 3252
f 3742 3739 3687
f 3352 3744 3732
f 3744 3354 3742
f 3732 3742 3341
f 3744 3742 3732
f 3219 3681 3751
f 3681 3339 3754
f 3751 3754 3356
f 3681 3754 3751
f 3339 3682 3763
f 3682 3252 3761
f 3763 3761 3359
f 3682 3761 3763
f 3356 3764 3752
f 3764 3359 3762
f 3752 3762 3256
f 3764 3762 3752
f 3339 3763 3754
f 3763 3359 3764
f 3754 3764 3356
f 3763 3764 3754
f 3252 3685 3839
f 3685 3340 3841
f 3839 3841 3377
f 3685 3841 3839
f 3340 3684 3833
f 3684 3229 3831
f 3833 3831 3375
f 3684 3831 3833
f 3377 3843 3840
f 3843 3375 3832
f 3840 3832 3260
f 3843 3832 3840
f 3340 3833 3841
f 3833 3375 3843
f 3841 3843 3377
f 3833 3843 3841
f 3256 3849 3756
f 3849 3379 3851
f 3756 3851 3357
f 3849 3851 3756
f 3379 3850 3853
f 3850 3260 3836
f 3853 3836 3376
f 3850 3836 3853
f 3357 3837 3755
f 3837 3376 3835
f 3755 3835 3230
f 3837 3835 3755
f 3379 3853 3851
f 3853 3376 3837
f 3851 3837 3357
f 3853 3837 3851
f 3252 3839 3761
f 3839 3377 3842
f 3761 3842 3359
f 3839 3842 3761
f 3377 3840 3854
f 3840 3260 3850
f 3854 3850 3379
f 3840 3850 3854
f 3359 3852 3762
f 3852 3379 3849
f 3762 3849 3256
f 3852 3849 3762
f 3377 3854 3842
f 3854 3379 3852
f 3842 3852 3359
f 3854 3852 3842
f 3220 3424 3571
f 3424 3275 3573
f 3571 3573 3314
f 3424 3573 3571
f 3275 3425 3579
f 3425 3236 3577
f 3579 3577 3316
f 3425 3577 3579
f 3314 3580 3572
f 3580 3316 3578
f 3572 3578 3247
f 3580 3578 3572
f 3275 3579 3573
f 3579 3316 3580
f 3573 3580 3314
f 3579 3580 3573
f 3236 3428 3629
f 3428 3276 3631
f 3629 3631 3329
f 3428 3631 3629
f 3276 3427 3623
f 3427 3224 3621
f 3623 3621 3327
f 3427 3621 3623
f 3329 3633 3630
f 3633 3327 3622
f 3630 3622 3250
f 3633 3622 3630
f 3276 3623 3631
f 3623 3327 3633
f 3631 3633 3329
f 3623 3633 3631
f 3247 3639 3576
f 3639 3331 3641
f 3576 3641 3315
f 3639 3641 3576
f 3331 3640 3643
f 3640 3250 3626
f 3643 3626 3328
f 3640 3626 3643
f 3315 3627 3575
f 3627 3328 3625
f 3575 3625 3228
f 3627 3625 3575
f 3331 3643 3641
f 3643 3328 3627
f 3641 3627 3315
f 3643 3627 3641
f 3236 3629 3577
f 3629 3329 3632
f 3577 3632 3316
f 3629 3632 3577
f 3329 3630 3644
f 3630 3250 3640
f 3644 3640 3331
f 3630 3640 3644
f 3316 3642 3578
f 3642 3331 3639
f 3578 3639 3247
f 3642 3639 3578
f 3329 3644 3632
f 3644 3331 3642
f 3632 3642 3316
f 3644 3642 3632
f 3224 3801 3443
f 3801 3369 3804
f 3443 3804 3280
f 3801 3804 3443
f 3369 3802 3818
f 3802 3259 3815
f 3818 3815 3372
f 3802 3815 3818
f 3280 3816 3444
f 3816 3372 3814
f 3444 3814 3237
f 3816 3814 3444
f 3369 3818 3804
f 3818 3372 3816
f 3804 3816 3280
f 3818 3816 3804
f 3259 3806 3826
f 3806 3370 3829
f 3826 3829 3374
f 3806 3829 3826
f 3370 3805 3808
f 3805 3230 3783
f 3808 3783 3365
f 3805 3783 3808
f 3374 3827 3825
f 3827 3365 3784
f 3825 3784 3258
f 3827 3784 3825
f 3370 3808 3829
f 3808 3365 3827
f 3829 3827 3374
f 3808 3827 3829
f 3237 3791 3442
f 3791 3367 3793
f 3442 3793 3279
f 3791 3793 3442
f 3367 3792 3794
f 3792 3258 3780
f 3794 3780 3364
f 3792 3780 3794
f 3279 3782 3441
f 3782 3364 3779
f 3441 3779 3223
f 3782 3779 3441
f 3367 3794 3793
f 3794 3364 3782
f 3793 3782 3279
f 3794 3782 3793
f 3259 3826 3815
f 3826 3374 3830
f 3815 3830 3372
f 3826 3830 3815
f 3374 3825 3828
f 3825 3258 3792
f 3828 3792 3367
f 3825 3792 3828
f 3372 3817 3814
f 3817 3367 3791
f 3814 3791 3237
f 3817 3791 3814
f 3374 3828 3830
f 3828 3367 3817
f 3830 3817 3372
f 3828 3817 3830
f 3230 3835 3769
f 3835 3376 3838
f 3769 3838 3361
f 3835 3838 3769
f 3376 3836 3859
f 3836 3260 3856
f 3859 3856 3380
f 3836 3856 3859
f 3361 3857 3770
f 3857 3380 3855
f 3770 3855 3257
f 3857 3855 3770
f 3376 3859 3838
f 3859 3380 3857
f 3838 3857 3361
f 3859 3857 3838
f 3260 3832 3845
f 3832 3375 3848
f 3845 3848 3378
f 3832 3848 3845
f 3375 3831 3834
f 3831 3229 3693
f 3834 3693 3343
f 3831 3693 3834
f 3378 3846 3844
f 3846 3343 3694
f 3844 3694 3253
f 3846 3694 3844
f 3375 3834 3848
f 3834 3343 3846
f 3848 3846 3378
f 3834 3846 3848
f 3257 3776 3766
f 3776 3363 3778
f 3766 3778 3360
f 3776 3778 3766
f 3363 3775 3777
f 3775 3253 3691
f 3777 3691 3342
f 3775 3691 3777
f 3360 3768 3765
f 3768 3342 3690
f 3765 3690 3221
f 3768 3690 3765
f 3363 3777 3778
f 3777 3342 3768
f 3778 3768 3360
f 3777 3768 3778
f 3260 3845 3856
f 3845 3378 3860
f 3856 3860 3380
f 3845 3860 3856
f 3378 3844 3847
f 3844 3253 3775
f 3847 3775 3363
f 3844 3775 3847
f 3380 3858 3855
f 3858 3363 3776
f 3855 3776 3257
f 3858 3776 3855
f 3378 3847 3860
f 3847 3363 3858
f 3860 3858 3380
f 3847 3858 3860
f 3229 3725 3703
f 3725 3351 3728
f 3703 3728 3346
f 3725 3728 3703
f 3351 3726 3749
f 3726 3255 3746
f 3749 3746 3355
f 3726 3746 3749
f 3346 3747 3704
f 3747 3355 3745
f 3704 3745 3254
f 3747 3745 3704
f 3351 3749 3728
f 3749 3355 3747
f 3728 3747 3346
f 3749 3747 3728
f 3255 3722 3735
f 3722 3350 3738
f 3735 3738 3353
f 3722 3738 3735
f 3350 3721 3724
f 3721 3226 3499
f 3724 3499 3296
f 3721 3499 3724
f 3353 3736 3734
f 3736 3296 3500
f 3734 3500 3242
f 3736 3500 3734
f 3350 3724 3738
f 3724 3296 3736
f 3738 3736 3353
f 3724 3736 3738
f 3254 3712 3700
f 3712 3348 3714
f 3700 3714 3345
f 3712 3714 3700
f 3348 3711 3713
f 3711 3242 3498
f 3713 3498 3295
f 3711 3498 3713
f 3345 3702 3699
f 3702 3295 3497
f 3699 3497 3225
f 3702 3497 3699
f 3348 3713 3714
f 3713 3295 3702
f 3714 3702 3345
f 3713 3702 3714
f 3255 3735 3746
f 3735 3353 3750
f 3746 3750 3355
f 3735 3750 3746
f 3353 3734 3737
f 3734 3242 3711
f 3737 3711 3348
f 3734 3711 3737
f 3355 3748 3745
f 3748 3348 3712
f 3745 3712 3254
f 3748 3712 3745
f 3353 3737 3750
f 3737 3348 3748
f 3750 3748 3355
f 3737 3748 3750
f 3226 3483 3541
f 3483 3292 3543
f 3541 3543 3308
f 3483 3543 3541
f 3292 3484 3551
f 3484 3241 3549
f 3551 3549 3310
f 3484 3549 3551
f 3308 3553 3542
f 3553 3310 3550
f 3542 3550 3246
f 3553 3550 3542
f 3292 3551 3543
f 3551 3310 3553
f 3543 3553 3308
f 3551 3553 3543
f 3241 3481 3506
f 3481 3291 3508
f 3506 3508 3299
f 3481 3508 3506
f 3291 3480 3503
f 3480 3220 3501
f 3503 3501 3297
f 3480 3501 3503
f 3299 3509 3507
f 3509 3297 3502
f 3507 3502 3243
f 3509 3502 3507
f 3291 3503 3508
f 3503 3297 3509
f 3508 3509 3299
f 3503 3509 3508
f 3246 3560 3546
f 3560 3312 3563
f 3546 3563 3309
f 3560 3563 3546
f 3312 3559 3561
f 3559 3243 3505
f 3561 3505 3298
f 3559 3505 3561
f 3309 3547 3545
f 3547 3298 3504
f 3545 3504 3227
f 3547 3504 3545
f 3312 3561 3563
f 3561 3298 3547
f 3563 3547 3309
f 3561 3547 3563
f 3241 3506 3549
f 3506 3299 3552
f 3549 3552 3310
f 3506 3552 3549
f 3299 3507 3562
f 3507 3243 3559
f 3562 3559 3312
f 3507 3559 3562
f 3310 3564 3550
f 3564 3312 3560
f 3550 3560 3246
f 3564 3560 3550
f 3299 3562 3552
f 3562 3312 3564
f 3552 3564 3310
f 3562 3564 3552
f 3222 3585 3398
f 3585 3318 3587
f 3398 3587 3268
f 3585 3587 3398
f 3318 3586 3594
f 3586 3248 3592
f 3594 3592 3320
f 3586 3592 3594
f 3268 3593 3399
f 3593 3320 3591
f 3399 3591 3234
f 3593 3591 3399
f 3318 3594 3587
f 3594 3320 3593
f 3587 3593 3268
f 3594 3593 3587
f 3248 3590 3615
f 3590 3319 3617
f 3615 3617 3326
f 3590 3617 3615
f 3319 3589 3605
f 3589 3228 3603
f 3605 3603 3323
f 3589 3603 3605
f 3326 3619 3616
f 3619 3323 3604
f 3616 3604 3249
f 3619 3604 3616
f 3319 3605 3617
f 3605 3323 3619
f 3617 3619 3326
f 3605 3619 3617
f 3234 3606 3402
f 3606 3324 3608
f 3402 3608 3269
f 3606 3608 3402
f 3324 3607 3610
f 3607 3249 3600
f 3610 3600 3322
f 3607 3600 3610
f 3269 3601 3401
f 3601 3322 3599
f 3401 3599 3223
f 3601 3599 3401
f 3324 3610 3608
f 3610 3322 3601
f 3608 3601 3269
f 3610 3601 3608
f 3248 3615 3592
f 3615 3326 3618
f 3592 3618 3320
f 3615 3618 3592
f 3326 3616 3620
f 3616 3249 3607
f 3620 3607 3324
f 3616 3607 3620
f 3320 3609 3591
f 3609 3324 3606
f 3591 3606 3234
f 3609 3606 3591
f 3326 3620 3618
f 3620 3324 3609
f 3618 3609 3320
f 3620 3609 3618
f 3222 3398 3387
f 3398 3268 3400
f 3387 3400 3264
f 3398 3400 3387
f 3268 3399 3408
f 3399 3234 3405
f 3408 3405 3270
f 3399 3405 3408
f 3264 3406 3388
f 3406 3270 3404
f 3388 3404 3232
f 3406 3404 3388
f 3268 3408 3400
f 3408 3270 3406
f 3400 3406 3264
f 3408 3406 3400
f 3234 3402 3410
f 3402 3269 3413
f 3410 3413 3271
f 3402 3413 3410
f 3269 3401 3403
f 3401 3223 3392
f 3403 3392 3266
f 3401 3392 3403
f 3271 3411 3409
f 3411 3266 3393
f 3409 3393 3233
f 3411 3393 3409
f 3269 3403 3413
f 3403 3266 3411
f 3413 3411 3271
f 3403 3411 3413
f 3232 3394 3386
f 3394 3267 3396
f 3386 3396 3263
f 3394 3396 3386
f 3267 3395 3397
f 3395 3233 3390
f 3397 3390 3265
f 3395 3390 3397
f 3263 3391 3385
f 3391 3265 3389
f 3385 3389 3221
f 3391 3389 3385
f 3267 3397 3396
f 3397 3265 3391
f 3396 3391 3263
f 3397 3391 3396
f 3234 3410 3405
f 3410 3271 3414
f 3405 3414 3270
f 3410 3414 3405
f 3271 3409 3412
f 3409 3233 3395
f 3412 3395 3267
f 3409 3395 3412
f 3270 3407 3404
f 3407 3267 3394
f 3404 3394 3232
f 3407 3394 3404
f 3271 3412 3414
f 3412 3267 3407
f 3414 3407 3270
f 3412 3407 3414
f 3222 3387 3454
f 3387 3264 3456
f 3454 3456 3284
f 3387 3456 3454
f 3264 3388 3462
f 3388 3232 3460
f 3462 3460 3286
f 3388 3460 3462
f 3284 3464 3455
f 3464 3286 3461
f 3455 3461 3239
f 3464 3461 3455
f 3264 3462 3456
f 3462 3286 3464
f 3456 3464 3284
f 3462 3464 3456
f 3232 3386 3450
f 3386 3263 3452
f 3450 3452 3283
f 3386 3452 3450
f 3263 3385 3447
f 3385 3221 3445
f 3447 3445 3281
f 3385 3445 3447
f 3283 3453 3451
f 3453 3281 3446
f 3451 3446 3238
f 3453 3446 3451
f 3263 3447 3452
f 3447 3281 3453
f 3452 3453 3283
f 3447 3453 3452
f 3239 3466 3458
f 3466 3287 3469
f 3458 3469 3285
f 3466 3469 3458
f 3287 3465 3467
f 3465 3238 3449
f 3467 3449 3282
f 3465 3449 3467
f 3285 3459 3457
f 3459 3282 3448
f 3457 3448 3225
f 3459 3448 3457
f 3287 3467 3469
f 3467 3282 3459
f 3469 3459 3285
f 3467 3459 3469
f 3232 3450 3460
f 3450 3283 3463
f 3460 3463 3286
f 3450 3463 3460
f 3283 3451 3468
f 3451 3238 3465
f 3468 3465 3287
f 3451 3465 3468
f 3286 3470 3461
f 3470 3287 3466
f 3461 3466 3239
f 3470 3466 3461
f 3283 3468 3463
f 3468 3287 3470
f 3463 3470 3286
f 3468 3470 3463
f 3222 3454 3510
f 3454 3284 3512
f 3510 3512 3300
f 3454 3512 3510
f 3284 3455 3517
f 3455 3239 3515
f 3517 3515 3302
f 3455 3515 3517
f 3300 3518 3511
f 3518 3302 3516
f 3511 3516 3244
f 3518 3516 3511
f 3284 3517 3512
f 3517 3302 3518
f 3512 3518 3300
f 3517 3518 3512
f 3239 3458 3526
f 3458 3285 3528
f 3526 3528 3305
f 3458 3528 3526
f 3285 3457 3521
f 3457 3225 3519
f 3521 3519 3303
f 3457 3519 3521
f 3305 3530 3527
f 3530 3303 3520
f 3527 3520 3245
f 3530 3520 3527
f 3285 3521 3528
f 3521 3303 3530
f 3528 3530 3305
f 3521 3530 3528
f 3244 3535 3514
f 3535 3307 3537
f 3514 3537 3301
f 3535 3537 3514
f 3307 3536 3539
f 3536 3245 3524
f 3539 3524 3304
f 3536 3524 3539
f 3301 3525 3513
f 3525 3304 3523
f 3513 3523 3227
f 3525 3523 3513
f 3307 3539 3537
f 3539 3304 3525
f 3537 3525 3301
f 3539 3525 3537
f 3239 3526 3515
f 3526 3305 3529
f 3515 3529 3302
f 3526 3529 3515
f 3305 3527 3540
f 3527 3245 3536
f 3540 3536 3307
f 3527 3536 3540
f 3302 3538 3516
f 3538 3307 3535
f 3516 3535 3244
f 3538 3535 3516
f 3305 3540 3529
f 3540 3307 3538
f 3529 3538 3302
f 3540 3538 3529
f 3222 3510 3585
f 3510 3300 3588
f 3585 3588 3318
f 3510 3588 3585
f 3300 3511 3597
f 3511 3244 3595
f 3597 3595 3321
f 3511 3595 3597
f 3318 3598 3586
f 3598 3321 3596
f 3586 3596 3248
f 3598 3596 3586
f 3300 3597 3588
f 3597 3321 3598
f 3588 3598 3318
f 3597 3598 3588
f 3244 3514 3664
f 3514 3301 3666
f 3664 3666 3336
f 3514 3666 3664
f 3301 3513 3654
f 3513 3227 3651
f 3654 3651 3333
f 3513 3651 3654
f 3336 3668 3665
f 3668 3333 3652
f 3665 3652 3251
f 3668 3652 3665
f 3301 3654 3666
f 3654 3333 3668
f 3666 3668 3336
f 3654 3668 3666
f 3248 3675 3590
f 3675 3338 3677
f 3590 3677 3319
f 3675 3677 3590
f 3338 3676 3679
f 3676 3251 3656
f 3679 3656 3334
f 3676 3656 3679
f 3319 3658 3589
f 3658 3334 3655
f 3589 3655 3228
f 3658 3655 3589
f 3338 3679 3677
f 3679 3334 3658
f 3677 3658 3319
f 3679 3658 3677
f 3244 3664 3595
f 3664 3336 3667
f 3595 3667 3321
f 3664 3667 3595
f 3336 3665 3680
f 3665 3251 3676
f 3680 3676 3338
f 3665 3676 3680
f 3321 3678 3596
f 3678 3338 3675
f 3596 3675 3248
f 3678 3675 3596
f 3336 3680 3667
f 3680 3338 3678
f 3667 3678 3321
f 3680 3678 3667
f 3223 3599 3441
f 3599 3322 3602
f 3441 3602 3279
f 3599 3602 3441
f 3322 3600 3614
f 3600 3249 3612
f 3614 3612 3325
f 3600 3612 3614
f 3279 3613 3442
f 3613 3325 3611
f 3442 3611 3237
f 3613 3611 3442
f 3322 3614 3602
f 3614 3325 3613
f 3602 3613 3279
f 3614 3613 3602
f 3249 3604 3645
f 3604 3323 3647
f 3645 3647 3332
f 3604 3647 3645
f 3323 3603 3628
f 3603 3228 3625
f 3628 3625 3328
f 3603 3625 3628
f 3332 3649 3646
f 3649 3328 3626
f 3646 3626 3250
f 3649 3626 3646
f 3323 3628 3647
f 3628 3328 3649
f 3647 3649 3332
f 3628 3649 3647
f 3237 3634 3444
f 3634 3330 3636
f 3444 3636 3280
f 3634 3636 3444
f 3330 3635 3638
f 3635 3250 3622
f 3638 3622 3327
f 3635 3622 3638
f 3280 3624 3443
f 3624 3327 3621
f 3443 3621 3224
f 3624 3621 3443
f 3330 3638 3636
f 3638 3327 3624
f 3636 3624 3280
f 3638 3624 3636
f 3249 3645 3612
f 3645 3332 3648
f 3612 3648 3325
f 3645 3648 3612
f 3332 3646 3650
f 3646 3250 3635
f 3650 3635 3330
f 3646 3635 3650
f 3325 3637 3611
f 3637 3330 3634
f 3611 3634 3237
f 3637 3634 3611
f 3332 3650 3648
f 3650 3330 3637
f 3648 3637 3325
f 3650 3637 3648
f 3221 3389 3765
f 3389 3265 3767
f 3765 3767 3360
f 3389 3767 3765
f 3265 3390 3773
f 3390 3233 3771
f 3773 3771 3362
f 3390 3771 3773
f 3360 3774 3766
f 3774 3362 3772
f 3766 3772 3257
f 3774 3772 3766
f 3265 3773 3767
f 3773 3362 3774
f 3767 3774 3360
f 3773 3774 3767
f 3233 3393 3786
f 3393 3266 3788
f 3786 3788 3366
f 3393 3788 3786
f 3266 3392 3781
f 3392 3223 3779
f 3781 3779 3364
f 3392 3779 3781
f 3366 3790 3787
f 3790 3364 3780
f 3787 3780 3258
f 3790 3780 3787
f 3266 3781 3788
f 3781 3364 3790
f 3788 3790 3366
f 3781 3790 3788
f 3257 3795 3770
f 3795 3368 3797
f 3770 3797 3361
f 3795 3797 3770
f 3368 3796 3799
f 3796 3258 3784
f 3799 3784 3365
f 3796 3784 3799
f 3361 3785 3769
f 3785 3365 3783
f 3769 3783 3230
f 3785 3783 3769
f 3368 3799 3797
f 3799 3365 3785
f 3797 3785 3361
f 3799 3785 3797
f 3233 3786 3771
f 3786 3366 3789
f 3771 3789 3362
f 3786 3789 3771
f 3366 3787 3800
f 3787 3258 3796
f 3800 3796 3368
f 3787 3796 3800
f 3362 3798 3772
f 3798 3368 3795
f 3772 3795 3257
f 3798 3795 3772
f 3366 3800 3789
f 3800 3368 3798
f 3789 3798 3362
f 3800 3798 3789
f 3225 3448 3699
f 3448 3282 3701
f 3699 3701 3345
f 3448 3701 3699
f 3282 3449 3708
f 3449 3238 3706
f 3708 3706 3347
f 3449 3706 3708
f 3345 3710 3700
f 3710 3347 3707
f 3700 3707 3254
f 3710 3707 3700
f 3282 3708 3701
f 3708 3347 3710
f 3701 3710 3345
f 3708 3710 3701
f 3238 3446 3695
f 3446 3281 3697
f 3695 3697 3344
f 3446 3697 3695
f 3281 3445 3692
f 3445 3221 3690
f 3692 3690 3342
f 3445 3690 3692
f 3344 3698 3696
f 3698 3342 3691
f 3696 3691 3253
f 3698 3691 3696
f 3281 3692 3697
f 3692 3342 3698
f 3697 3698 3344
f 3692 3698 3697
f 3254 3716 3704
f 3716 3349 3719
f 3704 3719 3346
f 3716 3719 3704
f 3349 3715 3717
f 3715 3253 3694
f 3717 3694 3343
f 3715 3694 3717
f 3346 3705 3703
f 3705 3343 3693
f 3703 3693 3229
f 3705 3693 3703
f 3349 3717 3719
f 3717 3343 3705
f 3719 3705 3346
f 3717 3705 3719
f 3238 3695 3706
f 3695 3344 3709
f 3706 3709 3347
f 3695 3709 3706
f 3344 3696 3718
f 3696 3253 3715
f 3718 3715 3349
f 3696 3715 3718
f 3347 3720 3707
f 3720 3349 3716
f 3707 3716 3254
f 3720 3716 3707
f 3344 3718 3709
f 3718 3349 3720
f 3709 3720 3347
f 3718 3720 3709
f 3227 3523 3545
f 3523 3304 3548
f 3545 3548 3309
f 3523 3548 3545
f 3304 3524 3567
f 3524 3245 3565
f 3567 3565 3313
f 3524 3565 3567
f 3309 3569 3546
f 3569 3313 3566
f 3546 3566 3246
f 3569 3566 3546
f 3304 3567 3548
f 3567 3313 3569
f 3548 3569 3309
f 3567 3569 3548
f 3245 3520 3532
f 3520 3303 3534
f 3532 3534 3306
f 3520 3534 3532
f 3303 3519 3522
f 3519 3225 3497
f 3522 3497 3295
f 3519 3497 3522
f 3306 3533 3531
f 3533 3295 3498
f 3531 3498 3242
f 3533 3498 3531
f 3303 3522 3534
f 3522 3295 3533
f 3534 3533 3306
f 3522 3533 3534
f 3246 3555 3542
f 3555 3311 3558
f 3542 3558 3308
f 3555 3558 3542
f 3311 3554 3556
f 3554 3242 3500
f 3556 3500 3296
f 3554 3500 3556
f 3308 3544 3541
f 3544 3296 3499
f 3541 3499 3226
f 3544 3499 3541
f 3311 3556 3558
f 3556 3296 3544
f 3558 3544 3308
f 3556 3544 3558
f 3245 3532 3565
f 3532 3306 3568
f 3565 3568 3313
f 3532 3568 3565
f 3306 3531 3557
f 3531 3242 3554
f 3557 3554 3311
f 3531 3554 3557
f 3313 3570 3566
f 3570 3311 3555
f 3566 3555 3246
f 3570 3555 3566
f 3306 3557 3568
f 3557 3311 3570
f 3568 3570 3313
f 3557 3570 3568
f 3228 3655 3575
f 3655 3334 3657
f 3575 3657 3315
f 3655 3657 3575
f 3334 3656 3673
f 3656 3251 3670
f 3673 3670 3337
f 3656 3670 3673
f 3315 3671 3576
f 3671 3337 3669
f 3576 3669 3247
f 3671 3669 3576
f 3334 3673 3657
f 3673 3337 3671
f 3657 3671 3315
f 3673 3671 3657
f 3251 3652 3660
f 3652 3333 3663
f 3660 3663 3335
f 3652 3663 3660
f 3333 3651 3653
f 3651 3227 3504
f 3653 3504 3298
f 3651 3504 3653
f 3335 3661 3659
f 3661 3298 3505
f 3659 3505 3243
f 3661 3505 3659
f 3333 3653 3663
f 3653 3298 3661
f 3663 3661 3335
f 3653 3661 3663
f 3247 3582 3572
f 3582 3317 3584
f 3572 3584 3314
f 3582 3584 3572
f 3317 3581 3583
f 3581 3243 3502
f 3583 3502 3297
f 3581 3502 3583
f 3314 3574 3571
f 3574 3297 3501
f 3571 3501 3220
f 3574 3501 3571
f 3317 3583 3584
f 3583 3297 3574
f 3584 3574 3314
f 3583 3574 3584
f 3251 3660 3670
f 3660 3335 3674
f 3670 3674 3337
f 3660 3674 3670
f 3335 3659 3662
f 3659 3243 3581
f 3662 3581 3317
f 3659 3581 3662
f 3337 3672 3669
f 3672 3317 3582
f 3669 3582 3247
f 3672 3582 3669
f 3335 3662 3674
f 3662 3317 3672
f 3674 3672 3337
f 3662 3672 3674

